schemaVersion,recordType,source_name,source_url,collectedAt,entityName,employeeCount
1.0,STARTUP,Wikidata,https://about.google/,2026-09-10T04:39:50.773910+00:00,Google,187000
1.0,STARTUP,Wikidata,https://www.intel.com,2026-09-10T04:39:50.784257+00:00,Intel,121100
1.0,STARTUP,Wikidata,https://apple.com.cn/,2026-09-10T04:39:50.787567+00:00,Apple Inc.,164000
1.0,STARTUP,Wikidata,https://apple.com/,2026-09-10T04:39:50.790417+00:00,Apple Inc.,164000
1.0,STARTUP,Wikidata,https://apple.com/ae-ar/,2026-09-10T04:39:50.793240+00:00,Apple Inc.,164000
1.0,STARTUP,Wikidata,https://apple.com/ae/,2026-09-10T04:39:50.795765+00:00,Apple Inc.,164000
1.0,STARTUP,Wikidata,https://apple.com/am/,2026-09-10T04:39:50.798044+00:00,Apple Inc.,164000
1.0,STARTUP,Wikidata,https://apple.com/at/,2026-09-10T04:39:50.800124+00:00,Apple Inc.,164000
1.0,STARTUP,Wikidata,https://apple.com/au/,2026-09-10T04:39:50.802175+00:00,Apple Inc.,164000
1.0,STARTUP,Wikidata,https://apple.com/az/,2026-09-10T04:39:50.804144+00:00,Apple Inc.,164000
1.0,STARTUP,Wikidata,https://apple.com/befr/,2026-09-10T04:39:50.805970+00:00,Apple Inc.,164000
1.0,STARTUP,Wikidata,https://apple.com/benl/,2026-09-10T04:39:50.807795+00:00,Apple Inc.,164000
1.0,STARTUP,Wikidata,https://apple.com/bg/,2026-09-10T04:39:50.809746+00:00,Apple Inc.,164000
1.0,STARTUP,Wikidata,https://apple.com/bh-ar/,2026-09-10T04:39:50.812187+00:00,Apple Inc.,164000
1.0,STARTUP,Wikidata,https://apple.com/bh/,2026-09-10T04:39:50.814156+00:00,Apple Inc.,164000
1.0,STARTUP,Wikidata,https://apple.com/br/,2026-09-10T04:39:50.815992+00:00,Apple Inc.,164000
1.0,STARTUP,Wikidata,https://apple.com/bw/,2026-09-10T04:39:50.817730+00:00,Apple Inc.,164000
1.0,STARTUP,Wikidata,https://apple.com/by/,2026-09-10T04:39:50.819518+00:00,Apple Inc.,164000
1.0,STARTUP,Wikidata,https://apple.com/ca/,2026-09-10T04:39:50.821375+00:00,Apple Inc.,164000
1.0,STARTUP,Wikidata,https://apple.com/ca/fr/,2026-09-10T04:39:50.823314+00:00,Apple Inc.,164000
1.0,STARTUP,Wikidata,http://www.viverso.com/,2026-09-10T04:43:56.631150+00:00,Viverso,
1.0,STARTUP,Wikidata,http://www.millenniumbcp.pt,2026-09-10T04:43:56.644060+00:00,Banco Comercial Português,
1.0,STARTUP,Wikidata,http://www.baldwinpiano.com,2026-09-10T04:43:56.648352+00:00,Baldwin Piano Company,
1.0,STARTUP,Wikidata,https://kmbs.konicaminolta.us/,2026-09-10T04:43:56.651928+00:00,Konica Minolta,36000
1.0,STARTUP,Wikidata,https://www.kyosho.com/,2026-09-10T04:43:56.655475+00:00,Kyosho,
1.0,STARTUP,Wikidata,http://www.tgw-group.com/,2026-09-10T04:43:56.659024+00:00,TGW Logistics Group,2000
1.0,STARTUP,Wikidata,http://www.apachecorp.com,2026-09-10T04:43:56.662038+00:00,APA Corporation,
1.0,STARTUP,Wikidata,https://www.nymex.com,2026-09-10T04:43:56.666245+00:00,New York Mercantile Exchange,
1.0,STARTUP,Wikidata,https://www.finix-comics.de/,2026-09-10T04:43:56.669605+00:00,Finix Comics,
1.0,STARTUP,Wikidata,http://www.agrosuper.cl,2026-09-10T04:43:56.672199+00:00,Agrosuper,
1.0,STARTUP,Wikidata,https://www.riedel.com/,2026-09-10T04:43:56.675345+00:00,Riedel,
1.0,STARTUP,Wikidata,https://www.vodafone.com/,2026-09-10T04:43:56.677651+00:00,Vodafone,96506
1.0,STARTUP,Wikidata,https://www.shochiku.co.jp/,2026-09-10T04:43:56.680621+00:00,Shochiku,
1.0,STARTUP,Wikidata,https://www.shochikufilms.com/,2026-09-10T04:43:56.684564+00:00,Shochiku,
1.0,STARTUP,Wikidata,http://www.vinbud.is/,2026-09-10T04:43:56.687255+00:00,Vínbúð,
1.0,STARTUP,Wikidata,http://www.istithmarworld.com/,2026-09-10T04:43:56.690203+00:00,Istithmar World,
1.0,STARTUP,Wikidata,http://www.coalindia.in/,2026-09-10T04:43:56.693076+00:00,Coal India,
1.0,STARTUP,Wikidata,https://www.anheuser-busch.com/,2026-09-10T04:43:56.695577+00:00,Anheuser-Busch,30849
1.0,STARTUP,Wikidata,https://www.mta.info/lirr/,2026-09-10T04:43:56.697633+00:00,Long Island Rail Road,
1.0,STARTUP,Wikidata,http://www.credicorpnet.com,2026-09-10T04:43:56.700776+00:00,Credicorp,
1.0,STARTUP,Wikidata,http://www.ippe.ru,2026-09-10T04:43:56.703085+00:00,Institute of Physics and Power Engineering JSC,
1.0,STARTUP,Wikidata,http://www.arsedition.de/,2026-09-10T04:43:56.705680+00:00,arsEdition,
1.0,STARTUP,Wikidata,http://www.koerting.de/,2026-09-10T04:43:56.708505+00:00,Körting Hannover,
1.0,STARTUP,Wikidata,http://www.voith.com,2026-09-10T04:43:56.710816+00:00,Voith Group,
1.0,STARTUP,Wikidata,http://www.albemarle.com/,2026-09-10T04:43:56.712669+00:00,Albemarle Corporation,
1.0,STARTUP,Wikidata,https://www.dwfitnessfirst.com,2026-09-10T04:43:56.715501+00:00,Fitness First,
1.0,STARTUP,Wikidata,https://www.mynewsdesk.com/,2026-09-10T04:43:56.718513+00:00,Mynewsdesk,
1.0,STARTUP,Wikidata,https://www.paulaner-gruppe.de,2026-09-10T04:43:56.720869+00:00,Paulaner Brewery,
1.0,STARTUP,Wikidata,https://www.paulaner.de,2026-09-10T04:43:56.723161+00:00,Paulaner Brewery,
1.0,STARTUP,Wikidata,https://www.belk.com/,2026-09-10T04:43:56.725411+00:00,Belk,
1.0,STARTUP,Wikidata,https://www.pixar.com/,2026-09-10T04:43:56.727795+00:00,Pixar,1233
1.0,STARTUP,Wikidata,https://www.levi.com/,2026-09-10T04:43:56.730079+00:00,Levi Strauss & Co.,
1.0,STARTUP,Wikidata,http://www.nhnst.com/,2026-09-10T04:43:56.732608+00:00,NHN Service Technology,
1.0,STARTUP,Wikidata,https://www.ab-inbev.com/,2026-09-10T04:43:56.734853+00:00,Anheuser-Busch InBev,166632
1.0,STARTUP,Wikidata,https://www.amd.com/,2026-09-10T04:43:56.736873+00:00,AMD,15500
1.0,STARTUP,Wikidata,https://www.mtu.de,2026-09-10T04:43:56.738760+00:00,MTU Aero Engines,10313
1.0,STARTUP,Wikidata,https://www.kostal.com/,2026-09-10T04:43:56.741594+00:00,Kostal,
1.0,STARTUP,Wikidata,https://www.scandichotelsgroup.com/,2026-09-10T04:43:56.744025+00:00,Scandic Hotels Group,10003
1.0,STARTUP,Wikidata,http://www.wwe.com/classics/wcw/,2026-09-10T04:43:56.745847+00:00,World Championship Wrestling,150
1.0,STARTUP,Wikidata,https://www.ncl.com/,2026-09-10T04:43:56.747567+00:00,Norwegian Cruise Line,
1.0,STARTUP,Wikidata,http://www.kuazot.ru,2026-09-10T04:43:56.749975+00:00,KuibyshevAzot,5500
1.0,STARTUP,Wikidata,https://www.reuters.com/,2026-09-10T04:43:56.752025+00:00,Reuters,2500
1.0,STARTUP,Wikidata,http://www.clypg.com.cn/,2026-09-10T04:43:56.753910+00:00,Longyuan Power,
1.0,STARTUP,Wikidata,https://tnawrestling.com/,2026-09-10T04:43:56.755946+00:00,Total Nonstop Action Wrestling,
1.0,STARTUP,Wikidata,http://www.schecterguitars.com,2026-09-10T04:43:56.758239+00:00,Schecter Guitar Research,
1.0,STARTUP,Wikidata,https://www.htm.nl/,2026-09-10T04:43:56.760172+00:00,HTM Personenvervoer,
1.0,STARTUP,Wikidata,https://epoch.jp,2026-09-10T04:43:56.761942+00:00,Epoch Co.,
1.0,STARTUP,Wikidata,http://www.cd-adapco.com/,2026-09-10T04:43:56.764017+00:00,CD-adapco,
1.0,STARTUP,Wikidata,https://ccmhockey.com/,2026-09-10T04:43:56.766403+00:00,CCM,
1.0,STARTUP,Wikidata,http://www.amazone.de/,2026-09-10T04:43:56.768492+00:00,Bodenbearbeitungsgerätewerk Leipzig,
1.0,STARTUP,Wikidata,https://www.alexanderbaldwin.com,2026-09-10T04:43:56.770676+00:00,Alexander & Baldwin,
1.0,STARTUP,Wikidata,http://www.alcoa.com,2026-09-10T04:43:56.772842+00:00,Alcoa,61000
1.0,STARTUP,Wikidata,http://www.zag.de,2026-09-10T04:43:56.774996+00:00,ZAG – Zeitarbeits-Gesellschaft,8464
1.0,STARTUP,Wikidata,http://www.zapworld.com/,2026-09-10T04:43:56.776866+00:00,ZAP,
1.0,STARTUP,Wikidata,https://www.zeag-energie.de,2026-09-10T04:43:56.778575+00:00,ZEAG Energie,
1.0,STARTUP,Wikidata,http://www.zemag-zeitz.com/,2026-09-10T04:43:56.780259+00:00,ZEMAG,
1.0,STARTUP,Wikidata,http://zfv.ch/de/unternehmen/,2026-09-10T04:43:56.782538+00:00,Zürcher Frauenverein für alkoholfreie Wirtschaften,
1.0,STARTUP,Wikidata,https://www.cherry.de/,2026-09-10T04:43:56.784618+00:00,Cherry SE,
1.0,STARTUP,Wikidata,http://www.bosch-automotive-steering.com/,2026-09-10T04:43:56.786475+00:00,Robert Bosch Automotive Steering,
1.0,STARTUP,Wikidata,http://www.zf.com/,2026-09-10T04:43:56.788155+00:00,ZF Passau,
1.0,STARTUP,Wikidata,https://apple.com/tn/,2026-09-10T04:43:56.790306+00:00,Apple Inc.,164000
1.0,STARTUP,Wikidata,https://apple.com/tr/,2026-09-10T04:43:56.792340+00:00,Apple Inc.,164000
1.0,STARTUP,Wikidata,https://apple.com/tw/,2026-09-10T04:43:56.794206+00:00,Apple Inc.,164000
1.0,STARTUP,Wikidata,https://apple.com/ua/,2026-09-10T04:43:56.795920+00:00,Apple Inc.,164000
1.0,STARTUP,Wikidata,https://apple.com/ug/,2026-09-10T04:43:56.797663+00:00,Apple Inc.,164000
1.0,STARTUP,Wikidata,https://apple.com/uk/,2026-09-10T04:43:56.800055+00:00,Apple Inc.,164000
1.0,STARTUP,Wikidata,https://apple.com/uz/,2026-09-10T04:43:56.802290+00:00,Apple Inc.,164000
1.0,STARTUP,Wikidata,https://apple.com/vn/,2026-09-10T04:43:56.804187+00:00,Apple Inc.,164000
1.0,STARTUP,Wikidata,https://apple.com/za/,2026-09-10T04:43:56.806003+00:00,Apple Inc.,164000
1.0,STARTUP,Wikidata,https://www.apple.com/tw,2026-09-10T04:43:56.808386+00:00,Apple Inc.,164000
1.0,STARTUP,Wikidata,https://www.meta.com/,2026-09-10T04:43:56.810670+00:00,Meta Platforms,58604
1.0,STARTUP,Wikidata,http://www.toaz.ru/eng/,2026-09-10T04:43:56.812524+00:00,TogliattiAzot,5000
1.0,STARTUP,Wikidata,https://www.nokia.com/,2026-09-10T04:43:56.814305+00:00,Nokia,103083
1.0,STARTUP,Wikidata,https://www.juventus.com,2026-09-10T04:43:56.816716+00:00,Juventus FC,
1.0,STARTUP,Wikidata,https://group.mercedes-benz.com/karriere/ueber-uns/standorte/standort-detailseite-18160.html,2026-09-10T04:43:56.819007+00:00,Mercedes-Benz Mobility Services,
1.0,STARTUP,Wikidata,https://gyldendal.dk,2026-09-10T04:43:56.820870+00:00,Gyldendal,350
1.0,STARTUP,Wikidata,https://www.microsoft.com/,2026-09-10T04:43:56.823066+00:00,Microsoft,228000
1.0,STARTUP,Wikidata,http://info.avtovaz.ru/,2026-09-10T04:43:56.825151+00:00,AvtoVAZ,
1.0,STARTUP,Wikidata,https://airbus.com,2026-09-10T04:43:56.826981+00:00,Airbus,156921
1.0,STARTUP,Wikidata,http://www.homeinstead.com/,2026-09-10T04:43:56.828608+00:00,Home Instead Senior Care,
1.0,STARTUP,Wikidata,https://homeinstead.de/,2026-09-10T04:43:56.830303+00:00,Home Instead Senior Care,
1.0,STARTUP,Wikidata,https://www.sako.global/,2026-09-10T04:43:56.832441+00:00,SAKO,
1.0,STARTUP,Wikidata,https://www.piraeusbank.gr/,2026-09-10T04:43:56.834546+00:00,Piraeus Bank,
1.0,STARTUP,Wikidata,https://www.amazon.com/,2026-09-10T04:43:56.836407+00:00,Amazon,1500000
1.0,STARTUP,Wikidata,https://www.adidas.com/,2026-09-10T04:43:56.838147+00:00,Adidas AG,59030
1.0,STARTUP,Wikidata,https://www.facit.se/,2026-09-10T04:43:56.840390+00:00,Facit catalog,
1.0,STARTUP,Wikidata,https://www.couchsurfing.com,2026-09-10T04:43:56.842938+00:00,CouchSurfing,
1.0,STARTUP,Wikidata,http://ursus.ro/,2026-09-10T04:43:56.844836+00:00,Ursus Breweries,
1.0,STARTUP,Wikidata,http://www.sabmiller.com/,2026-09-10T04:43:56.846566+00:00,SABMiller,70000
1.0,STARTUP,Wikidata,https://yandex.com,2026-09-10T04:43:56.848788+00:00,Yandex,26700
1.0,STARTUP,Wikidata,https://www.hochbahn.de/hochbahn/hamburg/de/,2026-09-10T04:43:56.850865+00:00,Hamburger Hochbahn AG,5300
1.0,STARTUP,Wikidata,http://www.dresdner-porzellan.com/,2026-09-10T04:43:56.852822+00:00,Dresden Porcelain,20
1.0,STARTUP,Wikidata,https://thewaltdisneycompany.com/,2026-09-10T04:43:56.854726+00:00,The Walt Disney Company,201000
1.0,STARTUP,Wikidata,https://www.disney.com/,2026-09-10T04:43:56.856936+00:00,The Walt Disney Company,201000
1.0,STARTUP,Wikidata,https://oaklandish.com/,2026-09-10T04:43:56.859032+00:00,Oaklandish,
1.0,STARTUP,Wikidata,http://www.dna.fi/,2026-09-10T04:43:56.860799+00:00,DNA,1427
1.0,STARTUP,Wikidata,https://www.airbnb.com/,2026-09-10T04:43:57.986314+00:00,Airbnb,5597
1.0,STARTUP,Wikidata,https://www.footlocker-inc.com,2026-09-10T04:43:57.992523+00:00,Foot Locker,
1.0,STARTUP,Wikidata,https://www.westermo.com,2026-09-10T04:43:57.996822+00:00,Westermo,
1.0,STARTUP,Wikidata,http://www.baseballprospectus.com/,2026-09-10T04:43:58.001142+00:00,Baseball Prospectus,
1.0,STARTUP,Wikidata,https://www.hasselblad.com/,2026-09-10T04:43:58.004296+00:00,Hasselblad,200
1.0,STARTUP,Wikidata,http://www.xmos.com,2026-09-10T04:43:58.007223+00:00,XMOS,
1.0,STARTUP,Wikidata,http://www.plansee-group.com/,2026-09-10T04:43:58.010033+00:00,Plansee Group,
1.0,STARTUP,Wikidata,https://www.gallup.com/,2026-09-10T04:43:58.012302+00:00,Gallup,
1.0,STARTUP,Wikidata,http://www.aksteel.com/,2026-09-10T04:43:58.014317+00:00,AK Steel Holding,
1.0,STARTUP,Wikidata,http://www.ussteel.com,2026-09-10T04:43:58.016696+00:00,U.S. Steel,85000
1.0,STARTUP,Wikidata,http://www.wwe.com/shows/ecw,2026-09-10T04:43:58.019192+00:00,Extreme Championship Wrestling,
1.0,STARTUP,Wikidata,http://www.schwinnbikes.com,2026-09-10T04:43:58.021331+00:00,Schwinn Bicycle Company,
1.0,STARTUP,Wikidata,http://www.symrise.com/,2026-09-10T04:43:58.023431+00:00,Symrise,
1.0,STARTUP,Wikidata,http://www.stiebel-eltron.de/,2026-09-10T04:43:58.025621+00:00,Stiebel Eltron,2825
1.0,STARTUP,Wikidata,https://www.stiebel-eltron.fr/,2026-09-10T04:43:58.027597+00:00,Stiebel Eltron,2825
1.0,STARTUP,Wikidata,http://www.kaplaninternational.com/,2026-09-10T04:43:58.029394+00:00,Kaplan International Languages,
1.0,STARTUP,Wikidata,https://www.bsse.sk,2026-09-10T04:43:58.031266+00:00,Bratislava Stock Exchange,
1.0,STARTUP,Wikidata,https://www.grassvalley.jp/,2026-09-10T04:43:58.033577+00:00,Grass Valley K.K.,
1.0,STARTUP,Wikidata,https://www.nordsee.com/,2026-09-10T04:43:58.035847+00:00,Nordsee,6000
1.0,STARTUP,Wikidata,http://en.tnuva.co.il/,2026-09-10T04:43:58.037718+00:00,Tnuva,6630
1.0,STARTUP,Wikidata,https://www.tnuva.co.il/,2026-09-10T04:43:58.039525+00:00,Tnuva,6630
1.0,STARTUP,Wikidata,http://www.foxsports.com,2026-09-10T04:43:58.041723+00:00,Fox Sports,
1.0,STARTUP,Wikidata,https://www.hbc.com,2026-09-10T04:43:58.043616+00:00,Hudson's Bay Company,70000
1.0,STARTUP,Wikidata,https://kingsbay.no,2026-09-10T04:43:58.045385+00:00,Kings Bay,41
1.0,STARTUP,Wikidata,http://1c.ru,2026-09-10T04:43:58.047042+00:00,1C Company,1100
1.0,STARTUP,Wikidata,http://www.lfbank.ly/,2026-09-10T04:43:58.049044+00:00,Libyan Foreign Bank,
1.0,STARTUP,Wikidata,https://amtcoffee.co.uk/,2026-09-10T04:43:58.051232+00:00,AMT Coffee,
1.0,STARTUP,Wikidata,http://www.fptindustrial.com/,2026-09-10T04:43:58.053171+00:00,FPT,
1.0,STARTUP,Wikidata,http://www.atfbank.kz/,2026-09-10T04:43:58.055007+00:00,ATFBank,
1.0,STARTUP,Wikidata,http://www.etimaden.gov.tr,2026-09-10T04:43:58.056814+00:00,Ab Etiproducts Oy,
1.0,STARTUP,Wikidata,https://www.airgas.com/,2026-09-10T04:43:58.058891+00:00,Airgas,17000
1.0,STARTUP,Wikidata,https://www.dnb.no/,2026-09-10T04:43:58.060811+00:00,DNB Bank,9020
1.0,STARTUP,Wikidata,https://www.hp.com/,2026-09-10T04:43:58.062558+00:00,Hewlett-Packard,48000
1.0,STARTUP,Wikidata,http://www.excaliburalmaz.com/,2026-09-10T04:43:58.064358+00:00,Excalibur Almaz,
1.0,STARTUP,Wikidata,http://www.ipzs.it/,2026-09-10T04:43:58.066540+00:00,Istituto Poligrafico e Zecca dello Stato,1833
1.0,STARTUP,Wikidata,https://www.siemens.com/,2026-09-10T04:43:58.068684+00:00,Siemens,320000
1.0,STARTUP,Wikidata,http://www.cambior.com/,2026-09-10T04:43:58.070505+00:00,Cambior,
1.0,STARTUP,Wikidata,http://www.barum-online.com/,2026-09-10T04:43:58.072200+00:00,Continental Barum,4289
1.0,STARTUP,Wikidata,http://www.danskebank.no/,2026-09-10T04:43:58.074284+00:00,Fokus Bank,
1.0,STARTUP,Wikidata,https://www.gm.com/,2026-09-10T04:43:58.076692+00:00,General Motors,164000
1.0,STARTUP,Wikidata,https://arauco.com/europe/?r=1,2026-09-10T04:43:58.078984+00:00,Arauco,
1.0,STARTUP,Wikidata,https://www.pure.com/,2026-09-10T04:43:58.081079+00:00,Pure,
1.0,STARTUP,Wikidata,http://aquaticabyseaworld.com/en/orlando/,2026-09-10T04:43:58.083107+00:00,Aquatica,
1.0,STARTUP,Wikidata,https://stenasessan.se,2026-09-10T04:43:58.085406+00:00,Stena Sphere,
1.0,STARTUP,Wikidata,https://pulawy.grupaazoty.com/en/,2026-09-10T04:43:58.087311+00:00,Zakłady Azotowe Puławy,
1.0,STARTUP,Wikidata,http://www.alkaloid.com.mk,2026-09-10T04:43:58.089164+00:00,Alkaloid,1105
1.0,STARTUP,Wikidata,http://www.aenetworks.com,2026-09-10T04:43:58.091182+00:00,A+E Global Media,
1.0,STARTUP,Wikidata,https://www.desigual.com/,2026-09-10T04:43:58.093130+00:00,Desigual,2700
1.0,STARTUP,Wikidata,https://konzern.oebb.at/,2026-09-10T04:43:58.094989+00:00,Austrian Federal Railways,40265
1.0,STARTUP,Wikidata,https://www.oebb.at/,2026-09-10T04:43:58.096787+00:00,Austrian Federal Railways,40265
1.0,STARTUP,Wikidata,https://www.fsitaliane.it/,2026-09-10T04:43:58.098689+00:00,Ferrovie dello Stato Italiane,
1.0,STARTUP,Wikidata,https://fsnews.it/,2026-09-10T04:43:58.100873+00:00,Ferrovie dello Stato Italiane,
1.0,STARTUP,Wikidata,http://www.dsb.dk,2026-09-10T04:43:58.102868+00:00,DSB,6866
1.0,STARTUP,Wikidata,https://www.vy.no,2026-09-10T04:43:58.104557+00:00,Vy,11484
1.0,STARTUP,Wikidata,https://www.lindenlab.com/,2026-09-10T04:43:58.110158+00:00,Linden Lab,
1.0,STARTUP,Wikidata,http://www.stowa.com/,2026-09-10T04:43:58.112282+00:00,Stowa,
1.0,STARTUP,Wikidata,http://arbitration.kiev.ua,2026-09-10T04:43:58.114173+00:00,Ukrainian Arbitration Association,
1.0,STARTUP,Wikidata,https://www.asrock.com/,2026-09-10T04:43:58.116272+00:00,ASRock,190
1.0,STARTUP,Wikidata,https://www.bharti.com/,2026-09-10T04:43:58.118297+00:00,Bharti Enterprises,
1.0,STARTUP,Wikidata,https://www.barqs.com/,2026-09-10T04:43:58.120246+00:00,Barq's,
1.0,STARTUP,Wikidata,http://www.eckes-granini.com,2026-09-10T04:43:58.122022+00:00,Eckes AG,
1.0,STARTUP,Wikidata,http://www.deltalloyd.com,2026-09-10T04:43:58.123962+00:00,Delta Lloyd Group,
1.0,STARTUP,Wikidata,http://www.arcandor.com/,2026-09-10T04:43:58.125894+00:00,Arcandor,
1.0,STARTUP,Wikidata,https://www.zg-raiffeisen.de,2026-09-10T04:43:58.127641+00:00,ZG Raiffeisen,
1.0,STARTUP,Wikidata,http://www.analytik-jena.de/,2026-09-10T04:43:58.129389+00:00,Analytik Jena,
1.0,STARTUP,Wikidata,http://www.zkw-group.com/,2026-09-10T04:43:58.131126+00:00,ZKW,
1.0,STARTUP,Wikidata,http://cph-group.com/,2026-09-10T04:43:58.133325+00:00,Cph Deutschland,
1.0,STARTUP,Wikidata,https://www.nos.pt/,2026-09-10T04:43:58.135283+00:00,NOS,1909
1.0,STARTUP,Wikidata,https://www.zte.com.cn/,2026-09-10T04:43:58.137091+00:00,ZTE,69093
1.0,STARTUP,Wikidata,https://www.mango.com/,2026-09-10T04:43:58.139032+00:00,Mango,16000
1.0,STARTUP,Wikidata,https://www.hochtief.com/,2026-09-10T04:43:58.140998+00:00,Hochtief,41575
1.0,STARTUP,Wikidata,https://www.hochtief.de/,2026-09-10T04:43:58.142903+00:00,Hochtief,41575
1.0,STARTUP,Wikidata,https://www.mothercareplc.com,2026-09-10T04:43:58.144607+00:00,Mothercare,
1.0,STARTUP,Wikidata,https://www.medion.com/,2026-09-10T04:43:58.146342+00:00,Medion,1007
1.0,STARTUP,Wikidata,http://www.ilfc.com,2026-09-10T04:43:58.148109+00:00,International Lease Finance Corporation,170
1.0,STARTUP,Wikidata,https://www.primark.com/en-gb,2026-09-10T04:43:58.150557+00:00,Primark,78000
1.0,STARTUP,Wikidata,http://www.funke-mediengruppe.de,2026-09-10T04:43:58.152690+00:00,Funke Mediengruppe,
1.0,STARTUP,Wikidata,https://www.sumitomo-chem.co.jp/,2026-09-10T04:43:58.154511+00:00,Sumitomo Chemical,30745
1.0,STARTUP,Wikidata,http://www.worldsurfleague.com/,2026-09-10T04:43:58.156406+00:00,World Surf League,
1.0,STARTUP,Wikidata,https://www.thyssenkrupp.com/,2026-09-10T04:43:58.158353+00:00,thyssenkrupp AG,98120
1.0,STARTUP,Wikidata,https://www.baume-et-mercier.com,2026-09-10T04:43:58.160351+00:00,Baume et Mercier,
1.0,STARTUP,Wikidata,https://www.rwe.com/en/,2026-09-10T04:43:58.162153+00:00,RWE,18246
1.0,STARTUP,Wikidata,https://www.rwe.com/,2026-09-10T04:43:58.163885+00:00,RWE,18246
1.0,STARTUP,Wikidata,http://www.schoeps.de,2026-09-10T04:43:58.166342+00:00,Schoeps,
1.0,STARTUP,Wikidata,http://www.qbe.com/,2026-09-10T04:43:58.168418+00:00,QBE Insurance,14000
1.0,STARTUP,Wikidata,http://www.aperam.com/brazil/ing/home/,2026-09-10T04:43:58.170219+00:00,Aperam South America,
1.0,STARTUP,Wikidata,https://www.jysk.com/,2026-09-10T04:43:58.171965+00:00,Jysk,30000
1.0,STARTUP,Wikidata,http://www.klauser-schuhe.de/,2026-09-10T04:43:58.173698+00:00,Klauser Schuhe,1900
1.0,STARTUP,Wikidata,https://apple.com/cf/,2026-09-10T04:43:58.270488+00:00,Apple Inc.,164000
1.0,STARTUP,Wikidata,https://apple.com/chde/,2026-09-10T04:43:58.276779+00:00,Apple Inc.,164000
1.0,STARTUP,Wikidata,https://apple.com/chfr/,2026-09-10T04:43:58.280661+00:00,Apple Inc.,164000
1.0,STARTUP,Wikidata,https://apple.com/ci/,2026-09-10T04:43:58.284938+00:00,Apple Inc.,164000
1.0,STARTUP,Wikidata,https://apple.com/cl/,2026-09-10T04:43:58.288134+00:00,Apple Inc.,164000
1.0,STARTUP,Wikidata,https://apple.com/cm/,2026-09-10T04:43:58.291206+00:00,Apple Inc.,164000
1.0,STARTUP,Wikidata,https://apple.com/co/,2026-09-10T04:43:58.293883+00:00,Apple Inc.,164000
1.0,STARTUP,Wikidata,https://apple.com/cz/,2026-09-10T04:43:58.296009+00:00,Apple Inc.,164000
1.0,STARTUP,Wikidata,https://apple.com/de/,2026-09-10T04:43:58.298142+00:00,Apple Inc.,164000
1.0,STARTUP,Wikidata,https://apple.com/dk/,2026-09-10T04:43:58.300900+00:00,Apple Inc.,164000
1.0,STARTUP,Wikidata,https://apple.com/ee/,2026-09-10T04:43:58.303285+00:00,Apple Inc.,164000
1.0,STARTUP,Wikidata,https://apple.com/eg-ar/,2026-09-10T04:43:58.305319+00:00,Apple Inc.,164000
1.0,STARTUP,Wikidata,https://apple.com/eg/,2026-09-10T04:43:58.307364+00:00,Apple Inc.,164000
1.0,STARTUP,Wikidata,https://apple.com/es/,2026-09-10T04:43:58.309368+00:00,Apple Inc.,164000
1.0,STARTUP,Wikidata,https://apple.com/fr/,2026-09-10T04:43:58.311324+00:00,Apple Inc.,164000
1.0,STARTUP,Wikidata,https://apple.com/ge/,2026-09-10T04:43:58.313151+00:00,Apple Inc.,164000
1.0,STARTUP,Wikidata,https://apple.com/gn/,2026-09-10T04:43:58.315130+00:00,Apple Inc.,164000
1.0,STARTUP,Wikidata,https://apple.com/gq/,2026-09-10T04:43:58.317500+00:00,Apple Inc.,164000
1.0,STARTUP,Wikidata,https://apple.com/gr/,2026-09-10T04:43:58.319630+00:00,Apple Inc.,164000
1.0,STARTUP,Wikidata,https://apple.com/gw/,2026-09-10T04:43:58.321392+00:00,Apple Inc.,164000
1.0,STARTUP,Wikidata,https://apple.com/hk/,2026-09-10T04:43:58.323146+00:00,Apple Inc.,164000
1.0,STARTUP,Wikidata,https://apple.com/hk/en/,2026-09-10T04:43:58.325301+00:00,Apple Inc.,164000
1.0,STARTUP,Wikidata,https://apple.com/hr/,2026-09-10T04:43:58.327234+00:00,Apple Inc.,164000
1.0,STARTUP,Wikidata,https://apple.com/hu/,2026-09-10T04:43:58.329041+00:00,Apple Inc.,164000
1.0,STARTUP,Wikidata,https://apple.com/id/,2026-09-10T04:43:58.330876+00:00,Apple Inc.,164000
1.0,STARTUP,Wikidata,https://apple.com/ie/,2026-09-10T04:43:58.332952+00:00,Apple Inc.,164000
1.0,STARTUP,Wikidata,https://apple.com/il/,2026-09-10T04:43:58.335046+00:00,Apple Inc.,164000
1.0,STARTUP,Wikidata,https://apple.com/in/,2026-09-10T04:43:58.336931+00:00,Apple Inc.,164000
1.0,STARTUP,Wikidata,https://apple.com/it/,2026-09-10T04:43:58.338729+00:00,Apple Inc.,164000
1.0,STARTUP,Wikidata,https://apple.com/jo-ar/,2026-09-10T04:43:58.340544+00:00,Apple Inc.,164000
1.0,STARTUP,Wikidata,https://apple.com/jo/,2026-09-10T04:43:58.342424+00:00,Apple Inc.,164000
1.0,STARTUP,Wikidata,https://apple.com/jp/,2026-09-10T04:43:58.344294+00:00,Apple Inc.,164000
1.0,STARTUP,Wikidata,https://apple.com/ke/,2026-09-10T04:43:58.345991+00:00,Apple Inc.,164000
1.0,STARTUP,Wikidata,https://apple.com/kg/,2026-09-10T04:43:58.347708+00:00,Apple Inc.,164000
1.0,STARTUP,Wikidata,https://apple.com/kr/,2026-09-10T04:43:58.349946+00:00,Apple Inc.,164000
1.0,STARTUP,Wikidata,https://apple.com/kw-ar/,2026-09-10T04:43:58.351986+00:00,Apple Inc.,164000
1.0,STARTUP,Wikidata,https://apple.com/kw/,2026-09-10T04:43:58.353802+00:00,Apple Inc.,164000
1.0,STARTUP,Wikidata,https://apple.com/kz/,2026-09-10T04:43:58.355524+00:00,Apple Inc.,164000
1.0,STARTUP,Wikidata,https://apple.com/la/,2026-09-10T04:43:58.357515+00:00,Apple Inc.,164000
1.0,STARTUP,Wikidata,https://apple.com/lae/,2026-09-10T04:43:58.359449+00:00,Apple Inc.,164000
1.0,STARTUP,Wikidata,https://apple.com/li/,2026-09-10T04:43:58.361290+00:00,Apple Inc.,164000
1.0,STARTUP,Wikidata,https://apple.com/lt/,2026-09-10T04:43:58.363055+00:00,Apple Inc.,164000
1.0,STARTUP,Wikidata,https://apple.com/lu/,2026-09-10T04:43:58.364693+00:00,Apple Inc.,164000
1.0,STARTUP,Wikidata,https://apple.com/lv/,2026-09-10T04:43:58.366906+00:00,Apple Inc.,164000
1.0,STARTUP,Wikidata,https://apple.com/ma/,2026-09-10T04:43:58.368994+00:00,Apple Inc.,164000
1.0,STARTUP,Wikidata,https://apple.com/md/,2026-09-10T04:43:58.370881+00:00,Apple Inc.,164000
1.0,STARTUP,Wikidata,https://apple.com/me/,2026-09-10T04:43:58.372852+00:00,Apple Inc.,164000
1.0,STARTUP,Wikidata,https://apple.com/mg/,2026-09-10T04:43:58.375212+00:00,Apple Inc.,164000
1.0,STARTUP,Wikidata,https://apple.com/mk/,2026-09-10T04:43:58.377045+00:00,Apple Inc.,164000
1.0,STARTUP,Wikidata,https://apple.com/ml/,2026-09-10T04:43:58.378683+00:00,Apple Inc.,164000
1.0,STARTUP,Wikidata,https://apple.com/mo/,2026-09-10T04:43:58.380365+00:00,Apple Inc.,164000
1.0,STARTUP,Wikidata,https://apple.com/mt/,2026-09-10T04:43:58.382350+00:00,Apple Inc.,164000
1.0,STARTUP,Wikidata,https://apple.com/mu/,2026-09-10T04:43:58.384508+00:00,Apple Inc.,164000
1.0,STARTUP,Wikidata,https://apple.com/mx/,2026-09-10T04:43:58.386389+00:00,Apple Inc.,164000
1.0,STARTUP,Wikidata,https://apple.com/my/,2026-09-10T04:43:58.388154+00:00,Apple Inc.,164000
1.0,STARTUP,Wikidata,https://apple.com/mz/,2026-09-10T04:43:58.390056+00:00,Apple Inc.,164000
1.0,STARTUP,Wikidata,https://apple.com/ne/,2026-09-10T04:43:58.392068+00:00,Apple Inc.,164000
1.0,STARTUP,Wikidata,https://apple.com/ng/,2026-09-10T04:43:58.393816+00:00,Apple Inc.,164000
1.0,STARTUP,Wikidata,https://apple.com/nl/,2026-09-10T04:43:58.395519+00:00,Apple Inc.,164000
1.0,STARTUP,Wikidata,https://apple.com/no/,2026-09-10T04:43:58.397341+00:00,Apple Inc.,164000
1.0,STARTUP,Wikidata,https://apple.com/nz/,2026-09-10T04:43:58.399064+00:00,Apple Inc.,164000
1.0,STARTUP,Wikidata,https://apple.com/om-ar/,2026-09-10T04:43:58.401321+00:00,Apple Inc.,164000
1.0,STARTUP,Wikidata,https://apple.com/om/,2026-09-10T04:43:58.403363+00:00,Apple Inc.,164000
1.0,STARTUP,Wikidata,https://apple.com/ph/,2026-09-10T04:43:58.405122+00:00,Apple Inc.,164000
1.0,STARTUP,Wikidata,https://apple.com/pl/,2026-09-10T04:43:58.406973+00:00,Apple Inc.,164000
1.0,STARTUP,Wikidata,https://apple.com/pt/,2026-09-10T04:43:58.409017+00:00,Apple Inc.,164000
1.0,STARTUP,Wikidata,https://apple.com/qa-ar/,2026-09-10T04:43:58.410807+00:00,Apple Inc.,164000
1.0,STARTUP,Wikidata,https://apple.com/qa/,2026-09-10T04:43:58.412588+00:00,Apple Inc.,164000
1.0,STARTUP,Wikidata,https://apple.com/ro/,2026-09-10T04:43:58.414405+00:00,Apple Inc.,164000
1.0,STARTUP,Wikidata,https://apple.com/ru/,2026-09-10T04:43:58.416248+00:00,Apple Inc.,164000
1.0,STARTUP,Wikidata,https://apple.com/sa-ar/,2026-09-10T04:43:58.418553+00:00,Apple Inc.,164000
1.0,STARTUP,Wikidata,https://apple.com/sa/,2026-09-10T04:43:58.420366+00:00,Apple Inc.,164000
1.0,STARTUP,Wikidata,https://apple.com/se/,2026-09-10T04:43:58.422124+00:00,Apple Inc.,164000
1.0,STARTUP,Wikidata,https://apple.com/sg/,2026-09-10T04:43:58.424056+00:00,Apple Inc.,164000
1.0,STARTUP,Wikidata,https://apple.com/si/,2026-09-10T04:43:58.425956+00:00,Apple Inc.,164000
1.0,STARTUP,Wikidata,https://apple.com/sk/,2026-09-10T04:43:58.427727+00:00,Apple Inc.,164000
1.0,STARTUP,Wikidata,https://apple.com/sn/,2026-09-10T04:43:58.429508+00:00,Apple Inc.,164000
1.0,STARTUP,Wikidata,https://apple.com/th/,2026-09-10T04:43:58.431208+00:00,Apple Inc.,164000
1.0,STARTUP,Wikidata,https://apple.com/tj/,2026-09-10T04:43:58.433413+00:00,Apple Inc.,164000
1.0,STARTUP,Wikidata,https://apple.com/tm/,2026-09-10T04:43:58.435517+00:00,Apple Inc.,164000
1.0,STARTUP,Wikidata,https://www.skoda-auto.com/,2026-09-10T04:43:58.437410+00:00,Škoda Auto,34006
1.0,STARTUP,Wikidata,https://www.isuzu.co.jp/world/,2026-09-10T04:43:58.439169+00:00,Isuzu,8111
1.0,STARTUP,Wikidata,https://www.cagewarriors.com/,2026-09-10T04:43:58.441044+00:00,Cage Warriors,
1.0,STARTUP,Wikidata,https://www.jeep.com/,2026-09-10T04:43:58.442841+00:00,Jeep,
1.0,STARTUP,Wikidata,https://www.kaipan.cz/,2026-09-10T04:43:58.444588+00:00,Kaipan,
1.0,STARTUP,Wikidata,https://kamaz.ru/,2026-09-10T04:43:58.446305+00:00,Kamaz,
1.0,STARTUP,Wikidata,https://kamaz.ru/en/,2026-09-10T04:43:58.448016+00:00,Kamaz,
1.0,STARTUP,Wikidata,https://www.dell.com/,2026-09-10T04:43:58.450164+00:00,Dell,165000
1.0,STARTUP,Wikidata,http://www.ge-energy.com,2026-09-10T04:43:58.452205+00:00,GE Energy,
1.0,STARTUP,Wikidata,http://www.oddlotentertainment.com/Ent/About/About.asp,2026-09-10T04:43:58.454099+00:00,MWM Studios,
1.0,STARTUP,Wikidata,https://www.virginatlantic.com/,2026-09-10T04:43:58.455899+00:00,Virgin Atlantic,8875
1.0,STARTUP,Wikidata,https://www.mplcommunications.com,2026-09-10T04:43:58.457881+00:00,MPL Communications,
1.0,STARTUP,Wikidata,https://www.sgbd-deutschland.de/,2026-09-10T04:43:58.459878+00:00,Saint-Gobain Building Distribution Germany,5500
1.0,STARTUP,Wikidata,https://www.liteon.com,2026-09-10T04:43:58.461691+00:00,Lite-On Technology,
1.0,STARTUP,Wikidata,http://www.karosa.cz,2026-09-10T04:43:58.463384+00:00,Karosa,
1.0,STARTUP,Wikidata,https://www.wwe.com/,2026-09-10T04:43:58.465325+00:00,WWE,
1.0,STARTUP,Wikidata,https://kia.com,2026-09-10T04:43:58.467513+00:00,Kia,
1.0,STARTUP,Wikidata,https://www.att.com,2026-09-10T04:43:58.469505+00:00,AT&T,202600
1.0,STARTUP,Wikidata,https://koenigsegg.com,2026-09-10T04:43:58.471250+00:00,Koenigsegg,400
1.0,STARTUP,Wikidata,https://www.lamborghini.com/en-en,2026-09-10T04:43:58.473050+00:00,Lamborghini,1779
1.0,STARTUP,Wikidata,https://www.rinfra.com/,2026-09-10T04:43:59.077413+00:00,Reliance Infrastructure,8988
1.0,STARTUP,Wikidata,http://abf.co.uk,2026-09-10T04:43:59.083731+00:00,Associated British Foods,102000
1.0,STARTUP,Wikidata,https://lines.coscoshipping.com/home/,2026-09-10T04:43:59.087560+00:00,"China Ocean Shipping Co., Ltd.",
1.0,STARTUP,Wikidata,https://www.atomic.com/,2026-09-10T04:43:59.090433+00:00,Atomic Skis,600
1.0,STARTUP,Wikidata,http://www.namwater.com.na,2026-09-10T04:43:59.093388+00:00,NamWater,
1.0,STARTUP,Wikidata,https://www.carphonewarehouse.com/,2026-09-10T04:43:59.095809+00:00,Carphone Warehouse,
1.0,STARTUP,Wikidata,https://www.lancia.com/,2026-09-10T04:43:59.101907+00:00,Lancia,
1.0,STARTUP,Wikidata,http://www.liaz.cz/,2026-09-10T04:43:59.104542+00:00,LIAZ,3390
1.0,STARTUP,Wikidata,https://www.maserati.com/,2026-09-10T04:43:59.106873+00:00,Maserati,
1.0,STARTUP,Wikidata,https://www.mercedes-benz.com/en/,2026-09-10T04:43:59.109044+00:00,Mercedes-Benz,
1.0,STARTUP,Wikidata,https://www.ibm.com/,2026-09-10T04:43:59.111041+00:00,IBM,352600
1.0,STARTUP,Wikidata,http://www-05.ibm.com/employment/fr,2026-09-10T04:43:59.112943+00:00,IBM Global Services,
1.0,STARTUP,Wikidata,https://www.mcdonalds.com,2026-09-10T04:43:59.114807+00:00,McDonald's,200000
1.0,STARTUP,Wikidata,http://www.agnico-eagle.com/,2026-09-10T04:43:59.117335+00:00,Agnico Eagle Mines,
1.0,STARTUP,Wikidata,https://www.pnc.com/,2026-09-10T04:43:59.122443+00:00,PNC Financial Services,52906
1.0,STARTUP,Wikidata,http://www.atmosphere-vfx.com,2026-09-10T04:44:00.891640+00:00,Atmosphere Visual Effects,
1.0,STARTUP,Wikidata,http://www.image-engine.com,2026-09-10T04:44:00.894893+00:00,Image Engine,
1.0,STARTUP,Wikidata,http://www.panam.org,2026-09-10T04:44:00.897257+00:00,Pan Am,
1.0,STARTUP,Wikidata,https://www.iairgroup.com,2026-09-10T04:44:00.905877+00:00,International Airlines Group,71000
1.0,STARTUP,Wikidata,https://www.oneworld.com/,2026-09-10T04:44:00.908688+00:00,Oneworld,
1.0,STARTUP,Wikidata,http://www.boeing.com/commercial,2026-09-10T04:44:00.912697+00:00,Boeing Commercial Airplanes,
1.0,STARTUP,Wikidata,https://www.telekom.com/,2026-09-10T04:44:00.932038+00:00,Deutsche Telekom,199652
1.0,STARTUP,Wikidata,https://www.basf.com,2026-09-10T04:44:00.934864+00:00,BASF,111991
1.0,STARTUP,Wikidata,https://www.arri.com/en,2026-09-10T04:44:00.937435+00:00,Arri,1161
1.0,STARTUP,Wikidata,https://www.panavision.com,2026-09-10T04:44:00.939666+00:00,Panavision,1200
1.0,STARTUP,Wikidata,https://en-gb.panavision.com,2026-09-10T04:44:00.941931+00:00,Panavision,1200
1.0,STARTUP,Wikidata,https://fr.panavision.com,2026-09-10T04:44:00.943884+00:00,Panavision,1200
1.0,STARTUP,Wikidata,https://cs.panavision.com,2026-09-10T04:44:00.945772+00:00,Panavision,1200
1.0,STARTUP,Wikidata,https://www.vmware.com/,2026-09-10T04:44:00.947738+00:00,VMware,24200
1.0,STARTUP,Wikidata,https://www.adobe.com/,2026-09-10T04:44:00.950002+00:00,Adobe,25988
1.0,STARTUP,Wikidata,http://www.starobrno.com,2026-09-10T04:44:00.952033+00:00,Starobrno Brewery,
1.0,STARTUP,Wikidata,https://www.starobrno.cz,2026-09-10T04:44:00.953919+00:00,Starobrno Brewery,
1.0,STARTUP,Wikidata,http://www.nyx.com/,2026-09-10T04:44:00.955651+00:00,NYSE Euronext Liffe,
1.0,STARTUP,Wikidata,http://www.roomtoread.org,2026-09-10T04:44:00.957477+00:00,Room to Read,
1.0,STARTUP,Wikidata,https://www.bloomberg.com/,2026-09-10T04:44:00.959366+00:00,Bloomberg L.P.,20000
1.0,STARTUP,Wikidata,https://www.sun.com/,2026-09-10T04:44:00.961171+00:00,Sun Microsystems,34600
1.0,STARTUP,Wikidata,https://www.baidu.com/,2026-09-10T04:44:00.962888+00:00,Baidu,31000
1.0,STARTUP,Wikidata,https://www.lenovo.com/,2026-09-10T04:44:00.964588+00:00,Lenovo,77000
1.0,STARTUP,Wikidata,http://www.hutchison-whampoa.com/,2026-09-10T04:44:00.966681+00:00,Hutchison Whampoa,
1.0,STARTUP,Wikidata,https://www.lonelyplanet.com/,2026-09-10T04:44:00.968836+00:00,Lonely Planet,400
1.0,STARTUP,Wikidata,https://www.maersk.com/,2026-09-10T04:44:00.970671+00:00,Maersk,80220
1.0,STARTUP,Wikidata,https://www.mlssoccer.com,2026-09-10T04:44:00.972450+00:00,Major League Soccer,
1.0,STARTUP,Wikidata,http://www.dsgiplc.com/,2026-09-10T04:44:00.974378+00:00,Dixons Retail,38000
1.0,STARTUP,Wikidata,https://www.oracle.com/,2026-09-10T04:44:00.976239+00:00,Oracle Corporation,162000
1.0,STARTUP,Wikidata,https://samsung.com/,2026-09-10T04:44:00.978042+00:00,Samsung Electronics,109541
1.0,STARTUP,Wikidata,https://www.samsungsales.co.kr,2026-09-10T04:44:00.979756+00:00,Samsung Electronics,109541
1.0,STARTUP,Wikidata,https://bitly.com/,2026-09-10T04:44:00.981524+00:00,Bitly,
1.0,STARTUP,Wikidata,https://www.audi.co.za/,2026-09-10T04:44:00.983720+00:00,Audi AG,84435
1.0,STARTUP,Wikidata,https://www.audi.com,2026-09-10T04:44:00.985812+00:00,Audi AG,84435
1.0,STARTUP,Wikidata,https://www.audi.de/,2026-09-10T04:44:00.987728+00:00,Audi AG,84435
1.0,STARTUP,Wikidata,https://www.audi.fr/,2026-09-10T04:44:00.989576+00:00,Audi AG,84435
1.0,STARTUP,Wikidata,http://www.klk.com.my/,2026-09-10T04:44:00.991523+00:00,Kuala Lumpur Kepong Berhad,
1.0,STARTUP,Wikidata,https://www.embratel.com.br/,2026-09-10T04:44:00.993441+00:00,Star One,
1.0,STARTUP,Wikidata,https://www.swingline.com/,2026-09-10T04:44:00.995320+00:00,Swingline,
1.0,STARTUP,Wikidata,http://www.amg.com/,2026-09-10T04:44:00.997142+00:00,Affiliated Managers Group,
1.0,STARTUP,Wikidata,https://www.aglresources.com/,2026-09-10T04:44:00.999191+00:00,AGL Resources,
1.0,STARTUP,Wikidata,https://memorex.com,2026-09-10T04:44:01.001373+00:00,Memorex,
1.0,STARTUP,Wikidata,http://www.hopson.com.cn/,2026-09-10T04:44:01.003261+00:00,Hopson Development,7001
1.0,STARTUP,Wikidata,https://www.aetna.com/,2026-09-10T04:44:01.005089+00:00,Aetna,47950
1.0,STARTUP,Wikidata,https://www.uniqlo.com/,2026-09-10T04:44:01.006953+00:00,Uniqlo,20853
1.0,STARTUP,Wikidata,https://www.abchina.com,2026-09-10T04:44:01.009074+00:00,Agricultural Bank of China,503082
1.0,STARTUP,Wikidata,https://www.aflac.com,2026-09-10T04:44:01.010909+00:00,Aflac,12003
1.0,STARTUP,Wikidata,https://www.icbc.com.cn,2026-09-10T04:44:01.012724+00:00,Industrial and Commercial Bank of China,439787
1.0,STARTUP,Wikidata,https://www.icbc.com.cn/ICBC/en/,2026-09-10T04:44:01.014575+00:00,Industrial and Commercial Bank of China,439787
1.0,STARTUP,Wikidata,https://www.outokumpu.com,2026-09-10T04:44:01.016745+00:00,Outokumpu,
1.0,STARTUP,Wikidata,https://www.abarth.com/,2026-09-10T04:44:01.018728+00:00,Abarth,
1.0,STARTUP,Wikidata,https://www.alfaromeo.com/,2026-09-10T04:44:01.020608+00:00,Alfa Romeo,
1.0,STARTUP,Wikidata,http://www.mercedes-amg.com/,2026-09-10T04:44:01.022347+00:00,Mercedes-AMG,1500
1.0,STARTUP,Wikidata,http://www.infosys.com/jp,2026-09-10T04:44:01.024316+00:00,Infosys limited,200364
1.0,STARTUP,Wikidata,https://www.infosys.com/,2026-09-10T04:44:01.026261+00:00,Infosys limited,200364
1.0,STARTUP,Wikidata,http://www.gogoair.com/,2026-09-10T04:44:01.028072+00:00,Gogo Inflight Internet,
1.0,STARTUP,Wikidata,https://www.astonmartinlagonda.com/,2026-09-10T04:44:01.029898+00:00,Aston Martin Lagonda,3000
1.0,STARTUP,Wikidata,http://www.avia.cz/,2026-09-10T04:44:01.031860+00:00,Avia,
1.0,STARTUP,Wikidata,http://anidong.com/,2026-09-10T04:44:01.034166+00:00,Dong Woo Animation,
1.0,STARTUP,Wikidata,https://www.sglcarbon.com/,2026-09-10T04:44:01.983620+00:00,SGL Carbon SE,4193
1.0,STARTUP,Wikidata,https://www.ibanez.com/,2026-09-10T04:44:01.989965+00:00,Ibanez,
1.0,STARTUP,Wikidata,http://www.westfalia-separator.com/de/start.html,2026-09-10T04:44:01.994186+00:00,GEA Westfalia Separator,
1.0,STARTUP,Wikidata,http://www.maurer-soehne.com/,2026-09-10T04:44:01.998128+00:00,Maurer Söhne,484
1.0,STARTUP,Wikidata,http://www.haniel.com,2026-09-10T04:44:02.001465+00:00,Franz Haniel & Cie.,20295
1.0,STARTUP,Wikidata,http://www.pioneerinvestments.com/,2026-09-10T04:44:02.005097+00:00,Pioneer Investments,
1.0,STARTUP,Wikidata,https://www.semikron-danfoss.com/,2026-09-10T04:44:02.007948+00:00,Semikron,3000
1.0,STARTUP,Wikidata,http://www.trilux.com,2026-09-10T04:44:02.010483+00:00,Trilux,
1.0,STARTUP,Wikidata,http://www.abieta.de/,2026-09-10T04:44:02.012676+00:00,Abieta Chemie,
1.0,STARTUP,Wikidata,http://www.sew-eurodrive.de/,2026-09-10T04:44:02.014772+00:00,SEW Eurodrive,
1.0,STARTUP,Wikidata,http://www.neptunwerft.de,2026-09-10T04:44:02.016996+00:00,Neptun Werft,
1.0,STARTUP,Wikidata,https://www.northernandshell.co.uk/,2026-09-10T04:44:02.019499+00:00,Northern & Shell,
1.0,STARTUP,Wikidata,http://www.eheim.com/,2026-09-10T04:44:02.021702+00:00,Eheim,
1.0,STARTUP,Wikidata,https://www.pascha.de/,2026-09-10T04:44:02.023799+00:00,Pascha,
1.0,STARTUP,Wikidata,https://web.archive.org/web/19990208003956/http://daewoo.com,2026-09-10T04:44:02.025953+00:00,Daewoo,320000
1.0,STARTUP,Wikidata,https://www.koerber.com,2026-09-10T04:44:02.027905+00:00,Körber,
1.0,STARTUP,Wikidata,http://www.bbs.bilfinger.com,2026-09-10T04:44:02.029809+00:00,Babcock Borsig Service,
1.0,STARTUP,Wikidata,http://www.eaton.de,2026-09-10T04:44:02.032107+00:00,Eaton Industries,8600
1.0,STARTUP,Wikidata,http://www.moeller.net,2026-09-10T04:44:02.034205+00:00,Eaton Industries,8600
1.0,STARTUP,Wikidata,https://www.vaude.com,2026-09-10T04:44:02.036481+00:00,VAUDE,1600
1.0,STARTUP,Wikidata,http://www.level3.com,2026-09-10T04:44:02.038424+00:00,Level 3 Communications,
1.0,STARTUP,Wikidata,http://www.kloeckner.com/en/,2026-09-10T04:44:02.040229+00:00,Klöckner & Co SE,
1.0,STARTUP,Wikidata,https://www.ableton.com/,2026-09-10T04:44:02.042313+00:00,Ableton,
1.0,STARTUP,Wikidata,http://united-internet.de/,2026-09-10T04:44:02.044209+00:00,United Internet,
1.0,STARTUP,Wikidata,http://www.united-internet.com,2026-09-10T04:44:02.045993+00:00,United Internet,
1.0,STARTUP,Wikidata,https://www.seiko.co.jp/,2026-09-10T04:44:02.047826+00:00,Seiko,
1.0,STARTUP,Wikidata,http://www.mbda-deutschland.de/,2026-09-10T04:44:02.049758+00:00,MBDA Deutschland GmbH,
1.0,STARTUP,Wikidata,https://www.metzeler.com,2026-09-10T04:44:02.051904+00:00,Metzeler,
1.0,STARTUP,Wikidata,https://www.nokia.com/networks/,2026-09-10T04:44:02.054009+00:00,Nokia Networks,
1.0,STARTUP,Wikidata,https://www.staubli.com/,2026-09-10T04:44:02.055746+00:00,Stäubli,
1.0,STARTUP,Wikidata,https://www.garantibbva.com.tr/,2026-09-10T04:44:02.057734+00:00,Garanti BBVA,209
1.0,STARTUP,Wikidata,http://www.deuter.com/,2026-09-10T04:44:02.059586+00:00,Deuter Sport,86
1.0,STARTUP,Wikidata,https://aviationcargo.dhl.com/,2026-09-10T04:44:02.061428+00:00,DHL Aviation,
1.0,STARTUP,Wikidata,https://www.pilz.com,2026-09-10T04:44:02.063182+00:00,Pilz,
1.0,STARTUP,Wikidata,http://www.sektenmuzik.net/,2026-09-10T04:44:02.064949+00:00,Sektenmuzik,
1.0,STARTUP,Wikidata,https://www.dywidag-systems.fr/,2026-09-10T04:44:02.066851+00:00,DYWIDAG Systems International,
1.0,STARTUP,Wikidata,http://www.sauter-pianos.de/de,2026-09-10T04:44:02.069092+00:00,Carl Sauter Pianofortemanufaktur,
1.0,STARTUP,Wikidata,http://www.wackerneuson.com,2026-09-10T04:44:02.071010+00:00,Wacker Neuson SE,
1.0,STARTUP,Wikidata,https://www.haba.de/,2026-09-10T04:44:02.072808+00:00,Habermaass,1900
1.0,STARTUP,Wikidata,http://www.silverfast.com/show/lasersoftimaging/en.html,2026-09-10T04:44:02.074894+00:00,LaserSoft Imaging,
1.0,STARTUP,Wikidata,https://volkswind.de,2026-09-10T04:44:02.076802+00:00,Volkswind,
1.0,STARTUP,Wikidata,https://www.hays.com,2026-09-10T04:44:02.078660+00:00,Hays plc,
1.0,STARTUP,Wikidata,http://www.harsco-i.de/,2026-09-10T04:44:02.080370+00:00,Harsco Infrastructure Deutschland GmbH,
1.0,STARTUP,Wikidata,https://benelli.it/,2026-09-10T04:44:02.082300+00:00,Benelli Armi,
1.0,STARTUP,Wikidata,http://www.motoman.com/,2026-09-10T04:44:02.085143+00:00,Motoman,
1.0,STARTUP,Wikidata,https://severin.com,2026-09-10T04:44:02.087602+00:00,Severin Elektro,
1.0,STARTUP,Wikidata,https://www.severin.se,2026-09-10T04:44:02.089886+00:00,Severin Elektro,
1.0,STARTUP,Wikidata,http://www.glendimplex.com/,2026-09-10T04:44:02.092082+00:00,Glen Dimplex,
1.0,STARTUP,Wikidata,https://www.compaq.com/,2026-09-10T04:44:02.093874+00:00,Compaq,
1.0,STARTUP,Wikidata,http://www.ingrammicro.com/,2026-09-10T04:44:02.095652+00:00,Ingram Micro,
1.0,STARTUP,Wikidata,https://www-omegle.com,2026-09-10T04:44:02.097427+00:00,Omegle,
1.0,STARTUP,Wikidata,https://variahairstudio.com/,2026-09-10T04:44:02.099284+00:00,Toni & Guy,
1.0,STARTUP,Wikidata,http://www.magnussoft.com/,2026-09-10T04:44:02.101448+00:00,magnussoft,
1.0,STARTUP,Wikidata,http://de.transcend-info.com,2026-09-10T04:44:02.103380+00:00,Transcend Information,
1.0,STARTUP,Wikidata,https://fr.transcend-info.com/,2026-09-10T04:44:02.105163+00:00,Transcend Information,
1.0,STARTUP,Wikidata,https://us.transcend-info.com/,2026-09-10T04:44:02.106966+00:00,Transcend Information,
1.0,STARTUP,Wikidata,http://www.dowcorning.com/,2026-09-10T04:44:02.109063+00:00,Dow Corning,
1.0,STARTUP,Wikidata,https://www.phonehouse.es/,2026-09-10T04:44:02.110949+00:00,Phone House,
1.0,STARTUP,Wikidata,https://www.lineadirecta.com,2026-09-10T04:44:02.112842+00:00,Línea Directa Aseguradora,
1.0,STARTUP,Wikidata,http://www.sbp.de,2026-09-10T04:44:02.114582+00:00,Schlaich Bergermann Partner,
1.0,STARTUP,Wikidata,http://www.chronoswiss.com/,2026-09-10T04:44:02.116455+00:00,Chronoswiss,
1.0,STARTUP,Wikidata,http://www.telefunken.com/,2026-09-10T04:44:02.118624+00:00,Telefunken,
1.0,STARTUP,Wikidata,https://www.acmemarkets.com/,2026-09-10T04:44:02.120594+00:00,Acme Markets,
1.0,STARTUP,Wikidata,https://duro-dakovic.com/,2026-09-10T04:44:02.122351+00:00,Đuro Đaković,992
1.0,STARTUP,Wikidata,https://duro-dakovic.com/en/,2026-09-10T04:44:02.124361+00:00,Đuro Đaković,992
1.0,STARTUP,Wikidata,http://www.acorncomputers.com/,2026-09-10T04:44:02.126328+00:00,Acorn Computers,
1.0,STARTUP,Wikidata,https://www.acronis.com/,2026-09-10T04:44:02.128201+00:00,Acronis,2000
1.0,STARTUP,Wikidata,http://www.romi.com/,2026-09-10T04:44:02.129970+00:00,ROMI S.A.,
1.0,STARTUP,Wikidata,http://www.actavis.com/,2026-09-10T04:44:02.131836+00:00,Actavis,
1.0,STARTUP,Wikidata,http://www.also.de/,2026-09-10T04:44:02.133774+00:00,Actebis,
1.0,STARTUP,Wikidata,http://www.actelion.com/,2026-09-10T04:44:02.135918+00:00,Actelion,
1.0,STARTUP,Wikidata,http://www.activepower.com/,2026-09-10T04:44:02.137788+00:00,Active Power,
1.0,STARTUP,Wikidata,https://www.activisionblizzard.com/,2026-09-10T04:44:02.139826+00:00,Activision Blizzard,9000
1.0,STARTUP,Wikidata,http://www.actual.at/unternehmen/,2026-09-10T04:44:02.141869+00:00,Actual,390
1.0,STARTUP,Wikidata,http://www.acushnet.com/,2026-09-10T04:44:02.143713+00:00,Acushnet Company,
1.0,STARTUP,Wikidata,http://www.acxiom.com/,2026-09-10T04:44:02.145469+00:00,Acxiom,
1.0,STARTUP,Wikidata,http://www.adpepper.com/,2026-09-10T04:44:02.147166+00:00,Ad pepper media,
1.0,STARTUP,Wikidata,http://www.adamaircraft.com/,2026-09-10T04:44:02.152506+00:00,Adam Aircraft Industries,
1.0,STARTUP,Wikidata,https://www.hachette.fr/,2026-09-10T04:44:02.154716+00:00,Hachette,
1.0,STARTUP,Wikidata,http://www.hachette.com,2026-09-10T04:44:02.156629+00:00,Hachette,
1.0,STARTUP,Wikidata,http://www.adammotor.com/,2026-09-10T04:44:02.158746+00:00,Adam Motor Company,
1.0,STARTUP,Wikidata,http://www.thorens.com/,2026-09-10T04:44:02.160538+00:00,Thorens,
1.0,STARTUP,Wikidata,http://www.adaptec.com,2026-09-10T04:44:02.162404+00:00,Adaptec,1470
1.0,STARTUP,Wikidata,https://www.adata.com/,2026-09-10T04:44:02.164256+00:00,ADATA,
1.0,STARTUP,Wikidata,http://www.addthis.com/,2026-09-10T04:44:02.166152+00:00,AddThis,
1.0,STARTUP,Wikidata,https://www.gmx.com/,2026-09-10T04:44:02.168387+00:00,GMX,
1.0,STARTUP,Wikidata,https://www.gmx.es/,2026-09-10T04:44:02.170353+00:00,GMX,
1.0,STARTUP,Wikidata,https://www.gmx.fr,2026-09-10T04:44:02.172021+00:00,GMX,
1.0,STARTUP,Wikidata,https://www.gmx.net/,2026-09-10T04:44:02.173918+00:00,GMX,
1.0,STARTUP,Wikidata,https://www.adeccogroup.com,2026-09-10T04:44:02.175886+00:00,The Adecco Group,
1.0,STARTUP,Wikidata,https://www.adecco.com/,2026-09-10T04:44:02.177727+00:00,"Adecco Staffing, Germany",
1.0,STARTUP,Wikidata,https://web.archive.org/web/20010404225631/http://www.konica.co.jp/,2026-09-10T04:44:02.179467+00:00,Konica,
1.0,STARTUP,Wikidata,https://www.jboss.org,2026-09-10T04:44:02.181233+00:00,JBoss,
1.0,STARTUP,Wikidata,http://www.minolta.com,2026-09-10T04:44:02.183161+00:00,Minolta,
1.0,STARTUP,Wikidata,https://telent.com/,2026-09-10T04:44:02.185158+00:00,Telent,
1.0,STARTUP,Wikidata,http://www.foveon.com/,2026-09-10T04:44:02.187243+00:00,Foveon,
1.0,STARTUP,Wikidata,https://www.sigmaphoto.com/,2026-09-10T04:44:02.189068+00:00,Sigma Corporation,
1.0,STARTUP,Wikidata,http://www.fotki.com/,2026-09-10T04:44:02.191088+00:00,Fotki,
1.0,STARTUP,Wikidata,https://www.rbs.co.uk/,2026-09-10T04:44:02.272674+00:00,The Royal Bank of Scotland,82400
1.0,STARTUP,Wikidata,https://www.telefonica.com/,2026-09-10T04:44:02.277370+00:00,Telefónica,104124
1.0,STARTUP,Wikidata,http://www.diageo.com,2026-09-10T04:44:02.281059+00:00,Diageo,29860
1.0,STARTUP,Wikidata,https://www.leica-camera.com,2026-09-10T04:44:02.284355+00:00,Leica Camera,2300
1.0,STARTUP,Wikidata,https://www.oakley.com/,2026-09-10T04:44:02.287508+00:00,"Oakley, Inc.",
1.0,STARTUP,Wikidata,https://www.lufthansacityline.com/,2026-09-10T04:44:02.290071+00:00,Lufthansa CityLine,2236
1.0,STARTUP,Wikidata,https://www.komatsu.jp/en,2026-09-10T04:44:02.292430+00:00,Komatsu Limited,
1.0,STARTUP,Wikidata,https://lg.com/de,2026-09-10T04:44:02.294613+00:00,LG Electronics,90578
1.0,STARTUP,Wikidata,https://www.lge.co.kr/,2026-09-10T04:44:02.296640+00:00,LG Electronics,90578
1.0,STARTUP,Wikidata,https://www.lgservice.co.kr,2026-09-10T04:44:02.298839+00:00,LG Electronics,90578
1.0,STARTUP,Wikidata,https://live.lge.co.kr/,2026-09-10T04:44:02.301112+00:00,LG Electronics,90578
1.0,STARTUP,Wikidata,https://lg.com/global/,2026-09-10T04:44:02.303296+00:00,LG Electronics,90578
1.0,STARTUP,Wikidata,http://www.seawind.fi/,2026-09-10T04:44:02.305349+00:00,SeaWind Line,
1.0,STARTUP,Wikidata,https://www.fkpribram.cz/,2026-09-10T04:44:02.307403+00:00,FK Příbram,7
1.0,STARTUP,Wikidata,http://www.gerstlauer-rides.de/home/,2026-09-10T04:44:02.309447+00:00,Gerstlauer Amusement Rides GmbH,
1.0,STARTUP,Wikidata,https://www.surveymonkey.com/,2026-09-10T04:44:02.311250+00:00,SurveyMonkey,
1.0,STARTUP,Wikidata,http://de.surveymonkey.com,2026-09-10T04:44:02.313022+00:00,SurveyMonkey,
1.0,STARTUP,Wikidata,http://fr.surveymonkey.com/,2026-09-10T04:44:02.314712+00:00,SurveyMonkey,
1.0,STARTUP,Wikidata,http://nl.surveymonkey.com/,2026-09-10T04:44:02.316725+00:00,SurveyMonkey,
1.0,STARTUP,Wikidata,http://es.surveymonkey.com/,2026-09-10T04:44:02.318839+00:00,SurveyMonkey,
1.0,STARTUP,Wikidata,http://pt.surveymonkey.com/,2026-09-10T04:44:02.320907+00:00,SurveyMonkey,
1.0,STARTUP,Wikidata,https://jp.surveymonkey.com/,2026-09-10T04:44:02.322655+00:00,SurveyMonkey,
1.0,STARTUP,Wikidata,https://it.surveymonkey.com/,2026-09-10T04:44:02.324624+00:00,SurveyMonkey,
1.0,STARTUP,Wikidata,https://da.surveymonkey.com/,2026-09-10T04:44:02.326552+00:00,SurveyMonkey,
1.0,STARTUP,Wikidata,https://sv.surveymonkey.com/,2026-09-10T04:44:02.328326+00:00,SurveyMonkey,
1.0,STARTUP,Wikidata,https://no.surveymonkey.com/,2026-09-10T04:44:02.330115+00:00,SurveyMonkey,
1.0,STARTUP,Wikidata,https://fi.surveymonkey.com/,2026-09-10T04:44:02.331862+00:00,SurveyMonkey,
1.0,STARTUP,Wikidata,https://ko.surveymonkey.com/,2026-09-10T04:44:02.333735+00:00,SurveyMonkey,
1.0,STARTUP,Wikidata,https://tr.surveymonkey.com/,2026-09-10T04:44:02.335983+00:00,SurveyMonkey,
1.0,STARTUP,Wikidata,https://zh.surveymonkey.com/,2026-09-10T04:44:02.337789+00:00,SurveyMonkey,
1.0,STARTUP,Wikidata,https://ru.surveymonkey.com/,2026-09-10T04:44:02.339470+00:00,SurveyMonkey,
1.0,STARTUP,Wikidata,http://www.orascom.com/,2026-09-10T04:44:02.341492+00:00,Orascom Construction Limited,
1.0,STARTUP,Wikidata,https://www.mondragon-corporation.com/,2026-09-10T04:44:02.343388+00:00,Mondragon Corporation,81507
1.0,STARTUP,Wikidata,http://www.yatesracing.com/,2026-09-10T04:44:02.345206+00:00,Yates Racing,
1.0,STARTUP,Wikidata,https://www.kuka.com/,2026-09-10T04:44:02.346973+00:00,KUKA,
1.0,STARTUP,Wikidata,https://www.volvogroup.com/en/,2026-09-10T04:44:02.348821+00:00,AB Volvo,102000
1.0,STARTUP,Wikidata,http://de.fujitsu.com/,2026-09-10T04:44:02.350884+00:00,Fujitsu Technology Solutions,13000
1.0,STARTUP,Wikidata,https://uk.hornby.com/,2026-09-10T04:44:02.352988+00:00,Hornby Hobbies Limited,
1.0,STARTUP,Wikidata,http://www.maxdata.de/,2026-09-10T04:44:02.354873+00:00,Maxdata,
1.0,STARTUP,Wikidata,https://www.fujifilm.com/,2026-09-10T04:44:02.356817+00:00,Fujifilm Corporation,75845
1.0,STARTUP,Wikidata,http://www.litrail.lt/,2026-09-10T04:44:02.358894+00:00,"Lietuvos geležinkeliai, AB",
1.0,STARTUP,Wikidata,http://www.ibxplatform.com/,2026-09-10T04:44:02.360742+00:00,IBX Group,
1.0,STARTUP,Wikidata,https://www.rogers.com/,2026-09-10T04:44:02.362546+00:00,Rogers Communications,
1.0,STARTUP,Wikidata,http://www.jura.com/,2026-09-10T04:44:02.364301+00:00,Jura Elektroapparate,
1.0,STARTUP,Wikidata,https://www.telus.com/en/,2026-09-10T04:44:02.366297+00:00,Telus Communications,28000
1.0,STARTUP,Wikidata,https://www.sennheiser.com/en-gb,2026-09-10T04:44:02.368454+00:00,Sennheiser,2100
1.0,STARTUP,Wikidata,https://www.sennheiser.com/de-de,2026-09-10T04:44:02.370309+00:00,Sennheiser,2100
1.0,STARTUP,Wikidata,https://www.sennheiser.com/en-us,2026-09-10T04:44:02.372121+00:00,Sennheiser,2100
1.0,STARTUP,Wikidata,https://www.sennheiser.com/es-mx,2026-09-10T04:44:02.374026+00:00,Sennheiser,2100
1.0,STARTUP,Wikidata,http://www.otto-fuchs.com/,2026-09-10T04:44:02.376053+00:00,Otto Fuchs,
1.0,STARTUP,Wikidata,http://www.meteogroup.com/,2026-09-10T04:44:02.377803+00:00,MeteoGroup,
1.0,STARTUP,Wikidata,http://www.toray.co.jp/,2026-09-10T04:44:02.379592+00:00,Toray Industries,
1.0,STARTUP,Wikidata,https://www.omv.com/,2026-09-10T04:44:02.381367+00:00,OMV,22544
1.0,STARTUP,Wikidata,http://www.gazdefrance.com/,2026-09-10T04:44:02.383199+00:00,Gaz de France,
1.0,STARTUP,Wikidata,https://www.yodobashi.com/,2026-09-10T04:44:02.385221+00:00,Yodobashi Camera,
1.0,STARTUP,Wikidata,https://www.nbp.pl/,2026-09-10T04:44:02.387347+00:00,Narodowy Bank Polski,3355
1.0,STARTUP,Wikidata,https://www.metroag.de/,2026-09-10T04:44:02.389124+00:00,METRO Group,94944
1.0,STARTUP,Wikidata,https://www.glencore.com/,2026-09-10T04:44:02.391073+00:00,Glencore,156468
1.0,STARTUP,Wikidata,http://www.zebralution.com/,2026-09-10T04:44:02.392972+00:00,Zebralution,17
1.0,STARTUP,Wikidata,https://www.haribo.com,2026-09-10T04:44:02.394716+00:00,Haribo,7000
1.0,STARTUP,Wikidata,https://www.mozilla.org,2026-09-10T04:44:02.396410+00:00,Mozilla Corporation,
1.0,STARTUP,Wikidata,https://www.maerklin.de/,2026-09-10T04:44:02.398119+00:00,Märklin,
1.0,STARTUP,Wikidata,https://amazone.de,2026-09-10T04:44:02.399931+00:00,Amazonen-Werke,
1.0,STARTUP,Wikidata,http://www.ambac.com/,2026-09-10T04:44:02.402123+00:00,Ambac,
1.0,STARTUP,Wikidata,https://www.warnerclassics.com,2026-09-10T04:44:02.404005+00:00,Teldec,
1.0,STARTUP,Wikidata,http://www.repower.de,2026-09-10T04:44:02.405807+00:00,Senvion SE,2000
1.0,STARTUP,Wikidata,https://www.senvion.com/global/de/,2026-09-10T04:44:02.407846+00:00,Senvion SE,2000
1.0,STARTUP,Wikidata,https://www.senvion.com/global/en/,2026-09-10T04:44:02.409738+00:00,Senvion SE,2000
1.0,STARTUP,Wikidata,https://www.quarzwerke.com/amberger-kaolinwerke/,2026-09-10T04:44:02.411516+00:00,Amberger Kaolinwerke Eduard Kick,448
1.0,STARTUP,Wikidata,https://www.metabo.com/,2026-09-10T04:44:02.413313+00:00,Metabo,
1.0,STARTUP,Wikidata,http://www.mmwarburg.com/,2026-09-10T04:44:02.415209+00:00,M. M. Warburg & Co.,
1.0,STARTUP,Wikidata,https://www.fielmann.de/,2026-09-10T04:44:02.417290+00:00,Fielmann,23412
1.0,STARTUP,Wikidata,https://www.baloise.de/,2026-09-10T04:44:02.419498+00:00,Bâloise,
1.0,STARTUP,Wikidata,https://vfc.com/,2026-09-10T04:44:02.421366+00:00,VF Corporation,
1.0,STARTUP,Wikidata,http://www.sstl.co.uk/,2026-09-10T04:44:02.423223+00:00,Surrey Satellite Technology,
1.0,STARTUP,Wikidata,https://www.metaplan.com/,2026-09-10T04:44:02.425256+00:00,Metaplan,
1.0,STARTUP,Wikidata,http://www.cosmicair.com/,2026-09-10T04:44:02.427134+00:00,Cosmic Air,
1.0,STARTUP,Wikidata,https://www.marathonpetroleum.com/,2026-09-10T04:44:02.428871+00:00,Marathon Petroleum,
1.0,STARTUP,Wikidata,http://www.dab.de,2026-09-10T04:44:02.430651+00:00,Dortmunder Actien Brauerei,
1.0,STARTUP,Wikidata,https://www.telekom.hu/,2026-09-10T04:44:02.432510+00:00,Magyar Telekom,6931
1.0,STARTUP,Wikidata,https://www.burda.com/,2026-09-10T04:44:02.434618+00:00,Hubert Burda Media Holding,11918
1.0,STARTUP,Wikidata,https://www.burda.com/de/,2026-09-10T04:44:02.436557+00:00,Hubert Burda Media Holding,11918
1.0,STARTUP,Wikidata,http://www.hymer.com/,2026-09-10T04:44:02.438371+00:00,Hymer,
1.0,STARTUP,Wikidata,https://heckel.de,2026-09-10T04:44:02.440126+00:00,Wilhelm Heckel GmbH,
1.0,STARTUP,Wikidata,https://www.schaeffler.com/,2026-09-10T04:44:02.442128+00:00,Schaeffler Group,
1.0,STARTUP,Wikidata,https://www.fedex.com/,2026-09-10T04:44:02.443952+00:00,FedEx,400000
1.0,STARTUP,Wikidata,https://www.nomadfoods.com/,2026-09-10T04:44:02.445651+00:00,Iglo,
1.0,STARTUP,Wikidata,https://www.ambu.com/,2026-09-10T04:44:02.447377+00:00,Ambu,4500
1.0,STARTUP,Wikidata,https://www.caterpillar.com/,2026-09-10T04:44:02.449384+00:00,Caterpillar Inc.,104000
1.0,STARTUP,Wikidata,http://www.ambujacement.com/,2026-09-10T04:44:02.451301+00:00,Ambuja Cements,
1.0,STARTUP,Wikidata,http://www.holsten.de/,2026-09-10T04:44:02.453319+00:00,Holsten Brewery,
1.0,STARTUP,Wikidata,http://www.amcor.com,2026-09-10T04:44:02.455100+00:00,Amcor,
1.0,STARTUP,Wikidata,http://www.amdocs.com/,2026-09-10T04:44:02.456853+00:00,Amdocs,
1.0,STARTUP,Wikidata,http://www.tussauds.com/,2026-09-10T04:44:02.458974+00:00,The Tussauds Group,
1.0,STARTUP,Wikidata,http://www.amedis.ch/,2026-09-10T04:44:02.460906+00:00,Amedis,
1.0,STARTUP,Wikidata,http://www.nordzucker.com/,2026-09-10T04:44:02.462596+00:00,Nordzucker,
1.0,STARTUP,Wikidata,http://www.nordzucker.de/,2026-09-10T04:44:02.464366+00:00,Nordzucker,
1.0,STARTUP,Wikidata,http://schuberth.de,2026-09-10T04:44:02.466203+00:00,Schuberth,300
1.0,STARTUP,Wikidata,https://www.amctheatres.com,2026-09-10T04:44:02.581143+00:00,AMC Theatres,34000
1.0,STARTUP,Wikidata,http://www.oekobox.at/,2026-09-10T04:44:02.585369+00:00,Öko-Box,
1.0,STARTUP,Wikidata,https://www.comet.co.uk,2026-09-10T04:44:02.588757+00:00,Comet Group,
1.0,STARTUP,Wikidata,http://www.amecfw.com/,2026-09-10T04:44:02.592066+00:00,Amec Foster Wheeler,
1.0,STARTUP,Wikidata,http://www.amf-bruns.de/,2026-09-10T04:44:02.594624+00:00,AMF-Bruns,
1.0,STARTUP,Wikidata,http://www.amk-group.com/,2026-09-10T04:44:02.596732+00:00,AMK GmbH,
1.0,STARTUP,Wikidata,https://www.amp.com.au/,2026-09-10T04:44:02.598922+00:00,AMP Limited,5400
1.0,STARTUP,Wikidata,http://www.amrcorp.com/,2026-09-10T04:44:02.601153+00:00,AMR Corporation,
1.0,STARTUP,Wikidata,http://www.oekoregion-kaindorf.at/,2026-09-10T04:44:02.603852+00:00,Ökoregion Kaindorf,
1.0,STARTUP,Wikidata,https://www.stradeanas.it,2026-09-10T04:44:02.605987+00:00,ANAS,
1.0,STARTUP,Wikidata,http://www.anek.gr,2026-09-10T04:44:02.608118+00:00,ANEK Lines,
1.0,STARTUP,Wikidata,http://www.anz.co.nz/,2026-09-10T04:44:02.610105+00:00,ANZ Bank New Zealand,
1.0,STARTUP,Wikidata,http://www.aol-verlag.de,2026-09-10T04:44:02.611950+00:00,AOL-Verlag,
1.0,STARTUP,Wikidata,https://www.aopen.com/US_en/index.html,2026-09-10T04:44:02.613751+00:00,AOpen,
1.0,STARTUP,Wikidata,https://www.aopen.com/IT_it/index.html,2026-09-10T04:44:02.615744+00:00,AOpen,
1.0,STARTUP,Wikidata,https://www.aopen.com/DE_de/index.html,2026-09-10T04:44:02.617747+00:00,AOpen,
1.0,STARTUP,Wikidata,https://www.aopen.com/FR_fr/index.html,2026-09-10T04:44:02.619791+00:00,AOpen,
1.0,STARTUP,Wikidata,https://www.aopen.com/ES_es/index.html,2026-09-10T04:44:02.621575+00:00,AOpen,
1.0,STARTUP,Wikidata,http://www.apllogistics.com/wps/portal/apll,2026-09-10T04:44:02.623404+00:00,APL Logistics,
1.0,STARTUP,Wikidata,http://www.apnnews.com,2026-09-10T04:44:02.625422+00:00,APN News & Media,
1.0,STARTUP,Wikidata,http://www.arcresources.com/,2026-09-10T04:44:02.627267+00:00,ARC Resources,
1.0,STARTUP,Wikidata,http://www.ardex.de,2026-09-10T04:44:02.628947+00:00,Ardex,
1.0,STARTUP,Wikidata,http://www.argospa.com,2026-09-10T04:44:02.630721+00:00,ARGO SpA,
1.0,STARTUP,Wikidata,https://arib.or.jp/,2026-09-10T04:44:02.632559+00:00,Association of Radio Industries and Businesses,
1.0,STARTUP,Wikidata,https://www.arm.com/,2026-09-10T04:44:02.634453+00:00,Arm Holdings,3294
1.0,STARTUP,Wikidata,http://www.aro.de/,2026-09-10T04:44:02.636585+00:00,ARO Heimtextilien,
1.0,STARTUP,Wikidata,http://www.ars-altmann.de/,2026-09-10T04:44:02.643441+00:00,ARS Altmann,1010
1.0,STARTUP,Wikidata,http://www.c-thywissen.de,2026-09-10T04:44:02.645716+00:00,Ölmühle Caspar Thywissen,
1.0,STARTUP,Wikidata,http://www.asb.co.nz/,2026-09-10T04:44:02.647551+00:00,ASB Bank,
1.0,STARTUP,Wikidata,http://www.ascii.co.jp/,2026-09-10T04:44:02.649450+00:00,ASCII Corporation,
1.0,STARTUP,Wikidata,https://asciimw.kadokawa.co.jp/,2026-09-10T04:44:02.651606+00:00,ASCII Media Works,349
1.0,STARTUP,Wikidata,https://www.asfinag.at/,2026-09-10T04:44:02.653860+00:00,ASFiNAG,
1.0,STARTUP,Wikidata,https://www.asfinag.at/en/,2026-09-10T04:44:02.655729+00:00,ASFiNAG,
1.0,STARTUP,Wikidata,https://imgur.com/,2026-09-10T04:44:04.040688+00:00,Imgur,
1.0,STARTUP,Wikidata,http://www.mformation.com,2026-09-10T04:44:04.045816+00:00,Mformation,
1.0,STARTUP,Wikidata,http://www.hmtindia.com/index.htm,2026-09-10T04:44:04.049859+00:00,HMT Limited,
1.0,STARTUP,Wikidata,http://nussli.com,2026-09-10T04:44:04.053534+00:00,Nussli Group,
1.0,STARTUP,Wikidata,https://www.fossil.com/,2026-09-10T04:44:04.056282+00:00,Fossil,
1.0,STARTUP,Wikidata,http://www.adept.com,2026-09-10T04:44:04.059156+00:00,Adept Technology,
1.0,STARTUP,Wikidata,http://www.sellocomerciojusto.org,2026-09-10T04:44:04.061543+00:00,International Fairtrade Certification Mark,
1.0,STARTUP,Wikidata,https://www.adesso.de/,2026-09-10T04:44:04.063639+00:00,Adesso,
1.0,STARTUP,Wikidata,http://www.drs.ch,2026-09-10T04:44:04.065797+00:00,Schweizer Radio DRS,
1.0,STARTUP,Wikidata,http://www.sf.tv/archiv/,2026-09-10T04:44:04.068323+00:00,Schweizer Radio DRS,
1.0,STARTUP,Wikidata,https://www.skyguide.ch/,2026-09-10T04:44:04.070703+00:00,Skyguide,
1.0,STARTUP,Wikidata,https://hal-india.co.in/,2026-09-10T04:44:04.072969+00:00,Hindustan Aeronautics Limited,
1.0,STARTUP,Wikidata,https://hal-india.co.in/hindi/index.aspx,2026-09-10T04:44:04.075263+00:00,Hindustan Aeronautics Limited,
1.0,STARTUP,Wikidata,http://www.adiofootwear.com,2026-09-10T04:44:04.077104+00:00,Adio,
1.0,STARTUP,Wikidata,http://www.adityabirla.com,2026-09-10T04:44:04.078954+00:00,Aditya Birla Group,
1.0,STARTUP,Wikidata,http://www.adler-lacke.com/,2026-09-10T04:44:04.080723+00:00,Adler-Werk Lackfabrik Johann Berghofer,
1.0,STARTUP,Wikidata,https://adler.de/,2026-09-10T04:44:04.082933+00:00,Adler Modemärkte,
1.0,STARTUP,Wikidata,http://ad.ly,2026-09-10T04:44:04.085073+00:00,Adly,
1.0,STARTUP,Wikidata,http://www.callcenterkompetenz.de/,2026-09-10T04:44:04.087229+00:00,Adm – Agentur für Dialogmarketing,
1.0,STARTUP,Wikidata,https://sports.admiral.at/,2026-09-10T04:44:04.089810+00:00,Admiral Sportwetten,
1.0,STARTUP,Wikidata,http://www.darbo.at/,2026-09-10T04:44:04.092036+00:00,Adolf Darbo AG,
1.0,STARTUP,Wikidata,https://www.hollandcasino.nl/,2026-09-10T04:44:04.093890+00:00,Holland Casino,
1.0,STARTUP,Wikidata,http://www.yogiproducts.com/,2026-09-10T04:44:04.095801+00:00,Yogi Tea,
1.0,STARTUP,Wikidata,http://www.upc.ch,2026-09-10T04:44:04.097592+00:00,UPC Switzerland,
1.0,STARTUP,Wikidata,http://www.egana.com/,2026-09-10T04:44:04.099771+00:00,EganaGoldpfeil (Holdings) Ltd.,
1.0,STARTUP,Wikidata,http://www.saurer.com,2026-09-10T04:44:04.101870+00:00,Saurer,
1.0,STARTUP,Wikidata,http://www.canadianarrow.com/,2026-09-10T04:44:04.103782+00:00,Canadian Arrow,
1.0,STARTUP,Wikidata,http://www.magnepan.com,2026-09-10T04:44:04.105541+00:00,Magnepan,
1.0,STARTUP,Wikidata,https://gls-group.eu/,2026-09-10T04:44:04.107576+00:00,General Logistics Systems,23000
1.0,STARTUP,Wikidata,https://www.bowerswilkins.com/,2026-09-10T04:44:04.109636+00:00,Bowers & Wilkins,
1.0,STARTUP,Wikidata,https://www.b92.net/,2026-09-10T04:44:04.111383+00:00,B92,
1.0,STARTUP,Wikidata,https://pink.rs/,2026-09-10T04:44:04.113123+00:00,Pink (Serbia),
1.0,STARTUP,Wikidata,https://www.audible.com,2026-09-10T04:44:04.114978+00:00,"Audible, Inc.",
1.0,STARTUP,Wikidata,https://www.danieli.com/,2026-09-10T04:44:04.117226+00:00,Danieli,9732
1.0,STARTUP,Wikidata,http://adria-mobil.com,2026-09-10T04:44:04.119091+00:00,Adria Mobil,800
1.0,STARTUP,Wikidata,https://www.razer.com/,2026-09-10T04:44:04.120843+00:00,Razer Inc.,
1.0,STARTUP,Wikidata,http://www.yanagisawasax.co.jp,2026-09-10T04:44:04.122661+00:00,Yanagisawa Wind Instruments,
1.0,STARTUP,Wikidata,https://www.mfemediaforeurope.com/it/,2026-09-10T04:44:04.124774+00:00,Mediaset,
1.0,STARTUP,Wikidata,http://www.vno.com/,2026-09-10T04:44:04.126773+00:00,Vornado Realty Trust,
1.0,STARTUP,Wikidata,https://www.brandt-gruppe.de/,2026-09-10T04:44:04.128553+00:00,Brandt,
1.0,STARTUP,Wikidata,https://www.fourmusic.com/,2026-09-10T04:44:04.130194+00:00,Four Music,
1.0,STARTUP,Wikidata,https://www.hoya.com/,2026-09-10T04:44:04.132179+00:00,Hoya Corporation,34635
1.0,STARTUP,Wikidata,http://www.artemide.it/,2026-09-10T04:44:04.134430+00:00,Artemide,
1.0,STARTUP,Wikidata,http://www.wwireless.com/,2026-09-10T04:44:04.136366+00:00,Western Wireless Corporation,
1.0,STARTUP,Wikidata,http://www.hannstar.com,2026-09-10T04:44:04.138088+00:00,HannStar Display Corporation,
1.0,STARTUP,Wikidata,http://www.generaltire.com/,2026-09-10T04:44:04.139888+00:00,General Tire,
1.0,STARTUP,Wikidata,http://www.isep.org,2026-09-10T04:44:04.141836+00:00,International Student Exchange Programs,
1.0,STARTUP,Wikidata,http://www.mckesson.eu/,2026-09-10T04:44:04.143739+00:00,McKesson Europe AG,
1.0,STARTUP,Wikidata,https://www.mckesson.eu/mck-en,2026-09-10T04:44:04.145515+00:00,McKesson Europe AG,
1.0,STARTUP,Wikidata,https://www.ganz-holding.hu/en/,2026-09-10T04:44:04.147223+00:00,Ganz Works,
1.0,STARTUP,Wikidata,http://www.aardvarkrecords.co.uk/,2026-09-10T04:44:04.149322+00:00,Aardvark Records,
1.0,STARTUP,Wikidata,http://www.forum-media.com/,2026-09-10T04:44:04.151400+00:00,Forum Media Group,
1.0,STARTUP,Wikidata,http://www.amstrad.com/,2026-09-10T04:44:04.153293+00:00,Amstrad,
1.0,STARTUP,Wikidata,https://www.aarikka.fi/,2026-09-10T04:44:04.155102+00:00,Aarikka,
1.0,STARTUP,Wikidata,http://www.walibi.com,2026-09-10T04:44:04.156899+00:00,Walibi Group,
1.0,STARTUP,Wikidata,http://www.steelcase.com,2026-09-10T04:44:04.158983+00:00,Steelcase,
1.0,STARTUP,Wikidata,http://www.sigmasport.com/fr/startseite/,2026-09-10T04:44:04.160851+00:00,SIGMA Elektro,
1.0,STARTUP,Wikidata,https://sigma.bike,2026-09-10T04:44:04.162579+00:00,SIGMA Elektro,
1.0,STARTUP,Wikidata,https://sw.aveva.com/monitor-and-control/hmi-supervisory-and-control/citect-scada,2026-09-10T04:44:04.164367+00:00,Citect,
1.0,STARTUP,Wikidata,https://www.hawe.com/,2026-09-10T04:44:04.166432+00:00,HAWE Hydraulik SE,
1.0,STARTUP,Wikidata,https://www.beckmancoulter.com/,2026-09-10T04:44:04.168459+00:00,Beckman Coulter,
1.0,STARTUP,Wikidata,http://pl.dbcargo.com,2026-09-10T04:44:04.170379+00:00,DB Cargo Polska,
1.0,STARTUP,Wikidata,https://fella.eu/,2026-09-10T04:44:04.172202+00:00,AGCO GmbH,
1.0,STARTUP,Wikidata,https://www.ig.com,2026-09-10T04:44:04.174462+00:00,IG Group,
1.0,STARTUP,Wikidata,http://lovefilm.de,2026-09-10T04:44:04.176542+00:00,LoveFilm,
1.0,STARTUP,Wikidata,http://www.sappi.com/,2026-09-10T04:44:04.178392+00:00,Sappi,
1.0,STARTUP,Wikidata,https://www.acer-group.com/,2026-09-10T04:44:04.180134+00:00,Acer,7240
1.0,STARTUP,Wikidata,http://www.americamovil.com/amx/en/,2026-09-10T04:44:04.182092+00:00,América Móvil,176083
1.0,STARTUP,Wikidata,https://www.anpost.com/,2026-09-10T04:44:04.184403+00:00,An Post,11832
1.0,STARTUP,Wikidata,https://www.anpost.com/?lang=ga-ie,2026-09-10T04:44:04.186293+00:00,An Post,11832
1.0,STARTUP,Wikidata,https://www.fila.com/regionselector,2026-09-10T04:44:04.187965+00:00,"Fila, Inc.",
1.0,STARTUP,Wikidata,https://office.hancom.com,2026-09-10T04:44:04.189793+00:00,Hancom,
1.0,STARTUP,Wikidata,http://www.softmax.co.kr,2026-09-10T04:44:04.191850+00:00,Softmax,
1.0,STARTUP,Wikidata,http://www.lgdisplay.com/,2026-09-10T04:44:04.193581+00:00,LG Display,
1.0,STARTUP,Wikidata,http://www.hysco.com/,2026-09-10T04:44:04.195351+00:00,Hyundai Hysco,
1.0,STARTUP,Wikidata,http://www.krmotors.com/,2026-09-10T04:44:04.197077+00:00,KR Motors,
1.0,STARTUP,Wikidata,http://english.hhi.co.kr/,2026-09-10T04:44:04.199167+00:00,HD Hyundai Heavy Industries,24400
1.0,STARTUP,Wikidata,https://www.hhi.co.kr/,2026-09-10T04:44:04.201258+00:00,HD Hyundai Heavy Industries,24400
1.0,STARTUP,Wikidata,http://www.koreapost.go.kr/,2026-09-10T04:44:04.203205+00:00,Korea Post,
1.0,STARTUP,Wikidata,http://www.anadarko.com/,2026-09-10T04:44:04.205062+00:00,Anadarko Petroleum,6100
1.0,STARTUP,Wikidata,https://www.humaxdigital.com,2026-09-10T04:44:04.206879+00:00,Humax,
1.0,STARTUP,Wikidata,https://www.ibk.co.kr/,2026-09-10T04:44:04.208863+00:00,Industrial Bank of Korea,
1.0,STARTUP,Wikidata,http://www.pyeonghwamotors.com/,2026-09-10T04:44:04.210691+00:00,Pyeonghwa Motors,
1.0,STARTUP,Wikidata,https://www.nike.com/,2026-09-10T04:44:04.212384+00:00,Nike,76700
1.0,STARTUP,Wikidata,http://www.posco.com,2026-09-10T04:44:04.214099+00:00,POSCO,37225
1.0,STARTUP,Wikidata,http://stonemusicent.net/,2026-09-10T04:44:04.216182+00:00,Stone Music Entertainment,
1.0,STARTUP,Wikidata,https://www.hanabank.com/,2026-09-10T04:44:04.218169+00:00,Hana Bank,
1.0,STARTUP,Wikidata,https://www.woorifg.com/eng/main/index.do,2026-09-10T04:44:04.219946+00:00,Woori Financial Group,
1.0,STARTUP,Wikidata,http://zeroturnaround.com,2026-09-10T04:44:04.221661+00:00,ZeroTurnaround,
1.0,STARTUP,Wikidata,https://www.analog.com/,2026-09-10T04:44:04.223434+00:00,Analog Devices,9200
1.0,STARTUP,Wikidata,http://www.sntmotiv.com/eng/main/main.html,2026-09-10T04:44:04.225623+00:00,SNT Motiv,
1.0,STARTUP,Wikidata,https://analytica.de/,2026-09-10T04:44:04.227533+00:00,Analytica,
1.0,STARTUP,Wikidata,https://www.redhat.com/,2026-09-10T04:44:04.229334+00:00,Red Hat,19000
1.0,STARTUP,Wikidata,http://www.soribada.com/,2026-09-10T04:44:04.231003+00:00,Soribada,
1.0,STARTUP,Wikidata,http://www.maiet.co.kr/,2026-09-10T04:44:04.233033+00:00,MAIET Entertainment,
1.0,STARTUP,Wikidata,http://www.kt.com/eng/,2026-09-10T04:44:04.235298+00:00,KT Corporation,
1.0,STARTUP,Wikidata,https://www.kt.com/,2026-09-10T04:44:04.237118+00:00,KT Corporation,
1.0,STARTUP,Wikidata,https://www.radiotjanst.se/,2026-09-10T04:44:05.427001+00:00,Radiotjänst i Kiruna,
1.0,STARTUP,Wikidata,http://www.allergan.com/,2026-09-10T04:44:05.431189+00:00,"Allergan, Inc.",
1.0,STARTUP,Wikidata,https://www.electroluxgroup.com/,2026-09-10T04:44:05.435585+00:00,Electrolux,47543
1.0,STARTUP,Wikidata,http://www.landsecurities.co.uk,2026-09-10T04:44:05.438724+00:00,Land Securities,
1.0,STARTUP,Wikidata,https://cz.vapiano.com,2026-09-10T04:44:05.441821+00:00,Vapiano,
1.0,STARTUP,Wikidata,https://uk.vapiano.com,2026-09-10T04:44:05.444383+00:00,Vapiano,
1.0,STARTUP,Wikidata,https://vapiano.com,2026-09-10T04:44:05.446447+00:00,Vapiano,
1.0,STARTUP,Wikidata,https://vapiano.ee,2026-09-10T04:44:05.448474+00:00,Vapiano,
1.0,STARTUP,Wikidata,https://vapiano.fi,2026-09-10T04:44:05.451056+00:00,Vapiano,
1.0,STARTUP,Wikidata,https://vapiano.lt,2026-09-10T04:44:05.453520+00:00,Vapiano,
1.0,STARTUP,Wikidata,https://vapiano.se,2026-09-10T04:44:05.455649+00:00,Vapiano,
1.0,STARTUP,Wikidata,https://vapianorestaurants.nl,2026-09-10T04:44:05.457697+00:00,Vapiano,
1.0,STARTUP,Wikidata,https://www.vapiano.de,2026-09-10T04:44:05.459715+00:00,Vapiano,
1.0,STARTUP,Wikidata,https://www.vapiano.fr,2026-09-10T04:44:05.461505+00:00,Vapiano,
1.0,STARTUP,Wikidata,https://www.vapiano.lu,2026-09-10T04:44:05.463274+00:00,Vapiano,
1.0,STARTUP,Wikidata,https://www.vapiano.warszawa.pl,2026-09-10T04:44:05.465436+00:00,Vapiano,
1.0,STARTUP,Wikidata,https://lg.lv/majoklim,2026-09-10T04:44:05.467721+00:00,Latvijas Gāze,115
1.0,STARTUP,Wikidata,http://www.cretacolor.com,2026-09-10T04:44:05.469819+00:00,Cretacolor,
1.0,STARTUP,Wikidata,http://www.ebx.com.br/,2026-09-10T04:44:05.471591+00:00,EBX Group,13000
1.0,STARTUP,Wikidata,http://www.osx.com.br/cgi/cgilua.exe/sys/start.htm?sid=146&lng=us,2026-09-10T04:44:05.473415+00:00,EBX Group,13000
1.0,STARTUP,Wikidata,http://www.novartis.com/,2026-09-10T04:44:05.475589+00:00,Novartis,119418
1.0,STARTUP,Wikidata,https://www.bandai.co.jp/,2026-09-10T04:44:05.477376+00:00,Bandai,810
1.0,STARTUP,Wikidata,http://lmwindpower.com,2026-09-10T04:44:05.479140+00:00,LM Wind Power,
1.0,STARTUP,Wikidata,http://valiantuniverse.com/,2026-09-10T04:44:05.480931+00:00,Valiant Comics,
1.0,STARTUP,Wikidata,http://aeroprakt.kiev.ua/,2026-09-10T04:44:05.483089+00:00,Aeroprakt,
1.0,STARTUP,Wikidata,http://awshipmanagement.com/,2026-09-10T04:44:05.485170+00:00,Andrew Weir Shipping,
1.0,STARTUP,Wikidata,https://www.enercon.de,2026-09-10T04:44:05.487028+00:00,Enercon,
1.0,STARTUP,Wikidata,http://www.inmocolonial.com/,2026-09-10T04:44:05.488807+00:00,Inmobiliaria Colonial,234
1.0,STARTUP,Wikidata,https://workspace.google.com/,2026-09-10T04:44:05.490672+00:00,Google Workspace,
1.0,STARTUP,Wikidata,http://www.fernandes.co.jp/,2026-09-10T04:44:05.492552+00:00,Fernandes Guitars,
1.0,STARTUP,Wikidata,http://www.givaudan.com/,2026-09-10T04:44:05.494270+00:00,Givaudan S.A.,
1.0,STARTUP,Wikidata,https://www.oticon.com,2026-09-10T04:44:05.495953+00:00,Oticon,
1.0,STARTUP,Wikidata,http://www.boudinbakery.com,2026-09-10T04:44:05.497559+00:00,Boudin Bakery,
1.0,STARTUP,Wikidata,http://www.funfactory.com/,2026-09-10T04:44:05.499365+00:00,Fun Factory,120
1.0,STARTUP,Wikidata,https://pearltrees.com/,2026-09-10T04:44:05.501453+00:00,Pearltrees,
1.0,STARTUP,Wikidata,http://www.wirsol.de/,2026-09-10T04:44:05.503380+00:00,WIRCON Group,
1.0,STARTUP,Wikidata,https://hydro.com,2026-09-10T04:44:05.505130+00:00,Norsk Hydro,31000
1.0,STARTUP,Wikidata,https://snohetta.com,2026-09-10T04:44:05.507059+00:00,Snøhetta,350
1.0,STARTUP,Wikidata,http://www.ingenic.cn/,2026-09-10T04:44:05.509116+00:00,Ingenic Semiconductor,
1.0,STARTUP,Wikidata,http://www.andritz.com/hydro,2026-09-10T04:44:05.510874+00:00,Andritz Hydro,
1.0,STARTUP,Wikidata,https://www.iosysos.com/,2026-09-10T04:44:05.512577+00:00,IOSYS,
1.0,STARTUP,Wikidata,http://www.sovcomflot.ru,2026-09-10T04:44:05.514231+00:00,Sovcomflot,
1.0,STARTUP,Wikidata,https://www.ubagroup.com/,2026-09-10T04:44:05.516611+00:00,United Bank for Africa,
1.0,STARTUP,Wikidata,https://global.jr-central.co.jp/de/,2026-09-10T04:44:05.518653+00:00,Central Japan Railway Company,18148
1.0,STARTUP,Wikidata,https://global.jr-central.co.jp/en/,2026-09-10T04:44:05.523775+00:00,Central Japan Railway Company,18148
1.0,STARTUP,Wikidata,https://global.jr-central.co.jp/fr/,2026-09-10T04:44:05.526139+00:00,Central Japan Railway Company,18148
1.0,STARTUP,Wikidata,https://global.jr-central.co.jp/ko/,2026-09-10T04:44:05.528006+00:00,Central Japan Railway Company,18148
1.0,STARTUP,Wikidata,https://global.jr-central.co.jp/th/,2026-09-10T04:44:05.529923+00:00,Central Japan Railway Company,18148
1.0,STARTUP,Wikidata,https://global.jr-central.co.jp/zh-CN/,2026-09-10T04:44:05.532001+00:00,Central Japan Railway Company,18148
1.0,STARTUP,Wikidata,https://global.jr-central.co.jp/zh-TW/,2026-09-10T04:44:05.534416+00:00,Central Japan Railway Company,18148
1.0,STARTUP,Wikidata,https://jr-central.co.jp/,2026-09-10T04:44:05.536364+00:00,Central Japan Railway Company,18148
1.0,STARTUP,Wikidata,https://www.ponycanyon.biz/,2026-09-10T04:44:05.538025+00:00,Pony Canyon,
1.0,STARTUP,Wikidata,https://www.ponycanyon.co.jp/,2026-09-10T04:44:05.539880+00:00,Pony Canyon,
1.0,STARTUP,Wikidata,https://www.vattenfall.nl,2026-09-10T04:44:05.544075+00:00,Vattenfall Nederland,
1.0,STARTUP,Wikidata,https://www.tibco.com/,2026-09-10T04:44:05.546023+00:00,Tibco Software,4200
1.0,STARTUP,Wikidata,http://www.dhl.com,2026-09-10T04:44:05.547876+00:00,DHL Global Forwarding,38000
1.0,STARTUP,Wikidata,http://www.rosatom.ru/en/,2026-09-10T04:44:05.550498+00:00,Rosatom,256600
1.0,STARTUP,Wikidata,http://www.vitakraft.de,2026-09-10T04:44:05.552940+00:00,Vitakraft,
1.0,STARTUP,Wikidata,http://www.tsunashimaen.co.jp/,2026-09-10T04:44:05.555311+00:00,Tsunashimaen,
1.0,STARTUP,Wikidata,http://www.questarcorporation.com,2026-09-10T04:44:05.557754+00:00,Questar Corporation,
1.0,STARTUP,Wikidata,https://www.hydac.com/de-de/start.html,2026-09-10T04:44:05.560016+00:00,HYDAC,
1.0,STARTUP,Wikidata,http://www.lionsgate.com,2026-09-10T04:44:05.561878+00:00,Starz Entertainment,
1.0,STARTUP,Wikidata,http://www.african-minerals.com/,2026-09-10T04:44:05.563639+00:00,African Minerals,
1.0,STARTUP,Wikidata,http://www.arm.co.za/,2026-09-10T04:44:05.565340+00:00,African Rainbow Minerals,10281
1.0,STARTUP,Wikidata,http://www.ojiholdings.co.jp/,2026-09-10T04:44:05.567595+00:00,Oji Holdings,
1.0,STARTUP,Wikidata,http://www.avid.com,2026-09-10T04:44:05.569714+00:00,Avid Technology,
1.0,STARTUP,Wikidata,http://www.birel.it,2026-09-10T04:44:05.571487+00:00,Birel,
1.0,STARTUP,Wikidata,http://www.sigmafotbal.cz/,2026-09-10T04:44:05.573342+00:00,SK Sigma Olomouc,12
1.0,STARTUP,Wikidata,http://www.nullsoft.com/,2026-09-10T04:44:05.575307+00:00,Nullsoft,
1.0,STARTUP,Wikidata,https://www.osakagas.co.jp/,2026-09-10T04:44:05.577087+00:00,Osaka Gas,21250
1.0,STARTUP,Wikidata,http://www.tiogruppen.com/en/Designers/Designers.aspx,2026-09-10T04:44:05.578735+00:00,10-Gruppen,
1.0,STARTUP,Wikidata,http://www.valtra.com/,2026-09-10T04:44:05.580513+00:00,Valtra,
1.0,STARTUP,Wikidata,http://www.air-zermatt.ch/,2026-09-10T04:44:05.582459+00:00,Air Zermatt,
1.0,STARTUP,Wikidata,http://www.coeur.com,2026-09-10T04:44:05.585132+00:00,Coeur Mining,1967
1.0,STARTUP,Wikidata,http://www.otsuka.co.jp/,2026-09-10T04:44:05.587403+00:00,Otsuka Pharmaceutical,
1.0,STARTUP,Wikidata,https://washnatopera.org/,2026-09-10T04:44:05.589561+00:00,Washington National Opera,
1.0,STARTUP,Wikidata,http://www.korg.com,2026-09-10T04:44:05.591557+00:00,Korg,288
1.0,STARTUP,Wikidata,https://www.arctic.de/,2026-09-10T04:44:05.593504+00:00,Arctic,
1.0,STARTUP,Wikidata,http://www.butlercapitalpartners.com/,2026-09-10T04:44:05.595285+00:00,Butler Capital Partners,
1.0,STARTUP,Wikidata,http://www.meteor.ie,2026-09-10T04:44:05.597000+00:00,Meteor Mobile Communications,
1.0,STARTUP,Wikidata,http://unisoft.com/,2026-09-10T04:44:05.599100+00:00,UniSoft,
1.0,STARTUP,Wikidata,http://www.condorferries.fr/,2026-09-10T04:44:05.601776+00:00,Condor Ferries,
1.0,STARTUP,Wikidata,https://www.smyrilline.fo/,2026-09-10T04:44:05.603635+00:00,Smyril Line,
1.0,STARTUP,Wikidata,https://www.smyrilline.com/,2026-09-10T04:44:05.605451+00:00,Smyril Line,
1.0,STARTUP,Wikidata,http://www.romaero.com,2026-09-10T04:44:05.607415+00:00,Romaero,
1.0,STARTUP,Wikidata,http://www.afriso.de/,2026-09-10T04:44:05.609522+00:00,Afriso-Euro-Index,
1.0,STARTUP,Wikidata,https://www.iskra.eu/,2026-09-10T04:44:05.611305+00:00,Iskra,
1.0,STARTUP,Wikidata,https://www.iskra.si/,2026-09-10T04:44:05.613157+00:00,Iskra,
1.0,STARTUP,Wikidata,http://www.premier-rides.com,2026-09-10T04:44:05.614912+00:00,Premier Rides,
1.0,STARTUP,Wikidata,http://www.moesk.ru/,2026-09-10T04:44:05.617068+00:00,MOESK,16000
1.0,STARTUP,Wikidata,https://www.metrovias.com.ar/,2026-09-10T04:44:05.619136+00:00,Metrovías,4500
1.0,STARTUP,Wikidata,http://www.syquest.com,2026-09-10T04:44:05.620893+00:00,SyQuest Technology,
1.0,STARTUP,Wikidata,http://www.privateerpress.com,2026-09-10T04:44:05.622588+00:00,Privateer Press,
1.0,STARTUP,Wikidata,http://sea-camper.com/site/,2026-09-10T04:44:05.624618+00:00,SEA Group,
1.0,STARTUP,Wikidata,http://www.lgt.com,2026-09-10T04:44:05.626611+00:00,LGT Group,
1.0,STARTUP,Wikidata,https://rottefella.no,2026-09-10T04:44:05.628462+00:00,Rottefella,35
1.0,STARTUP,Wikidata,https://www.crelan.be/,2026-09-10T04:44:05.630170+00:00,Crelan,
1.0,STARTUP,Wikidata,http://www.proquest.com/products-services/ProQuest-Dialog.html,2026-09-10T04:44:05.632146+00:00,Dialog,
1.0,STARTUP,Wikidata,http://www.ubisoft.co.jp/,2026-09-10T04:44:08.474577+00:00,Ubisoft Japan,
1.0,STARTUP,Wikidata,https://Twitch.tv/UbisoftKK,2026-09-10T04:44:08.479113+00:00,Ubisoft Japan,
1.0,STARTUP,Wikidata,http://www.playlife.com/,2026-09-10T04:44:08.482879+00:00,Playlife,
1.0,STARTUP,Wikidata,https://www.mercedesamgf1.com,2026-09-10T04:44:08.486560+00:00,Mercedes F1 Team,
1.0,STARTUP,Wikidata,https://www.prattwhitney.com,2026-09-10T04:44:08.489219+00:00,Pratt & Whitney,
1.0,STARTUP,Wikidata,http://www.tagaviation.com,2026-09-10T04:44:08.491991+00:00,Techniques d'Avant Garde,
1.0,STARTUP,Wikidata,http://www.ilmor.co.uk/,2026-09-10T04:44:08.494390+00:00,Ilmor,
1.0,STARTUP,Wikidata,https://www.cisco.com/,2026-09-10T04:44:08.496478+00:00,Cisco,66639
1.0,STARTUP,Wikidata,https://www.cummins.com,2026-09-10T04:44:08.498668+00:00,Cummins,
1.0,STARTUP,Wikidata,https://www.libertymedia.com/formula-one-group,2026-09-10T04:44:08.501344+00:00,Formula One Group,
1.0,STARTUP,Wikidata,https://www.meijiyasuda.co.jp/,2026-09-10T04:44:08.503736+00:00,Meiji Yasuda Life,
1.0,STARTUP,Wikidata,https://www.gartner.com/,2026-09-10T04:44:08.505724+00:00,Gartner,
1.0,STARTUP,Wikidata,https://www.oag.com/,2026-09-10T04:44:08.507736+00:00,OAG,
1.0,STARTUP,Wikidata,http://www.nordstrom.com,2026-09-10T04:44:08.509701+00:00,Nordstrom,72501
1.0,STARTUP,Wikidata,http://www.petrol.eu,2026-09-10T04:44:08.511515+00:00,Petrol Group,1525
1.0,STARTUP,Wikidata,https://www.petrol.eu/sl,2026-09-10T04:44:08.513347+00:00,Petrol Group,1525
1.0,STARTUP,Wikidata,https://www.petrol.si/,2026-09-10T04:44:08.515311+00:00,Petrol Group,1525
1.0,STARTUP,Wikidata,http://www.versant.com/,2026-09-10T04:44:08.517655+00:00,Versant Corporation,
1.0,STARTUP,Wikidata,https://www.timhortons.com,2026-09-10T04:44:08.519595+00:00,Tim Hortons,
1.0,STARTUP,Wikidata,http://www.aabar.ae/,2026-09-10T04:44:08.521333+00:00,Aabar Investments,
1.0,STARTUP,Wikidata,https://www.fender.com/,2026-09-10T04:44:08.523014+00:00,Fender Musical Instruments Corporation,
1.0,STARTUP,Wikidata,http://www.blu.it/,2026-09-10T04:44:08.525040+00:00,Blu,
1.0,STARTUP,Wikidata,http://www.alpine.at/,2026-09-10T04:44:08.526982+00:00,Alpine Holding,
1.0,STARTUP,Wikidata,http://www.sartorius.com/,2026-09-10T04:44:08.528701+00:00,Sartorius AG,
1.0,STARTUP,Wikidata,https://www.post.lt/en/,2026-09-10T04:44:08.530344+00:00,"Lietuvos paštas, AB",2711
1.0,STARTUP,Wikidata,http://www.dbschenkerusa.com,2026-09-10T04:44:08.532167+00:00,BAX Global,
1.0,STARTUP,Wikidata,https://www.weekendavisen.dk/,2026-09-10T04:44:08.534266+00:00,Weekendavisen,
1.0,STARTUP,Wikidata,http://www.phoenixcontact.com/,2026-09-10T04:44:08.536259+00:00,Phoenix Contact,20300
1.0,STARTUP,Wikidata,http://www.jp.horiba.com/,2026-09-10T04:44:08.538093+00:00,Horiba,
1.0,STARTUP,Wikidata,https://www.checkpoint.com,2026-09-10T04:44:08.539892+00:00,Check Point,
1.0,STARTUP,Wikidata,http://www.computershare.com/,2026-09-10T04:44:08.542037+00:00,Computershare,
1.0,STARTUP,Wikidata,http://www.atlas-elektronik.com/,2026-09-10T04:44:08.543943+00:00,Atlas Elektronik,
1.0,STARTUP,Wikidata,http://www.mauricelacroix.com,2026-09-10T04:44:08.545790+00:00,Maurice Lacroix,
1.0,STARTUP,Wikidata,http://www.rtm.gov.my,2026-09-10T04:44:08.547592+00:00,Radio Televisyen Malaysia,
1.0,STARTUP,Wikidata,https://www.gardena.com/,2026-09-10T04:44:08.549587+00:00,Gardena AG,
1.0,STARTUP,Wikidata,https://www.gucci.com/,2026-09-10T04:44:08.551742+00:00,Gucci,20711
1.0,STARTUP,Wikidata,http://www.qingling.com.cn/,2026-09-10T04:44:08.553663+00:00,Qingling Motors,
1.0,STARTUP,Wikidata,http://www.ricoh.com/,2026-09-10T04:44:08.555468+00:00,Ricoh,
1.0,STARTUP,Wikidata,https://jp.ricoh.com/,2026-09-10T04:44:08.557452+00:00,Ricoh,
1.0,STARTUP,Wikidata,http://www.atkearney.com/,2026-09-10T04:44:08.559379+00:00,Kearney,
1.0,STARTUP,Wikidata,https://mgm.com/,2026-09-10T04:44:08.561136+00:00,Metro-Goldwyn-Mayer,
1.0,STARTUP,Wikidata,http://www.idb.ie/,2026-09-10T04:44:08.562849+00:00,Ornua,
1.0,STARTUP,Wikidata,https://www.bridgestone.com/,2026-09-10T04:44:08.564711+00:00,Bridgestone,
1.0,STARTUP,Wikidata,http://www.odebrecht-ec.com/,2026-09-10T04:44:08.566989+00:00,Odebrecht Engenharia & Construção,
1.0,STARTUP,Wikidata,http://www.rendition.com,2026-09-10T04:44:08.569047+00:00,Rendition,
1.0,STARTUP,Wikidata,https://www.rado.com,2026-09-10T04:44:08.570851+00:00,Rado,
1.0,STARTUP,Wikidata,http://www.o-i.com,2026-09-10T04:44:08.572582+00:00,Owens-Illinois,
1.0,STARTUP,Wikidata,http://www.neuffer.de,2026-09-10T04:44:08.574752+00:00,Fensterfabrik Gebrüder Neuffer,
1.0,STARTUP,Wikidata,http://www.maplesoft.com/,2026-09-10T04:44:08.576782+00:00,Waterloo Maple,
1.0,STARTUP,Wikidata,http://www.fahrzeugtechnik-dessau.de,2026-09-10T04:44:08.578611+00:00,Fahrzeugtechnik Dessau,
1.0,STARTUP,Wikidata,http://www.alpina-watches.com/,2026-09-10T04:44:08.580315+00:00,Alpina Watches,
1.0,STARTUP,Wikidata,https://www.heinekeninternational.com,2026-09-10T04:44:08.582440+00:00,Heineken International,
1.0,STARTUP,Wikidata,https://www.theheinekencompany.com/,2026-09-10T04:44:08.584558+00:00,Heineken International,
1.0,STARTUP,Wikidata,http://www.cae.com,2026-09-10T04:44:08.586443+00:00,CAE Inc.,
1.0,STARTUP,SEC EDGAR,https://www.sec.gov/edgar/browse/?CIK=0001045810,2026-09-10T04:44:15.531422+00:00,Nvidia Corp,
1.0,STARTUP,SEC EDGAR,https://www.sec.gov/edgar/browse/?CIK=0000320193,2026-09-10T04:44:15.544078+00:00,Apple Inc.,
1.0,STARTUP,SEC EDGAR,https://www.sec.gov/edgar/browse/?CIK=0001652044,2026-09-10T04:44:15.546916+00:00,Alphabet Inc.,
1.0,STARTUP,SEC EDGAR,https://www.sec.gov/edgar/browse/?CIK=0000789019,2026-09-10T04:44:15.549449+00:00,Microsoft Corp,
1.0,STARTUP,SEC EDGAR,https://www.sec.gov/edgar/browse/?CIK=0001018724,2026-09-10T04:44:15.552345+00:00,Amazon Com Inc,
1.0,STARTUP,SEC EDGAR,https://www.sec.gov/edgar/browse/?CIK=0001730168,2026-09-10T04:44:15.554824+00:00,Broadcom Inc.,
1.0,STARTUP,SEC EDGAR,https://www.sec.gov/edgar/browse/?CIK=0001326801,2026-09-10T04:44:15.556944+00:00,"Meta Platforms, Inc.",
1.0,STARTUP,SEC EDGAR,https://www.sec.gov/edgar/browse/?CIK=0001318605,2026-09-10T04:44:15.559507+00:00,"Tesla, Inc.",
1.0,STARTUP,SEC EDGAR,https://www.sec.gov/edgar/browse/?CIK=0000723125,2026-09-10T04:44:15.561777+00:00,Micron Technology Inc,
1.0,STARTUP,SEC EDGAR,https://www.sec.gov/edgar/browse/?CIK=0001067983,2026-09-10T04:44:15.563800+00:00,Berkshire Hathaway Inc,
1.0,STARTUP,SEC EDGAR,https://www.sec.gov/edgar/browse/?CIK=0000059478,2026-09-10T04:44:15.565675+00:00,Eli Lilly & Co,
1.0,STARTUP,SEC EDGAR,https://www.sec.gov/edgar/browse/?CIK=0000019617,2026-09-10T04:44:15.567723+00:00,Jpmorgan Chase & Co,
1.0,STARTUP,SEC EDGAR,https://www.sec.gov/edgar/browse/?CIK=0000104169,2026-09-10T04:44:15.570329+00:00,Walmart Inc.,
1.0,STARTUP,SEC EDGAR,https://www.sec.gov/edgar/browse/?CIK=0000002488,2026-09-10T04:44:15.572450+00:00,Advanced Micro Devices Inc,
1.0,STARTUP,SEC EDGAR,https://www.sec.gov/edgar/browse/?CIK=0001403161,2026-09-10T04:44:15.574327+00:00,Visa Inc.,
1.0,STARTUP,SEC EDGAR,https://www.sec.gov/edgar/browse/?CIK=0000200406,2026-09-10T04:44:15.576332+00:00,Johnson & Johnson,
1.0,STARTUP,SEC EDGAR,https://www.sec.gov/edgar/browse/?CIK=0000937966,2026-09-10T04:44:15.578484+00:00,Asml Holding Nv,
1.0,STARTUP,SEC EDGAR,https://www.sec.gov/edgar/browse/?CIK=0002115436,2026-09-10T04:44:15.580475+00:00,Exxonmobil Holdings Corp,
1.0,STARTUP,SEC EDGAR,https://www.sec.gov/edgar/browse/?CIK=0001141391,2026-09-10T04:44:15.582932+00:00,Mastercard Inc,
1.0,STARTUP,SEC EDGAR,https://www.sec.gov/edgar/browse/?CIK=0000050863,2026-09-10T04:44:15.585298+00:00,Intel Corp,
1.0,STARTUP,SEC EDGAR,https://www.sec.gov/edgar/browse/?CIK=0001341439,2026-09-10T04:44:15.587595+00:00,Oracle Corp,
1.0,STARTUP,SEC EDGAR,https://www.sec.gov/edgar/browse/?CIK=0001551152,2026-09-10T04:44:15.589669+00:00,Abbvie Inc.,
1.0,STARTUP,SEC EDGAR,https://www.sec.gov/edgar/browse/?CIK=0000070858,2026-09-10T04:44:15.591742+00:00,Bank Of America Corp /De/,
1.0,STARTUP,SEC EDGAR,https://www.sec.gov/edgar/browse/?CIK=0000858877,2026-09-10T04:44:15.593936+00:00,"Cisco Systems, Inc.",
1.0,STARTUP,SEC EDGAR,https://www.sec.gov/edgar/browse/?CIK=0001321655,2026-09-10T04:44:15.595955+00:00,Palantir Technologies Inc.,
1.0,STARTUP,SEC EDGAR,https://www.sec.gov/edgar/browse/?CIK=0000093410,2026-09-10T04:44:15.597831+00:00,Chevron Corp,
1.0,STARTUP,SEC EDGAR,https://www.sec.gov/edgar/browse/?CIK=0000909832,2026-09-10T04:44:15.599675+00:00,Costco Wholesale Corp /New,
1.0,STARTUP,SEC EDGAR,https://www.sec.gov/edgar/browse/?CIK=0000707549,2026-09-10T04:44:15.601950+00:00,Lam Research Corp,
1.0,STARTUP,SEC EDGAR,https://www.sec.gov/edgar/browse/?CIK=0000021344,2026-09-10T04:44:15.604186+00:00,Coca Cola Co,
1.0,STARTUP,SEC EDGAR,https://www.sec.gov/edgar/browse/?CIK=0000018230,2026-09-10T04:44:15.606179+00:00,Caterpillar Inc,
1.0,STARTUP,SEC EDGAR,https://www.sec.gov/edgar/browse/?CIK=0000310158,2026-09-10T04:44:15.608060+00:00,"Merck & Co., Inc.",
1.0,STARTUP,SEC EDGAR,https://www.sec.gov/edgar/browse/?CIK=0001089113,2026-09-10T04:44:15.610059+00:00,Hsbc Holdings Plc,
1.0,STARTUP,SEC EDGAR,https://www.sec.gov/edgar/browse/?CIK=0000006951,2026-09-10T04:44:15.612117+00:00,Applied Materials Inc /De,
1.0,STARTUP,SEC EDGAR,https://www.sec.gov/edgar/browse/?CIK=0000731766,2026-09-10T04:44:15.614009+00:00,Unitedhealth Group Inc,
1.0,STARTUP,SEC EDGAR,https://www.sec.gov/edgar/browse/?CIK=0000040545,2026-09-10T04:44:15.615800+00:00,General Electric Co,
1.0,STARTUP,SEC EDGAR,https://www.sec.gov/edgar/browse/?CIK=0000895421,2026-09-10T04:44:15.617658+00:00,Morgan Stanley,
1.0,STARTUP,SEC EDGAR,https://www.sec.gov/edgar/browse/?CIK=0000080424,2026-09-10T04:44:15.620109+00:00,Procter & Gamble Co,
1.0,STARTUP,SEC EDGAR,https://www.sec.gov/edgar/browse/?CIK=0001571996,2026-09-10T04:44:15.622287+00:00,Dell Technologies Inc.,
1.0,STARTUP,SEC EDGAR,https://www.sec.gov/edgar/browse/?CIK=0002070829,2026-09-10T04:44:15.624312+00:00,"Contemporary Amperex Technology Co., Limited/Adr",
1.0,STARTUP,SEC EDGAR,https://www.sec.gov/edgar/browse/?CIK=0001065280,2026-09-10T04:44:15.626413+00:00,Netflix Inc,
1.0,STARTUP,SEC EDGAR,https://www.sec.gov/edgar/browse/?CIK=0000354950,2026-09-10T04:44:15.628832+00:00,"Home Depot, Inc.",
1.0,STARTUP,SEC EDGAR,https://www.sec.gov/edgar/browse/?CIK=0001114448,2026-09-10T04:44:15.630779+00:00,Novartis Ag,
1.0,STARTUP,SEC EDGAR,https://www.sec.gov/edgar/browse/?CIK=0000886982,2026-09-10T04:44:15.632570+00:00,Goldman Sachs Group Inc,
1.0,STARTUP,SEC EDGAR,https://www.sec.gov/edgar/browse/?CIK=0001000275,2026-09-10T04:44:15.634448+00:00,Royal Bank Of Canada,
1.0,STARTUP,SEC EDGAR,https://www.sec.gov/edgar/browse/?CIK=0001413329,2026-09-10T04:44:15.636856+00:00,Philip Morris International Inc.,
1.0,STARTUP,SEC EDGAR,https://www.sec.gov/edgar/browse/?CIK=0001577552,2026-09-10T04:44:15.639064+00:00,Alibaba Group Holding Ltd,
1.0,STARTUP,SEC EDGAR,https://www.sec.gov/edgar/browse/?CIK=0000072971,2026-09-10T04:44:15.641088+00:00,Wells Fargo & Company/Mn,
1.0,STARTUP,SEC EDGAR,https://www.sec.gov/edgar/browse/?CIK=0001327567,2026-09-10T04:44:15.643104+00:00,Palo Alto Networks Inc,
1.0,STARTUP,SEC EDGAR,https://www.sec.gov/edgar/browse/?CIK=0000067088,2026-09-10T04:44:15.645338+00:00,Mitsubishi Ufj Financial Group Inc,
1.0,STARTUP,SEC EDGAR,https://www.sec.gov/edgar/browse/?CIK=0000101829,2026-09-10T04:44:15.647284+00:00,Rtx Corp,
1.0,STARTUP,SEC EDGAR,https://www.sec.gov/edgar/browse/?CIK=0001973239,2026-09-10T04:44:15.649218+00:00,Arm Holdings Plc /Uk,
1.0,STARTUP,SEC EDGAR,https://www.sec.gov/edgar/browse/?CIK=0001306965,2026-09-10T04:44:15.651340+00:00,Shell Plc,
1.0,STARTUP,SEC EDGAR,https://www.sec.gov/edgar/browse/?CIK=0002023554,2026-09-10T04:44:15.653827+00:00,Sandisk Corp,
1.0,STARTUP,SEC EDGAR,https://www.sec.gov/edgar/browse/?CIK=0000901832,2026-09-10T04:44:15.655957+00:00,Astrazeneca Plc,
1.0,STARTUP,SEC EDGAR,https://www.sec.gov/edgar/browse/?CIK=0001996810,2026-09-10T04:44:15.658173+00:00,Ge Vernova Inc.,
1.0,STARTUP,SEC EDGAR,https://www.sec.gov/edgar/browse/?CIK=0001000184,2026-09-10T04:44:15.660292+00:00,Sap Se,
1.0,STARTUP,SEC EDGAR,https://www.sec.gov/edgar/browse/?CIK=0001596532,2026-09-10T04:44:15.662367+00:00,"Arista Networks, Inc.",
1.0,STARTUP,SEC EDGAR,https://www.sec.gov/edgar/browse/?CIK=0000319201,2026-09-10T04:44:15.668002+00:00,Kla Corp,
1.0,STARTUP,SEC EDGAR,https://www.sec.gov/edgar/browse/?CIK=0000318154,2026-09-10T04:44:15.671165+00:00,Amgen Inc,
1.0,STARTUP,SEC EDGAR,https://www.sec.gov/edgar/browse/?CIK=0000097476,2026-09-10T04:44:15.673339+00:00,Texas Instruments Inc,
1.0,STARTUP,SEC EDGAR,https://www.sec.gov/edgar/browse/?CIK=0001094517,2026-09-10T04:44:15.675175+00:00,Toyota Motor Corp/,
1.0,STARTUP,SEC EDGAR,https://www.sec.gov/edgar/browse/?CIK=0000831001,2026-09-10T04:44:15.677586+00:00,Citigroup Inc,
1.0,STARTUP,SEC EDGAR,https://www.sec.gov/edgar/browse/?CIK=0000811809,2026-09-10T04:44:15.680349+00:00,Bhp Group Ltd,
1.0,STARTUP,SEC EDGAR,https://www.sec.gov/edgar/browse/?CIK=0000097745,2026-09-10T04:44:15.682409+00:00,Thermo Fisher Scientific Inc.,
1.0,STARTUP,SEC EDGAR,https://www.sec.gov/edgar/browse/?CIK=0000051143,2026-09-10T04:44:15.684188+00:00,International Business Machines Corp,
1.0,STARTUP,SEC EDGAR,https://www.sec.gov/edgar/browse/?CIK=0000004962,2026-09-10T04:44:15.686548+00:00,American Express Co,
1.0,STARTUP,SEC EDGAR,https://www.sec.gov/edgar/browse/?CIK=0001707925,2026-09-10T04:44:15.688658+00:00,Linde Plc,
1.0,STARTUP,SEC EDGAR,https://www.sec.gov/edgar/browse/?CIK=0001535527,2026-09-10T04:44:15.690575+00:00,"Crowdstrike Holdings, Inc.",
1.0,STARTUP,SEC EDGAR,https://www.sec.gov/edgar/browse/?CIK=0000891478,2026-09-10T04:44:15.692610+00:00,"Banco Santander, S.A.",
1.0,STARTUP,SEC EDGAR,https://www.sec.gov/edgar/browse/?CIK=0001108524,2026-09-10T04:44:15.694856+00:00,"Salesforce, Inc.",
1.0,STARTUP,SEC EDGAR,https://www.sec.gov/edgar/browse/?CIK=0000732712,2026-09-10T04:44:15.696969+00:00,Verizon Communications Inc,
1.0,STARTUP,SEC EDGAR,https://www.sec.gov/edgar/browse/?CIK=0000887028,2026-09-10T04:44:15.698800+00:00,Rio Tinto Ltd,
1.0,STARTUP,SEC EDGAR,https://www.sec.gov/edgar/browse/?CIK=0000353278,2026-09-10T04:44:15.700600+00:00,Novo Nordisk A S,
1.0,STARTUP,SEC EDGAR,https://www.sec.gov/edgar/browse/?CIK=0000820313,2026-09-10T04:44:15.702728+00:00,Amphenol Corp /De/,
1.0,STARTUP,SEC EDGAR,https://www.sec.gov/edgar/browse/?CIK=0001835632,2026-09-10T04:44:15.705021+00:00,"Marvell Technology, Inc.",
1.0,STARTUP,SEC EDGAR,https://www.sec.gov/edgar/browse/?CIK=0000947263,2026-09-10T04:44:15.707059+00:00,Toronto Dominion Bank,
1.0,STARTUP,SEC EDGAR,https://www.sec.gov/edgar/browse/?CIK=0000879764,2026-09-10T04:44:15.709063+00:00,Totalenergies Se,
1.0,STARTUP,SEC EDGAR,https://www.sec.gov/edgar/browse/?CIK=0001283699,2026-09-10T04:44:15.711266+00:00,"T-Mobile Us, Inc.",
1.0,STARTUP,SEC EDGAR,https://www.sec.gov/edgar/browse/?CIK=0001137789,2026-09-10T04:44:15.713226+00:00,Seagate Technology Holdings Plc,
1.0,STARTUP,SEC EDGAR,https://www.sec.gov/edgar/browse/?CIK=0000316709,2026-09-10T04:44:15.715038+00:00,Schwab Charles Corp,
1.0,STARTUP,SEC EDGAR,https://www.sec.gov/edgar/browse/?CIK=0001594805,2026-09-10T04:44:15.716994+00:00,Shopify Inc.,
1.0,STARTUP,SEC EDGAR,https://www.sec.gov/edgar/browse/?CIK=0000077476,2026-09-10T04:44:15.719408+00:00,Pepsico Inc,
1.0,STARTUP,SEC EDGAR,https://www.sec.gov/edgar/browse/?CIK=0000001800,2026-09-10T04:44:15.721535+00:00,Abbott Laboratories,
1.0,STARTUP,SEC EDGAR,https://www.sec.gov/edgar/browse/?CIK=0000882095,2026-09-10T04:44:15.723443+00:00,"Gilead Sciences, Inc.",
1.0,STARTUP,SEC EDGAR,https://www.sec.gov/edgar/browse/?CIK=0000315189,2026-09-10T04:44:15.725246+00:00,Deere & Co,
1.0,STARTUP,SEC EDGAR,https://www.sec.gov/edgar/browse/?CIK=0002012383,2026-09-10T04:44:15.727512+00:00,"Blackrock, Inc.",
1.0,STARTUP,SEC EDGAR,https://www.sec.gov/edgar/browse/?CIK=0001744489,2026-09-10T04:44:15.729484+00:00,Walt Disney Co,
1.0,STARTUP,SEC EDGAR,https://www.sec.gov/edgar/browse/?CIK=0000063908,2026-09-10T04:44:15.731517+00:00,Mcdonalds Corp,
1.0,STARTUP,SEC EDGAR,https://www.sec.gov/edgar/browse/?CIK=0000804328,2026-09-10T04:44:15.733341+00:00,Qualcomm Inc/De,
1.0,STARTUP,SEC EDGAR,https://www.sec.gov/edgar/browse/?CIK=0000732717,2026-09-10T04:44:15.735628+00:00,At&T Inc.,
1.0,STARTUP,SEC EDGAR,https://www.sec.gov/edgar/browse/?CIK=0000006281,2026-09-10T04:44:15.737849+00:00,Analog Devices Inc,
1.0,STARTUP,SEC EDGAR,https://www.sec.gov/edgar/browse/?CIK=0000753308,2026-09-10T04:44:15.739733+00:00,Nextera Energy Inc,
1.0,STARTUP,SEC EDGAR,https://www.sec.gov/edgar/browse/?CIK=0001022837,2026-09-10T04:44:15.741682+00:00,"Sumitomo Mitsui Financial Group, Inc.",
1.0,STARTUP,SEC EDGAR,https://www.sec.gov/edgar/browse/?CIK=0000100885,2026-09-10T04:44:15.743759+00:00,Union Pacific Corp,
1.0,STARTUP,SEC EDGAR,https://www.sec.gov/edgar/browse/?CIK=0000766704,2026-09-10T04:44:15.745728+00:00,Welltower Inc.,
1.0,STARTUP,SEC EDGAR,https://www.sec.gov/edgar/browse/?CIK=0001610520,2026-09-10T04:44:15.747605+00:00,Ubs Group Ag,
1.0,STARTUP,SEC EDGAR,https://www.sec.gov/edgar/browse/?CIK=0000106040,2026-09-10T04:44:15.749326+00:00,Western Digital Corp,
1.0,STARTUP,SEC EDGAR,https://www.sec.gov/edgar/browse/?CIK=0000863064,2026-09-10T04:44:15.751133+00:00,Rio Tinto Plc,
1.0,STARTUP,SEC EDGAR,https://www.sec.gov/edgar/browse/?CIK=0001001838,2026-09-10T04:44:15.753483+00:00,Southern Copper Corp/,
1.0,STARTUP,SEC EDGAR,https://www.sec.gov/edgar/browse/?CIK=0000012927,2026-09-10T04:44:15.755760+00:00,Boeing Co,
1.0,STARTUP,SEC EDGAR,https://www.sec.gov/edgar/browse/?CIK=0000842180,2026-09-10T04:44:15.757793+00:00,"Banco Bilbao Vizcaya Argentaria, S.A.",
1.0,STARTUP,SEC EDGAR,https://www.sec.gov/edgar/browse/?CIK=0001393818,2026-09-10T04:44:15.759721+00:00,Blackstone Inc.,
1.0,STARTUP,SEC EDGAR,https://www.sec.gov/edgar/browse/?CIK=0000078003,2026-09-10T04:44:15.761794+00:00,Pfizer Inc,
1.0,STARTUP,SEC EDGAR,https://www.sec.gov/edgar/browse/?CIK=0001163165,2026-09-10T04:44:15.763932+00:00,Conocophillips,
1.0,STARTUP,SEC EDGAR,https://www.sec.gov/edgar/browse/?CIK=0001551182,2026-09-10T04:44:15.765765+00:00,Eaton Corp Plc,
1.0,STARTUP,SEC EDGAR,https://www.sec.gov/edgar/browse/?CIK=0000946770,2026-09-10T04:44:15.767623+00:00,Deutsche Telekom Ag,
1.0,STARTUP,SEC EDGAR,https://www.sec.gov/edgar/browse/?CIK=0001668717,2026-09-10T04:44:15.769925+00:00,Anheuser-Busch Inbev Sa/Nv,
1.0,STARTUP,SEC EDGAR,https://www.sec.gov/edgar/browse/?CIK=0001381197,2026-09-10T04:44:15.772047+00:00,"Interactive Brokers Group, Inc.",
1.0,STARTUP,SEC EDGAR,https://www.sec.gov/edgar/browse/?CIK=0001158838,2026-09-10T04:44:15.773892+00:00,Advantest Corp,
1.0,STARTUP,SEC EDGAR,https://www.sec.gov/edgar/browse/?CIK=0000047710,2026-09-10T04:44:15.775704+00:00,Hitachi Ltd,
1.0,STARTUP,SEC EDGAR,https://www.sec.gov/edgar/browse/?CIK=0001543151,2026-09-10T04:44:15.777735+00:00,"Uber Technologies, Inc",
1.0,STARTUP,SEC EDGAR,https://www.sec.gov/edgar/browse/?CIK=0001373715,2026-09-10T04:44:15.779649+00:00,"Servicenow, Inc.",
1.0,STARTUP,SEC EDGAR,https://www.sec.gov/edgar/browse/?CIK=0000313616,2026-09-10T04:44:15.781483+00:00,Danaher Corp /De/,
1.0,STARTUP,SEC EDGAR,https://www.sec.gov/edgar/browse/?CIK=0000109198,2026-09-10T04:44:15.783372+00:00,Tjx Companies Inc /De/,
1.0,STARTUP,SEC EDGAR,https://www.sec.gov/edgar/browse/?CIK=0001075531,2026-09-10T04:44:15.789241+00:00,Booking Holdings Inc.,
1.0,STARTUP,SEC EDGAR,https://www.sec.gov/edgar/browse/?CIK=0001830056,2026-09-10T04:44:15.791498+00:00,Siemens Energy Ag/Adr,
1.0,STARTUP,SEC EDGAR,https://www.sec.gov/edgar/browse/?CIK=0000313838,2026-09-10T04:44:15.793662+00:00,Sony Group Corp,
1.0,STARTUP,SEC EDGAR,https://www.sec.gov/edgar/browse/?CIK=0000875320,2026-09-10T04:44:15.795608+00:00,Vertex Pharmaceuticals Inc / Ma,
1.0,STARTUP,SEC EDGAR,https://www.sec.gov/edgar/browse/?CIK=0000217410,2026-09-10T04:44:15.797391+00:00,Unilever Plc,
1.0,STARTUP,SEC EDGAR,https://www.sec.gov/edgar/browse/?CIK=0000014272,2026-09-10T04:44:15.799130+00:00,Bristol Myers Squibb Co,
1.0,STARTUP,SEC EDGAR,https://www.sec.gov/edgar/browse/?CIK=0001335730,2026-09-10T04:44:15.800870+00:00,Mizuho Financial Group Inc,
1.0,STARTUP,SEC EDGAR,https://www.sec.gov/edgar/browse/?CIK=0001164727,2026-09-10T04:44:15.803119+00:00,Newmont Corp /De/,
1.0,STARTUP,SEC EDGAR,https://www.sec.gov/edgar/browse/?CIK=0000927628,2026-09-10T04:44:15.805118+00:00,Capital One Financial Corp,
1.0,STARTUP,SEC EDGAR,https://www.sec.gov/edgar/browse/?CIK=0001045609,2026-09-10T04:44:15.806917+00:00,"Prologis, Inc.",
1.0,STARTUP,SEC EDGAR,https://www.sec.gov/edgar/browse/?CIK=0000024741,2026-09-10T04:44:15.808666+00:00,Corning Inc /Ny,
1.0,STARTUP,SEC EDGAR,https://www.sec.gov/edgar/browse/?CIK=0000896159,2026-09-10T04:44:15.810805+00:00,Chubb Ltd,
1.0,STARTUP,SEC EDGAR,https://www.sec.gov/edgar/browse/?CIK=0001035267,2026-09-10T04:44:15.812767+00:00,Intuitive Surgical Inc,
1.0,STARTUP,SEC EDGAR,https://www.sec.gov/edgar/browse/?CIK=0000064040,2026-09-10T04:44:15.814579+00:00,S&P Global Inc.,
1.0,STARTUP,SEC EDGAR,https://www.sec.gov/edgar/browse/?CIK=0001119639,2026-09-10T04:44:15.816336+00:00,Petrobras - Petroleo Brasileiro Sa,
1.0,STARTUP,SEC EDGAR,https://www.sec.gov/edgar/browse/?CIK=0000080661,2026-09-10T04:44:15.818236+00:00,Progressive Corp/Oh/,
1.0,STARTUP,SEC EDGAR,https://www.sec.gov/edgar/browse/?CIK=0000064803,2026-09-10T04:44:15.820539+00:00,Cvs Health Corp,
1.0,STARTUP,SEC EDGAR,https://www.sec.gov/edgar/browse/?CIK=0000927971,2026-09-10T04:44:15.822654+00:00,Bank Of Montreal /Can/,
1.0,STARTUP,SEC EDGAR,https://www.sec.gov/edgar/browse/?CIK=0000076334,2026-09-10T04:44:15.824573+00:00,Parker-Hannifin Corp,
1.0,STARTUP,SEC EDGAR,https://www.sec.gov/edgar/browse/?CIK=0000936468,2026-09-10T04:44:15.826452+00:00,Lockheed Martin Corp,
1.0,STARTUP,SEC EDGAR,https://www.sec.gov/edgar/browse/?CIK=0001613103,2026-09-10T04:44:15.828522+00:00,Medtronic Plc,
1.0,STARTUP,SEC EDGAR,https://www.sec.gov/edgar/browse/?CIK=0001303523,2026-09-10T04:44:15.830340+00:00,British American Tobacco P.L.C.,
1.0,STARTUP,SEC EDGAR,https://www.sec.gov/edgar/browse/?CIK=0001144967,2026-09-10T04:44:15.832210+00:00,Hdfc Bank Ltd,
1.0,STARTUP,SEC EDGAR,https://www.sec.gov/edgar/browse/?CIK=0000829224,2026-09-10T04:44:15.834104+00:00,Starbucks Corp,
1.0,STARTUP,SEC EDGAR,https://www.sec.gov/edgar/browse/?CIK=0001737806,2026-09-10T04:44:15.836304+00:00,Pdd Holdings Inc.,
1.0,STARTUP,SEC EDGAR,https://www.sec.gov/edgar/browse/?CIK=0001640147,2026-09-10T04:44:15.838381+00:00,Snowflake Inc.,
1.0,STARTUP,SEC EDGAR,https://www.sec.gov/edgar/browse/?CIK=0000310764,2026-09-10T04:44:15.840190+00:00,Stryker Corp,
1.0,STARTUP,SEC EDGAR,https://www.sec.gov/edgar/browse/?CIK=0000764180,2026-09-10T04:44:15.842115+00:00,"Altria Group, Inc.",
1.0,STARTUP,SEC EDGAR,https://www.sec.gov/edgar/browse/?CIK=0000060667,2026-09-10T04:44:15.844195+00:00,Lowes Companies Inc,
1.0,STARTUP,SEC EDGAR,https://www.sec.gov/edgar/browse/?CIK=0001262039,2026-09-10T04:44:15.850854+00:00,"Fortinet, Inc.",
1.0,STARTUP,SEC EDGAR,https://www.sec.gov/edgar/browse/?CIK=0000009631,2026-09-10T04:44:15.853926+00:00,Bank Of Nova Scotia,
1.0,STARTUP,SEC EDGAR,https://www.sec.gov/edgar/browse/?CIK=0001467373,2026-09-10T04:44:15.856377+00:00,Accenture Plc,
1.0,STARTUP,SEC EDGAR,https://www.sec.gov/edgar/browse/?CIK=0000313807,2026-09-10T04:44:15.858329+00:00,Bp Plc,
1.0,STARTUP,SEC EDGAR,https://www.sec.gov/edgar/browse/?CIK=0001390777,2026-09-10T04:44:15.860604+00:00,Bank Of New York Mellon Corp,
1.0,STARTUP,SEC EDGAR,https://www.sec.gov/edgar/browse/?CIK=0001639920,2026-09-10T04:44:15.862649+00:00,Spotify Technology S.A.,
1.0,STARTUP,SEC EDGAR,https://www.sec.gov/edgar/browse/?CIK=0000008670,2026-09-10T04:44:15.864515+00:00,Automatic Data Processing Inc,
1.0,STARTUP,SEC EDGAR,https://www.sec.gov/edgar/browse/?CIK=0001783879,2026-09-10T04:44:15.866333+00:00,"Robinhood Markets, Inc.",
1.0,STARTUP,SEC EDGAR,https://www.sec.gov/edgar/browse/?CIK=0000895728,2026-09-10T04:44:15.868320+00:00,Enbridge Inc,
1.0,STARTUP,SEC EDGAR,https://www.sec.gov/edgar/browse/?CIK=0001510295,2026-09-10T04:44:15.870701+00:00,Marathon Petroleum Corp,
1.0,STARTUP,SEC EDGAR,https://www.sec.gov/edgar/browse/?CIK=0001559720,2026-09-10T04:44:15.872832+00:00,"Airbnb, Inc.",
1.0,STARTUP,SEC EDGAR,https://www.sec.gov/edgar/browse/?CIK=0001103838,2026-09-10T04:44:15.874589+00:00,Icici Bank Ltd,
1.0,STARTUP,SEC EDGAR,https://www.sec.gov/edgar/browse/?CIK=0001674101,2026-09-10T04:44:15.876627+00:00,Vertiv Holdings Co,
1.0,STARTUP,SEC EDGAR,https://www.sec.gov/edgar/browse/?CIK=0001751008,2026-09-10T04:44:15.878703+00:00,Applovin Corp,
1.0,STARTUP,SEC EDGAR,https://www.sec.gov/edgar/browse/?CIK=0001035002,2026-09-10T04:44:15.880563+00:00,Valero Energy Corp/Tx,
1.0,STARTUP,SEC EDGAR,https://www.sec.gov/edgar/browse/?CIK=0001045520,2026-09-10T04:44:15.882434+00:00,Canadian Imperial Bank Of Commerce /Can/,
1.0,STARTUP,SEC EDGAR,https://www.sec.gov/edgar/browse/?CIK=0001039765,2026-09-10T04:44:15.884271+00:00,Ing Groep Nv,
1.0,STARTUP,SEC EDGAR,https://www.sec.gov/edgar/browse/?CIK=0001121404,2026-09-10T04:44:15.886578+00:00,Sanofi,
1.0,STARTUP,SEC EDGAR,https://www.sec.gov/edgar/browse/?CIK=0000796343,2026-09-10T04:44:15.888607+00:00,Adobe Inc.,
1.0,STARTUP,SEC EDGAR,https://www.sec.gov/edgar/browse/?CIK=0001868275,2026-09-10T04:44:15.890432+00:00,Constellation Energy Corp,
1.0,STARTUP,SEC EDGAR,https://www.sec.gov/edgar/browse/?CIK=0000927653,2026-09-10T04:44:15.892333+00:00,Mckesson Corp,
1.0,STARTUP,SEC EDGAR,https://www.sec.gov/edgar/browse/?CIK=0000831259,2026-09-10T04:44:15.894362+00:00,Freeport-Mcmoran Inc,
1.0,STARTUP,SEC EDGAR,https://www.sec.gov/edgar/browse/?CIK=0001017413,2026-09-10T04:44:15.896291+00:00,Canadian Natural Resources Ltd,
1.0,STARTUP,SEC EDGAR,https://www.sec.gov/edgar/browse/?CIK=0000002809,2026-09-10T04:44:15.898227+00:00,Agnico Eagle Mines Ltd,
1.0,STARTUP,SEC EDGAR,https://www.sec.gov/edgar/browse/?CIK=0000004281,2026-09-10T04:44:15.900147+00:00,Howmet Aerospace Inc.,
1.0,STARTUP,SEC EDGAR,https://www.sec.gov/edgar/browse/?CIK=0001534701,2026-09-10T04:44:15.902366+00:00,Phillips 66,
1.0,STARTUP,SEC EDGAR,https://www.sec.gov/edgar/browse/?CIK=0001101239,2026-09-10T04:44:15.904602+00:00,Equinix Inc,
1.0,STARTUP,SEC EDGAR,https://www.sec.gov/edgar/browse/?CIK=0000092122,2026-09-10T04:44:15.906605+00:00,Southern Co,
1.0,STARTUP,SEC EDGAR,https://www.sec.gov/edgar/browse/?CIK=0001156375,2026-09-10T04:44:15.908467+00:00,Cme Group Inc.,
1.0,STARTUP,SEC EDGAR,https://www.sec.gov/edgar/browse/?CIK=0001099590,2026-09-10T04:44:15.910616+00:00,Mercadolibre Inc,
1.0,STARTUP,SEC EDGAR,https://www.sec.gov/edgar/browse/?CIK=0001131399,2026-09-10T04:44:15.912663+00:00,Gsk Plc,
1.0,STARTUP,SEC EDGAR,https://www.sec.gov/edgar/browse/?CIK=0001140625,2026-09-10T04:44:15.914578+00:00,Equinor Asa,
1.0,STARTUP,SEC EDGAR,https://www.sec.gov/edgar/browse/?CIK=0001404912,2026-09-10T04:44:15.916350+00:00,Kkr & Co. Inc.,
1.0,STARTUP,SEC EDGAR,https://www.sec.gov/edgar/browse/?CIK=0001477333,2026-09-10T04:44:15.918490+00:00,"Cloudflare, Inc.",
1.0,STARTUP,SEC EDGAR,https://www.sec.gov/edgar/browse/?CIK=0000036104,2026-09-10T04:44:15.920677+00:00,Us Bancorp \De\,
1.0,STARTUP,SEC EDGAR,https://www.sec.gov/edgar/browse/?CIK=0001466258,2026-09-10T04:44:15.922702+00:00,Trane Technologies Plc,
1.0,STARTUP,SEC EDGAR,https://www.sec.gov/edgar/browse/?CIK=0000713676,2026-09-10T04:44:15.924516+00:00,"Pnc Financial Services Group, Inc.",
1.0,STARTUP,SEC EDGAR,https://www.sec.gov/edgar/browse/?CIK=0001122411,2026-09-10T04:44:15.926990+00:00,"Ase Technology Holding Co., Ltd.",
1.0,STARTUP,SEC EDGAR,https://www.sec.gov/edgar/browse/?CIK=0002039784,2026-09-10T04:44:15.929118+00:00,"Midea Group Co., Ltd./Adr",
1.0,STARTUP,SEC EDGAR,https://www.sec.gov/edgar/browse/?CIK=0001169486,2026-09-10T04:44:15.930932+00:00,"Tokio Marine Holdings, Inc.",
1.0,STARTUP,SEC EDGAR,https://www.sec.gov/edgar/browse/?CIK=0000040533,2026-09-10T04:44:15.932702+00:00,General Dynamics Corp,
1.0,STARTUP,SEC EDGAR,https://www.sec.gov/edgar/browse/?CIK=0001166691,2026-09-10T04:44:15.934761+00:00,Comcast Corp,
1.0,STARTUP,SEC EDGAR,https://www.sec.gov/edgar/browse/?CIK=0001050915,2026-09-10T04:44:15.937053+00:00,"Quanta Services, Inc.",
1.0,STARTUP,SEC EDGAR,https://www.sec.gov/edgar/browse/?CIK=0001326160,2026-09-10T04:44:15.938994+00:00,Duke Energy Corp,
1.0,STARTUP,SEC EDGAR,https://www.sec.gov/edgar/browse/?CIK=0001792789,2026-09-10T04:44:15.940779+00:00,"Doordash, Inc.",
1.0,STARTUP,SEC EDGAR,https://www.sec.gov/edgar/browse/?CIK=0002098326,2026-09-10T04:44:15.942697+00:00,"Sany Heavy Industries Co., Ltd./Adr",
1.0,STARTUP,SEC EDGAR,https://www.sec.gov/edgar/browse/?CIK=0000277948,2026-09-10T04:44:15.944836+00:00,Csx Corp,
1.0,STARTUP,SEC EDGAR,https://www.sec.gov/edgar/browse/?CIK=0000896878,2026-09-10T04:44:15.946722+00:00,Intuit Inc.,
1.0,STARTUP,SEC EDGAR,https://www.sec.gov/edgar/browse/?CIK=0000107263,2026-09-10T04:44:15.948577+00:00,"Williams Companies, Inc.",
1.0,STARTUP,SEC EDGAR,https://www.sec.gov/edgar/browse/?CIK=0000312069,2026-09-10T04:44:15.950362+00:00,Barclays Plc,
1.0,STARTUP,SEC EDGAR,https://www.sec.gov/edgar/browse/?CIK=0001571949,2026-09-10T04:44:15.952598+00:00,"Intercontinental Exchange, Inc.",
1.0,STARTUP,SEC EDGAR,https://www.sec.gov/edgar/browse/?CIK=0001001085,2026-09-10T04:44:15.954719+00:00,Brookfield Corp /On/,
1.0,STARTUP,SEC EDGAR,https://www.sec.gov/edgar/browse/?CIK=0001132597,2026-09-10T04:44:15.956650+00:00,Itau Unibanco Holding S.A.,
1.0,STARTUP,SEC EDGAR,https://www.sec.gov/edgar/browse/?CIK=0000062709,2026-09-10T04:44:15.958504+00:00,"Marsh & Mclennan Companies, Inc.",
1.0,STARTUP,SEC EDGAR,https://www.sec.gov/edgar/browse/?CIK=0001156039,2026-09-10T04:44:15.960539+00:00,"Elevance Health, Inc.",
1.0,STARTUP,SEC EDGAR,https://www.sec.gov/edgar/browse/?CIK=0001160106,2026-09-10T04:44:15.962510+00:00,Lloyds Banking Group Plc,
1.0,STARTUP,SEC EDGAR,https://www.sec.gov/edgar/browse/?CIK=0000833444,2026-09-10T04:44:15.964315+00:00,Johnson Controls International Plc,
1.0,STARTUP,SEC EDGAR,https://www.sec.gov/edgar/browse/?CIK=0001048286,2026-09-10T04:44:15.966076+00:00,Marriott International Inc /Md/,
1.0,STARTUP,SEC EDGAR,https://www.sec.gov/edgar/browse/?CIK=0000860730,2026-09-10T04:44:15.968065+00:00,"Hca Healthcare, Inc.",
1.0,STARTUP,SEC EDGAR,https://www.sec.gov/edgar/browse/?CIK=0000823768,2026-09-10T04:44:15.970257+00:00,Waste Management Inc,
1.0,STARTUP,SEC EDGAR,https://www.sec.gov/edgar/browse/?CIK=0001090727,2026-09-10T04:44:15.972186+00:00,United Parcel Service Inc,
1.0,STARTUP,SEC EDGAR,https://www.sec.gov/edgar/browse/?CIK=0000066740,2026-09-10T04:44:15.973918+00:00,3M Co,
1.0,STARTUP,SEC EDGAR,https://www.sec.gov/edgar/browse/?CIK=0001107457,2026-09-10T04:44:15.975819+00:00,Infineon Technologies Ag,
1.0,STARTUP,SEC EDGAR,https://www.sec.gov/edgar/browse/?CIK=0000865752,2026-09-10T04:44:15.978024+00:00,Monster Beverage Corp,
1.0,STARTUP,SEC EDGAR,https://www.sec.gov/edgar/browse/?CIK=0001059556,2026-09-10T04:44:15.979988+00:00,Moodys Corp /De/,
1.0,STARTUP,SEC EDGAR,https://www.sec.gov/edgar/browse/?CIK=0000087347,2026-09-10T04:44:15.981765+00:00,Slb Limited/Nv,
1.0,STARTUP,SEC EDGAR,https://www.sec.gov/edgar/browse/?CIK=0000032604,2026-09-10T04:44:15.983696+00:00,Emerson Electric Co,
1.0,STARTUP,SEC EDGAR,https://www.sec.gov/edgar/browse/?CIK=0000872589,2026-09-10T04:44:15.985826+00:00,"Regeneron Pharmaceuticals, Inc.",
1.0,STARTUP,SEC EDGAR,https://www.sec.gov/edgar/browse/?CIK=0001061219,2026-09-10T04:44:15.988042+00:00,Enterprise Products Partners L.P.,
1.0,STARTUP,SEC EDGAR,https://www.sec.gov/edgar/browse/?CIK=0001690820,2026-09-10T04:44:15.989999+00:00,Carvana Co.,
1.0,STARTUP,SEC EDGAR,https://www.sec.gov/edgar/browse/?CIK=0001053507,2026-09-10T04:44:15.991797+00:00,American Tower Corp /Ma/,
1.0,STARTUP,SEC EDGAR,https://www.sec.gov/edgar/browse/?CIK=0000089800,2026-09-10T04:44:15.993950+00:00,Sherwin Williams Co,
1.0,STARTUP,SEC EDGAR,https://www.sec.gov/edgar/browse/?CIK=0001937926,2026-09-10T04:44:15.995906+00:00,Brookfield Asset Management Ltd.,
1.0,STARTUP,SEC EDGAR,https://www.sec.gov/edgar/browse/?CIK=0000813672,2026-09-10T04:44:15.997774+00:00,Cadence Design Systems Inc,
1.0,STARTUP,SEC EDGAR,https://www.sec.gov/edgar/browse/?CIK=0000016875,2026-09-10T04:44:15.999555+00:00,Canadian Pacific Kansas City Ltd/Cn,
1.0,STARTUP,SEC EDGAR,https://www.sec.gov/edgar/browse/?CIK=0000723254,2026-09-10T04:44:16.001493+00:00,Cintas Corp,
1.0,STARTUP,SEC EDGAR,https://www.sec.gov/edgar/browse/?CIK=0001063761,2026-09-10T04:44:16.003849+00:00,Simon Property Group Inc.,
1.0,STARTUP,SEC EDGAR,https://www.sec.gov/edgar/browse/?CIK=0000311337,2026-09-10T04:44:16.005821+00:00,Suncor Energy Inc,
1.0,STARTUP,SEC EDGAR,https://www.sec.gov/edgar/browse/?CIK=0001467858,2026-09-10T04:44:16.007586+00:00,General Motors Co,
1.0,STARTUP,SEC EDGAR,https://www.sec.gov/edgar/browse/?CIK=0001633978,2026-09-10T04:44:16.009504+00:00,Lumentum Holdings Inc.,
1.0,STARTUP,SEC EDGAR,https://www.sec.gov/edgar/browse/?CIK=0001858681,2026-09-10T04:44:16.011663+00:00,"Apollo Global Management, Inc.",
1.0,STARTUP,SEC EDGAR,https://www.sec.gov/edgar/browse/?CIK=0001004315,2026-09-10T04:44:16.013474+00:00,National Grid Plc,
1.0,STARTUP,SEC EDGAR,https://www.sec.gov/edgar/browse/?CIK=0000031462,2026-09-10T04:44:16.015251+00:00,Ecolab Inc.,
1.0,STARTUP,SEC EDGAR,https://www.sec.gov/edgar/browse/?CIK=0001103982,2026-09-10T04:44:16.017114+00:00,"Mondelez International, Inc.",
1.0,STARTUP,SEC EDGAR,https://www.sec.gov/edgar/browse/?CIK=0001159508,2026-09-10T04:44:16.019156+00:00,Deutsche Bank Aktiengesellschaft,
1.0,STARTUP,SEC EDGAR,https://www.sec.gov/edgar/browse/?CIK=0000068505,2026-09-10T04:44:16.021237+00:00,"Motorola Solutions, Inc.",
1.0,STARTUP,SEC EDGAR,https://www.sec.gov/edgar/browse/?CIK=0000895564,2026-09-10T04:44:16.023086+00:00,Bae Systems Plc /Fi/,
1.0,STARTUP,SEC EDGAR,https://www.sec.gov/edgar/browse/?CIK=0000026172,2026-09-10T04:44:16.024800+00:00,Cummins Inc,
1.0,STARTUP,SEC EDGAR,https://www.sec.gov/edgar/browse/?CIK=0001002242,2026-09-10T04:44:16.026890+00:00,Eni Spa,
1.0,STARTUP,SEC EDGAR,https://www.sec.gov/edgar/browse/?CIK=0000086312,2026-09-10T04:44:16.028853+00:00,"Travelers Companies, Inc.",
1.0,STARTUP,SEC EDGAR,https://www.sec.gov/edgar/browse/?CIK=0000049826,2026-09-10T04:44:16.030680+00:00,Illinois Tool Works Inc,
1.0,STARTUP,SEC EDGAR,https://www.sec.gov/edgar/browse/?CIK=0001561550,2026-09-10T04:44:16.032435+00:00,"Datadog, Inc.",
1.0,STARTUP,SEC EDGAR,https://www.sec.gov/edgar/browse/?CIK=0001110646,2026-09-10T04:44:16.034216+00:00,"Netease, Inc.",
1.0,STARTUP,SEC EDGAR,https://www.sec.gov/edgar/browse/?CIK=0001048911,2026-09-10T04:44:16.036548+00:00,Fedex Corp,
1.0,STARTUP,SEC EDGAR,https://www.sec.gov/edgar/browse/?CIK=0000821189,2026-09-10T04:44:16.038774+00:00,Eog Resources Inc,
1.0,STARTUP,SEC EDGAR,https://www.sec.gov/edgar/browse/?CIK=0000883241,2026-09-10T04:44:16.040619+00:00,Synopsys Inc,
1.0,STARTUP,SEC EDGAR,https://www.sec.gov/edgar/browse/?CIK=0000844150,2026-09-10T04:44:16.042457+00:00,Natwest Group Plc,
1.0,STARTUP,SEC EDGAR,https://www.sec.gov/edgar/browse/?CIK=0000027419,2026-09-10T04:44:16.044521+00:00,Target Corp,
1.0,STARTUP,SEC EDGAR,https://www.sec.gov/edgar/browse/?CIK=0001739940,2026-09-10T04:44:16.046406+00:00,Cigna Group,
1.0,STARTUP,SEC EDGAR,https://www.sec.gov/edgar/browse/?CIK=0000016868,2026-09-10T04:44:16.048169+00:00,Canadian National Railway Co,
1.0,STARTUP,SEC EDGAR,https://www.sec.gov/edgar/browse/?CIK=0001664703,2026-09-10T04:44:16.049857+00:00,Bloom Energy Corp,
1.0,STARTUP,SEC EDGAR,https://www.sec.gov/edgar/browse/?CIK=0001691493,2026-09-10T04:44:16.051988+00:00,Nu Holdings Ltd.,
1.0,STARTUP,SEC EDGAR,https://www.sec.gov/edgar/browse/?CIK=0001276187,2026-09-10T04:44:16.054111+00:00,Energy Transfer Lp,
1.0,STARTUP,SEC EDGAR,https://www.sec.gov/edgar/browse/?CIK=0000745732,2026-09-10T04:44:16.056140+00:00,"Ross Stores, Inc.",
1.0,STARTUP,SEC EDGAR,https://www.sec.gov/edgar/browse/?CIK=0000702165,2026-09-10T04:44:16.057996+00:00,Norfolk Southern Corp,
1.0,STARTUP,SEC EDGAR,https://www.sec.gov/edgar/browse/?CIK=0000756894,2026-09-10T04:44:16.059787+00:00,Barrick Mining Corp,
1.0,STARTUP,SEC EDGAR,https://www.sec.gov/edgar/browse/?CIK=0001086888,2026-09-10T04:44:16.061797+00:00,Manulife Financial Corp,
1.0,STARTUP,SEC EDGAR,https://www.sec.gov/edgar/browse/?CIK=0001133421,2026-09-10T04:44:16.063639+00:00,Northrop Grumman Corp /De/,
1.0,STARTUP,SEC EDGAR,https://www.sec.gov/edgar/browse/?CIK=0001648416,2026-09-10T04:44:16.065479+00:00,Ferrari N.V.,
1.0,STARTUP,SEC EDGAR,https://www.sec.gov/edgar/browse/?CIK=0001297996,2026-09-10T04:44:16.067261+00:00,"Digital Realty Trust, Inc.",
1.0,STARTUP,SEC EDGAR,https://www.sec.gov/edgar/browse/?CIK=0000898173,2026-09-10T04:44:16.069178+00:00,O Reilly Automotive Inc,
1.0,STARTUP,SEC EDGAR,https://www.sec.gov/edgar/browse/?CIK=0000884887,2026-09-10T04:44:16.071346+00:00,Royal Caribbean Cruises Ltd,
1.0,STARTUP,SEC EDGAR,https://www.sec.gov/edgar/browse/?CIK=0001437107,2026-09-10T04:44:16.073186+00:00,"Warner Bros. Discovery, Inc.",
1.0,STARTUP,SEC EDGAR,https://www.sec.gov/edgar/browse/?CIK=0000021665,2026-09-10T04:44:16.074943+00:00,Colgate Palmolive Co,
1.0,STARTUP,SEC EDGAR,https://www.sec.gov/edgar/browse/?CIK=0001323404,2026-09-10T04:44:16.076839+00:00,Wheaton Precious Metals Corp.,
1.0,STARTUP,SEC EDGAR,https://www.sec.gov/edgar/browse/?CIK=0001585689,2026-09-10T04:44:16.078800+00:00,Hilton Worldwide Holdings Inc.,
1.0,STARTUP,SEC EDGAR,https://www.sec.gov/edgar/browse/?CIK=0001506307,2026-09-10T04:44:16.080621+00:00,"Kinder Morgan, Inc.",
1.0,STARTUP,SEC EDGAR,https://www.sec.gov/edgar/browse/?CIK=0000885725,2026-09-10T04:44:16.082364+00:00,Boston Scientific Corp,
1.0,STARTUP,SEC EDGAR,https://www.sec.gov/edgar/browse/?CIK=0001645590,2026-09-10T04:44:16.084070+00:00,Hewlett Packard Enterprise Co,
1.0,STARTUP,SEC EDGAR,https://www.sec.gov/edgar/browse/?CIK=0001129137,2026-09-10T04:44:16.086401+00:00,America Movil Sab De Cv/,
1.0,STARTUP,SEC EDGAR,https://www.sec.gov/edgar/browse/?CIK=0000315293,2026-09-10T04:44:16.088518+00:00,Aon Plc,
1.0,STARTUP,SEC EDGAR,https://www.sec.gov/edgar/browse/?CIK=0001060391,2026-09-10T04:44:16.090439+00:00,"Republic Services, Inc.",
1.0,STARTUP,SEC EDGAR,https://www.sec.gov/edgar/browse/?CIK=0000004904,2026-09-10T04:44:16.092296+00:00,American Electric Power Co Inc,
1.0,STARTUP,SEC EDGAR,https://www.sec.gov/edgar/browse/?CIK=0000354190,2026-09-10T04:44:16.094271+00:00,Arthur J. Gallagher & Co.,
1.0,STARTUP,SEC EDGAR,https://www.sec.gov/edgar/browse/?CIK=0000002969,2026-09-10T04:44:16.096126+00:00,"Air Products & Chemicals, Inc.",
1.0,STARTUP,SEC EDGAR,https://www.sec.gov/edgar/browse/?CIK=0000773840,2026-09-10T04:44:16.097868+00:00,Honeywell International Inc,
1.0,STARTUP,SEC EDGAR,https://www.sec.gov/edgar/browse/?CIK=0002071868,2026-09-10T04:44:16.099621+00:00,"Jiangsu Hengrui Pharmaceuticals Co., Ltd./Adr",
1.0,STARTUP,SEC EDGAR,https://www.sec.gov/edgar/browse/?CIK=0000075362,2026-09-10T04:44:16.101388+00:00,Paccar Inc,
1.0,STARTUP,SEC EDGAR,https://www.sec.gov/edgar/browse/?CIK=0000899051,2026-09-10T04:44:16.103746+00:00,Allstate Corp,
1.0,STARTUP,SEC EDGAR,https://www.sec.gov/edgar/browse/?CIK=0000917851,2026-09-10T04:44:16.105713+00:00,Vale S.A.,
1.0,STARTUP,SEC EDGAR,https://www.sec.gov/edgar/browse/?CIK=0001697862,2026-09-10T04:44:16.107568+00:00,Argenx Se,
1.0,STARTUP,SEC EDGAR,https://www.sec.gov/edgar/browse/?CIK=0001260221,2026-09-10T04:44:16.109537+00:00,Transdigm Group Inc,
1.0,STARTUP,SEC EDGAR,https://www.sec.gov/edgar/browse/?CIK=0001140859,2026-09-10T04:44:16.111629+00:00,"Cencora, Inc.",
1.0,STARTUP,SEC EDGAR,https://www.sec.gov/edgar/browse/?CIK=0000092230,2026-09-10T04:44:16.113428+00:00,Truist Financial Corp,
1.0,STARTUP,SEC EDGAR,https://www.sec.gov/edgar/browse/?CIK=0001701605,2026-09-10T04:44:16.115368+00:00,Baker Hughes Co,
1.0,STARTUP,SEC EDGAR,https://www.sec.gov/edgar/browse/?CIK=0001067701,2026-09-10T04:44:16.117219+00:00,"United Rentals, Inc.",
1.0,STARTUP,SEC EDGAR,https://www.sec.gov/edgar/browse/?CIK=0000849395,2026-09-10T04:44:16.119157+00:00,Crh Public Ltd Co,
1.0,STARTUP,SEC EDGAR,https://www.sec.gov/edgar/browse/?CIK=0000277135,2026-09-10T04:44:16.121357+00:00,"W.W. Grainger, Inc.",
1.0,STARTUP,SEC EDGAR,https://www.sec.gov/edgar/browse/?CIK=0001389170,2026-09-10T04:44:16.123419+00:00,Targa Resources Corp.,
1.0,STARTUP,SEC EDGAR,https://www.sec.gov/edgar/browse/?CIK=0001099219,2026-09-10T04:44:16.125239+00:00,Metlife Inc,
1.0,STARTUP,SEC EDGAR,https://www.sec.gov/edgar/browse/?CIK=0000929869,2026-09-10T04:44:16.127278+00:00,Relx Plc,
1.0,STARTUP,SEC EDGAR,https://www.sec.gov/edgar/browse/?CIK=0001513845,2026-09-10T04:44:16.129165+00:00,Nebius Group N.V.,
1.0,STARTUP,SEC EDGAR,https://www.sec.gov/edgar/browse/?CIK=0001274152,2026-09-10T04:44:16.130998+00:00,Csl Ltd,
1.0,STARTUP,SEC EDGAR,https://www.sec.gov/edgar/browse/?CIK=0001552000,2026-09-10T04:44:16.132784+00:00,Mplx Lp,
1.0,STARTUP,SEC EDGAR,https://www.sec.gov/edgar/browse/?CIK=0001385157,2026-09-10T04:44:16.134623+00:00,Te Connectivity Plc,
1.0,STARTUP,SEC EDGAR,https://www.sec.gov/edgar/browse/?CIK=0000003570,2026-09-10T04:44:16.136884+00:00,"Cheniere Energy, Inc.",
1.0,STARTUP,SEC EDGAR,https://www.sec.gov/edgar/browse/?CIK=0001039684,2026-09-10T04:44:16.138882+00:00,Oneok Inc /New/,
1.0,STARTUP,SEC EDGAR,https://www.sec.gov/edgar/browse/?CIK=0001280452,2026-09-10T04:44:16.140682+00:00,"Monolithic Power Systems, Inc.",
1.0,STARTUP,SEC EDGAR,https://www.sec.gov/edgar/browse/?CIK=0000797468,2026-09-10T04:44:16.142622+00:00,Occidental Petroleum Corp /De/,
1.0,STARTUP,SEC EDGAR,https://www.sec.gov/edgar/browse/?CIK=0000850918,2026-09-10T04:44:16.144702+00:00,Great-West Lifeco Inc.,
1.0,STARTUP,SEC EDGAR,https://www.sec.gov/edgar/browse/?CIK=0001475260,2026-09-10T04:44:16.150221+00:00,Cenovus Energy Inc.,
1.0,STARTUP,SEC EDGAR,https://www.sec.gov/edgar/browse/?CIK=0001243429,2026-09-10T04:44:16.152952+00:00,Arcelormittal,
1.0,STARTUP,SEC EDGAR,https://www.sec.gov/edgar/browse/?CIK=0000073309,2026-09-10T04:44:16.155089+00:00,Nucor Corp,
1.0,STARTUP,SEC EDGAR,https://www.sec.gov/edgar/browse/?CIK=0001395064,2026-09-10T04:44:16.157235+00:00,Takeda Pharmaceutical Co Ltd,
1.0,STARTUP,SEC EDGAR,https://www.sec.gov/edgar/browse/?CIK=0000004977,2026-09-10T04:44:16.159201+00:00,Aflac Inc,
1.0,STARTUP,SEC EDGAR,https://www.sec.gov/edgar/browse/?CIK=0001755672,2026-09-10T04:44:16.161883+00:00,"Corteva, Inc.",
1.0,STARTUP,SEC EDGAR,https://www.sec.gov/edgar/browse/?CIK=0000037996,2026-09-10T04:44:16.164340+00:00,Ford Motor Co,
1.0,STARTUP,SEC EDGAR,https://www.sec.gov/edgar/browse/?CIK=0001682852,2026-09-10T04:44:16.166294+00:00,"Moderna, Inc.",
1.0,STARTUP,SEC EDGAR,https://www.sec.gov/edgar/browse/?CIK=0000726728,2026-09-10T04:44:16.168453+00:00,Realty Income Corp,
1.0,STARTUP,SEC EDGAR,https://www.sec.gov/edgar/browse/?CIK=0000715957,2026-09-10T04:44:16.170992+00:00,"Dominion Energy, Inc",
1.0,STARTUP,SEC EDGAR,https://www.sec.gov/edgar/browse/?CIK=0001842726,2026-09-10T04:44:16.172919+00:00,London Stock Exchange Group Plc,
1.0,STARTUP,SEC EDGAR,https://www.sec.gov/edgar/browse/?CIK=0000721371,2026-09-10T04:44:16.174789+00:00,Cardinal Health Inc,
1.0,STARTUP,SEC EDGAR,https://www.sec.gov/edgar/browse/?CIK=0001413447,2026-09-10T04:44:16.176700+00:00,Nxp Semiconductors N.V.,
1.0,STARTUP,SEC EDGAR,https://www.sec.gov/edgar/browse/?CIK=0000320187,2026-09-10T04:44:16.178756+00:00,"Nike, Inc.",
1.0,STARTUP,SEC EDGAR,https://www.sec.gov/edgar/browse/?CIK=0000815556,2026-09-10T04:44:16.180716+00:00,Fastenal Co,
1.0,STARTUP,SEC EDGAR,https://www.sec.gov/edgar/browse/?CIK=0001050446,2026-09-10T04:44:16.182551+00:00,Strategy Inc,
1.0,STARTUP,SEC EDGAR,https://www.sec.gov/edgar/browse/?CIK=0001035983,2026-09-10T04:44:16.184583+00:00,Comfort Systems Usa Inc,
1.0,STARTUP,SEC EDGAR,https://www.sec.gov/edgar/browse/?CIK=0001393311,2026-09-10T04:44:16.186857+00:00,Public Storage,
1.0,STARTUP,SEC EDGAR,https://www.sec.gov/edgar/browse/?CIK=0000924613,2026-09-10T04:44:16.188787+00:00,Nokia Corp,
1.0,STARTUP,SEC EDGAR,https://www.sec.gov/edgar/browse/?CIK=0000097210,2026-09-10T04:44:16.190469+00:00,"Teradyne, Inc",
1.0,STARTUP,SEC EDGAR,https://www.sec.gov/edgar/browse/?CIK=0001539838,2026-09-10T04:44:16.192382+00:00,"Diamondback Energy, Inc.",
1.0,STARTUP,SEC EDGAR,https://www.sec.gov/edgar/browse/?CIK=0001601046,2026-09-10T04:44:16.194593+00:00,"Keysight Technologies, Inc.",
1.0,STARTUP,SEC EDGAR,https://www.sec.gov/edgar/browse/?CIK=0000820318,2026-09-10T04:44:16.196582+00:00,Coherent Corp.,
1.0,STARTUP,SEC EDGAR,https://www.sec.gov/edgar/browse/?CIK=0001973832,2026-09-10T04:44:16.198472+00:00,Anglogold Ashanti Plc,
1.0,STARTUP,SEC EDGAR,https://www.sec.gov/edgar/browse/?CIK=0001032208,2026-09-10T04:44:16.200224+00:00,Sempra,
1.0,STARTUP,SEC EDGAR,https://www.sec.gov/edgar/browse/?CIK=0001037868,2026-09-10T04:44:16.202494+00:00,Ametek Inc/,
1.0,STARTUP,SEC EDGAR,https://www.sec.gov/edgar/browse/?CIK=0001120193,2026-09-10T04:44:16.204666+00:00,"Nasdaq, Inc.",
1.0,STARTUP,SEC EDGAR,https://www.sec.gov/edgar/browse/?CIK=0001736297,2026-09-10T04:44:16.206562+00:00,"Astera Labs, Inc.",
1.0,STARTUP,SEC EDGAR,https://www.sec.gov/edgar/browse/?CIK=0001121788,2026-09-10T04:44:16.208421+00:00,Garmin Ltd,
1.0,STARTUP,SEC EDGAR,https://www.sec.gov/edgar/browse/?CIK=0000093751,2026-09-10T04:44:16.210431+00:00,State Street Corp,
1.0,STARTUP,SEC EDGAR,https://www.sec.gov/edgar/browse/?CIK=0001136808,2026-09-10T04:44:16.212415+00:00,E.On Se,
1.0,STARTUP,SEC EDGAR,https://www.sec.gov/edgar/browse/?CIK=0001090012,2026-09-10T04:44:16.214252+00:00,Devon Energy Corp/De,
1.0,STARTUP,SEC EDGAR,https://www.sec.gov/edgar/browse/?CIK=0000027904,2026-09-10T04:44:16.216113+00:00,"Delta Air Lines, Inc.",
1.0,STARTUP,SEC EDGAR,https://www.sec.gov/edgar/browse/?CIK=0001033767,2026-09-10T04:44:16.217969+00:00,United Microelectronics Corp,
1.0,STARTUP,SEC EDGAR,https://www.sec.gov/edgar/browse/?CIK=0001099800,2026-09-10T04:44:16.220325+00:00,Edwards Lifesciences Corp,
1.0,STARTUP,SEC EDGAR,https://www.sec.gov/edgar/browse/?CIK=0001456346,2026-09-10T04:44:16.222238+00:00,Franco Nevada Corp,
1.0,STARTUP,SEC EDGAR,https://www.sec.gov/edgar/browse/?CIK=0000065984,2026-09-10T04:44:16.224093+00:00,Entergy Corp /De/,
1.0,STARTUP,SEC EDGAR,https://www.sec.gov/edgar/browse/?CIK=0002089271,2026-09-10T04:44:16.226097+00:00,Honeywell Aerospace Inc.,
1.0,STARTUP,SEC EDGAR,https://www.sec.gov/edgar/browse/?CIK=0000906107,2026-09-10T04:44:16.228279+00:00,Vivmark Residential,
1.0,STARTUP,SEC EDGAR,https://www.sec.gov/edgar/browse/?CIK=0000010795,2026-09-10T04:44:16.230240+00:00,Becton Dickinson & Co,
1.0,STARTUP,SEC EDGAR,https://www.sec.gov/edgar/browse/?CIK=0001692819,2026-09-10T04:44:16.232097+00:00,Vistra Corp.,
1.0,STARTUP,SEC EDGAR,https://www.sec.gov/edgar/browse/?CIK=0002021728,2026-09-10T04:44:16.234000+00:00,Cerebras Systems Inc.,
1.0,STARTUP,SEC EDGAR,https://www.sec.gov/edgar/browse/?CIK=0000035527,2026-09-10T04:44:16.236244+00:00,Fifth Third Bancorp,
1.0,STARTUP,SEC EDGAR,https://www.sec.gov/edgar/browse/?CIK=0001512673,2026-09-10T04:44:16.238267+00:00,"Block, Inc.",
1.0,STARTUP,SEC EDGAR,https://www.sec.gov/edgar/browse/?CIK=0000835403,2026-09-10T04:44:16.240040+00:00,Diageo Plc,
1.0,STARTUP,SEC EDGAR,https://www.sec.gov/edgar/browse/?CIK=0000820027,2026-09-10T04:44:16.241818+00:00,Ameriprise Financial Inc,
1.0,STARTUP,SEC EDGAR,https://www.sec.gov/edgar/browse/?CIK=0001769628,2026-09-10T04:44:16.244399+00:00,"Coreweave, Inc.",
1.0,STARTUP,SEC EDGAR,https://www.sec.gov/edgar/browse/?CIK=0002046386,2026-09-10T04:44:16.246681+00:00,Medline Inc.,
1.0,STARTUP,SEC EDGAR,https://www.sec.gov/edgar/browse/?CIK=0001783180,2026-09-10T04:44:16.248464+00:00,Carrier Global Corp,
1.0,STARTUP,SEC EDGAR,https://www.sec.gov/edgar/browse/?CIK=0001679788,2026-09-10T04:44:16.250287+00:00,"Coinbase Global, Inc.",
1.0,STARTUP,SEC EDGAR,https://www.sec.gov/edgar/browse/?CIK=0001024478,2026-09-10T04:44:16.252592+00:00,"Rockwell Automation, Inc",
1.0,STARTUP,SEC EDGAR,https://www.sec.gov/edgar/browse/?CIK=0000049071,2026-09-10T04:44:16.254656+00:00,Humana Inc,
1.0,STARTUP,SEC EDGAR,https://www.sec.gov/edgar/browse/?CIK=0001650372,2026-09-10T04:44:16.256461+00:00,Atlassian Corp,
1.0,STARTUP,SEC EDGAR,https://www.sec.gov/edgar/browse/?CIK=0000943452,2026-09-10T04:44:16.258201+00:00,Westinghouse Air Brake Technologies Corp,
1.0,STARTUP,SEC EDGAR,https://www.sec.gov/edgar/browse/?CIK=0000202058,2026-09-10T04:44:16.260134+00:00,"L3Harris Technologies, Inc. /De/",
1.0,STARTUP,SEC EDGAR,https://www.sec.gov/edgar/browse/?CIK=0001067491,2026-09-10T04:44:16.261991+00:00,Infosys Ltd,
1.0,STARTUP,SEC EDGAR,https://www.sec.gov/edgar/browse/?CIK=0001604821,2026-09-10T04:44:16.263774+00:00,"Natera, Inc.",
1.0,STARTUP,SEC EDGAR,https://www.sec.gov/edgar/browse/?CIK=0000072903,2026-09-10T04:44:16.265638+00:00,Xcel Energy Inc,
1.0,STARTUP,SEC EDGAR,https://www.sec.gov/edgar/browse/?CIK=0001327811,2026-09-10T04:44:16.267464+00:00,"Workday, Inc.",
1.0,STARTUP,SEC EDGAR,https://www.sec.gov/edgar/browse/?CIK=0001633917,2026-09-10T04:44:16.269639+00:00,"Paypal Holdings, Inc.",
1.0,STARTUP,SEC EDGAR,https://www.sec.gov/edgar/browse/?CIK=0001058090,2026-09-10T04:44:16.271664+00:00,Chipotle Mexican Grill Inc,
1.0,STARTUP,SEC EDGAR,https://www.sec.gov/edgar/browse/?CIK=0001650107,2026-09-10T04:44:16.273457+00:00,Coca-Cola Europacific Partners Plc,
1.0,STARTUP,SEC EDGAR,https://www.sec.gov/edgar/browse/?CIK=0000932787,2026-09-10T04:44:16.275205+00:00,Stmicroelectronics N.V.,
1.0,STARTUP,SEC EDGAR,https://www.sec.gov/edgar/browse/?CIK=0001565025,2026-09-10T04:44:16.277584+00:00,Ambev S.A.,
1.0,STARTUP,SEC EDGAR,https://www.sec.gov/edgar/browse/?CIK=0000740260,2026-09-10T04:44:16.279623+00:00,"Ventas, Inc.",
1.0,STARTUP,SEC EDGAR,https://www.sec.gov/edgar/browse/?CIK=0001176948,2026-09-10T04:44:16.281347+00:00,Ares Management Corp,
1.0,STARTUP,SEC EDGAR,https://www.sec.gov/edgar/browse/?CIK=0001065088,2026-09-10T04:44:16.283181+00:00,Ebay Inc,
1.0,STARTUP,SEC EDGAR,https://www.sec.gov/edgar/browse/?CIK=0001075124,2026-09-10T04:44:16.285407+00:00,Thomson Reuters Corp /Can/,
1.0,STARTUP,SEC EDGAR,https://www.sec.gov/edgar/browse/?CIK=0000769397,2026-09-10T04:44:16.287544+00:00,"Autodesk, Inc.",
1.0,STARTUP,SEC EDGAR,https://www.sec.gov/edgar/browse/?CIK=0000936395,2026-09-10T04:44:16.289370+00:00,Ciena Corp,
1.0,STARTUP,SEC EDGAR,https://www.sec.gov/edgar/browse/?CIK=0002021390,2026-09-10T04:44:16.291178+00:00,Galderma Group Ag/Adr,
1.0,STARTUP,SEC EDGAR,https://www.sec.gov/edgar/browse/?CIK=0000046619,2026-09-10T04:44:16.292937+00:00,Heico Corp,
1.0,STARTUP,SEC EDGAR,https://www.sec.gov/edgar/browse/?CIK=0001445930,2026-09-10T04:44:16.294976+00:00,Kb Financial Group Inc.,
1.0,STARTUP,SEC EDGAR,https://www.sec.gov/edgar/browse/?CIK=0001097362,2026-09-10T04:44:16.296843+00:00,Sun Life Financial Inc,
1.0,STARTUP,SEC EDGAR,https://www.sec.gov/edgar/browse/?CIK=0001628171,2026-09-10T04:44:16.298619+00:00,"Revolution Medicines, Inc.",
1.0,STARTUP,SEC EDGAR,https://www.sec.gov/edgar/browse/?CIK=0001109357,2026-09-10T04:44:16.300372+00:00,Exelon Corp,
1.0,STARTUP,SEC EDGAR,https://www.sec.gov/edgar/browse/?CIK=0001471055,2026-09-10T04:44:16.302503+00:00,Banco Santander (Brasil) S.A.,
1.0,STARTUP,SEC EDGAR,https://www.sec.gov/edgar/browse/?CIK=0001393052,2026-09-10T04:44:16.304648+00:00,Veeva Systems Inc,
1.0,STARTUP,SEC EDGAR,https://www.sec.gov/edgar/browse/?CIK=0001418135,2026-09-10T04:44:16.306587+00:00,Keurig Dr Pepper Inc.,
1.0,STARTUP,SEC EDGAR,https://www.sec.gov/edgar/browse/?CIK=0002011641,2026-09-10T04:44:16.308401+00:00,Ferguson Enterprises Inc. /De/,
1.0,STARTUP,SEC EDGAR,https://www.sec.gov/edgar/browse/?CIK=0001420798,2026-09-10T04:44:16.310491+00:00,Reckitt Benckiser Group Plc,
1.0,STARTUP,SEC EDGAR,https://www.sec.gov/edgar/browse/?CIK=0001478242,2026-09-10T04:44:16.312434+00:00,Iqvia Holdings Inc.,
1.0,STARTUP,SEC EDGAR,https://www.sec.gov/edgar/browse/?CIK=0001009001,2026-09-10T04:44:16.314289+00:00,Cameco Corp,
1.0,STARTUP,SEC EDGAR,https://www.sec.gov/edgar/browse/?CIK=0001446250,2026-09-10T04:44:16.316135+00:00,Bayerische Motoren Werke Ag/Adr,
1.0,STARTUP,SEC EDGAR,https://www.sec.gov/edgar/browse/?CIK=0000723531,2026-09-10T04:44:16.318161+00:00,Paychex Inc,
1.0,STARTUP,SEC EDGAR,https://www.sec.gov/edgar/browse/?CIK=0000095227,2026-09-10T04:44:16.320438+00:00,Sumitomo Electric Industries Ltd/Adr/,
1.0,STARTUP,SEC EDGAR,https://www.sec.gov/edgar/browse/?CIK=0001138118,2026-09-10T04:44:16.322403+00:00,"Cbre Group, Inc.",
1.0,STARTUP,SEC EDGAR,https://www.sec.gov/edgar/browse/?CIK=0001090872,2026-09-10T04:44:16.324192+00:00,"Agilent Technologies, Inc.",
1.0,STARTUP,SEC EDGAR,https://www.sec.gov/edgar/browse/?CIK=0000715153,2026-09-10T04:44:16.325984+00:00,Honda Motor Co Ltd,
1.0,STARTUP,SEC EDGAR,https://www.sec.gov/edgar/browse/?CIK=0000818686,2026-09-10T04:44:16.328090+00:00,Teva Pharmaceutical Industries Ltd,
1.0,STARTUP,SEC EDGAR,https://www.sec.gov/edgar/browse/?CIK=0001172724,2026-09-10T04:44:16.329969+00:00,Gold Fields Ltd,
1.0,STARTUP,SEC EDGAR,https://www.sec.gov/edgar/browse/?CIK=0001900304,2026-09-10T04:44:16.331741+00:00,Haleon Plc,
1.0,STARTUP,SEC EDGAR,https://www.sec.gov/edgar/browse/?CIK=0000874716,2026-09-10T04:44:16.333616+00:00,Idexx Laboratories Inc /De,
1.0,STARTUP,SEC EDGAR,https://www.sec.gov/edgar/browse/?CIK=0001137774,2026-09-10T04:44:16.335838+00:00,Prudential Financial Inc,
1.0,STARTUP,SEC EDGAR,https://www.sec.gov/edgar/browse/?CIK=0001069183,2026-09-10T04:44:16.337872+00:00,"Axon Enterprise, Inc.",
1.0,STARTUP,SEC EDGAR,https://www.sec.gov/edgar/browse/?CIK=0001468522,2026-09-10T04:44:16.339653+00:00,Ferrovial N.V.,
1.0,STARTUP,SEC EDGAR,https://www.sec.gov/edgar/browse/?CIK=0002065485,2026-09-10T04:44:16.341374+00:00,Jx Advanced Metals Corporation/Adr,
1.0,STARTUP,SEC EDGAR,https://www.sec.gov/edgar/browse/?CIK=0001408198,2026-09-10T04:44:16.343237+00:00,Msci Inc.,
1.0,STARTUP,SEC EDGAR,https://www.sec.gov/edgar/browse/?CIK=0001070304,2026-09-10T04:44:16.345332+00:00,Orix Corp,
1.0,STARTUP,SEC EDGAR,https://www.sec.gov/edgar/browse/?CIK=0001318220,2026-09-10T04:44:16.347176+00:00,"Waste Connections, Inc.",
1.0,STARTUP,SEC EDGAR,https://www.sec.gov/edgar/browse/?CIK=0001041061,2026-09-10T04:44:16.348942+00:00,Yum Brands Inc,
1.0,STARTUP,SEC EDGAR,https://www.sec.gov/edgar/browse/?CIK=0001819994,2026-09-10T04:44:16.350664+00:00,Rocket Lab Corp,
1.0,STARTUP,SEC EDGAR,https://www.sec.gov/edgar/browse/?CIK=0001061736,2026-09-10T04:44:16.352753+00:00,Mexican Economic Development Inc,
1.0,STARTUP,SEC EDGAR,https://www.sec.gov/edgar/browse/?CIK=0000007084,2026-09-10T04:44:16.354848+00:00,Archer-Daniels-Midland Co,
1.0,STARTUP,SEC EDGAR,https://www.sec.gov/edgar/browse/?CIK=0001069336,2026-09-10T04:44:16.356819+00:00,Swisscom Ag,
1.0,STARTUP,SEC EDGAR,https://www.sec.gov/edgar/browse/?CIK=0001651308,2026-09-10T04:44:16.358569+00:00,Beone Medicines Ltd.,
1.0,STARTUP,SEC EDGAR,https://www.sec.gov/edgar/browse/?CIK=0000866374,2026-09-10T04:44:16.360619+00:00,Flex Ltd.,
1.0,STARTUP,SEC EDGAR,https://www.sec.gov/edgar/browse/?CIK=0001335258,2026-09-10T04:44:16.362446+00:00,"Live Nation Entertainment, Inc.",
1.0,STARTUP,SEC EDGAR,https://www.sec.gov/edgar/browse/?CIK=0000882835,2026-09-10T04:44:16.364319+00:00,Roper Technologies Inc,
1.0,STARTUP,SEC EDGAR,https://www.sec.gov/edgar/browse/?CIK=0000827054,2026-09-10T04:44:16.366091+00:00,Microchip Technology Inc,
1.0,STARTUP,SEC EDGAR,https://www.sec.gov/edgar/browse/?CIK=0001000697,2026-09-10T04:44:16.367892+00:00,Waters Corp /De/,
1.0,STARTUP,SEC EDGAR,https://www.sec.gov/edgar/browse/?CIK=0000946581,2026-09-10T04:44:16.370143+00:00,Take Two Interactive Software Inc,
1.0,STARTUP,SEC EDGAR,https://www.sec.gov/edgar/browse/?CIK=0000882184,2026-09-10T04:44:16.372318+00:00,Horton D R Inc /De/,
1.0,STARTUP,SEC EDGAR,https://www.sec.gov/edgar/browse/?CIK=0000005272,2026-09-10T04:44:16.374173+00:00,"American International Group, Inc.",
1.0,STARTUP,SEC EDGAR,https://www.sec.gov/edgar/browse/?CIK=0001805284,2026-09-10T04:44:16.376046+00:00,"Rocket Companies, Inc.",
1.0,STARTUP,SEC EDGAR,https://www.sec.gov/edgar/browse/?CIK=0001047862,2026-09-10T04:44:16.378165+00:00,Consolidated Edison Inc,
1.0,STARTUP,SEC EDGAR,https://www.sec.gov/edgar/browse/?CIK=0001030894,2026-09-10T04:44:16.380039+00:00,Celestica Inc,
1.0,STARTUP,SEC EDGAR,https://www.sec.gov/edgar/browse/?CIK=0000839923,2026-09-10T04:44:16.381803+00:00,Vodafone Group Public Ltd Co,
1.0,STARTUP,SEC EDGAR,https://www.sec.gov/edgar/browse/?CIK=0001263043,2026-09-10T04:44:16.383499+00:00,Shinhan Financial Group Co Ltd,
1.0,STARTUP,SEC EDGAR,https://www.sec.gov/edgar/browse/?CIK=0000878927,2026-09-10T04:44:16.385333+00:00,"Old Dominion Freight Line, Inc.",
1.0,STARTUP,SEC EDGAR,https://www.sec.gov/edgar/browse/?CIK=0000096021,2026-09-10T04:44:16.387661+00:00,Sysco Corp,
1.0,STARTUP,SEC EDGAR,https://www.sec.gov/edgar/browse/?CIK=0001745201,2026-09-10T04:44:16.389543+00:00,Viking Holdings Ltd,
1.0,STARTUP,SEC EDGAR,https://www.sec.gov/edgar/browse/?CIK=0001549802,2026-09-10T04:44:16.391342+00:00,"Jd.Com, Inc.",
1.0,STARTUP,SEC EDGAR,https://www.sec.gov/edgar/browse/?CIK=0001725964,2026-09-10T04:44:16.393508+00:00,Nutrien Ltd.,
1.0,STARTUP,SEC EDGAR,https://www.sec.gov/edgar/browse/?CIK=0001001250,2026-09-10T04:44:16.395705+00:00,Estee Lauder Companies Inc,
1.0,STARTUP,SEC EDGAR,https://www.sec.gov/edgar/browse/?CIK=0000874766,2026-09-10T04:44:16.397597+00:00,"Hartford Insurance Group, Inc.",
1.0,STARTUP,SEC EDGAR,https://www.sec.gov/edgar/browse/?CIK=0001802768,2026-09-10T04:44:16.399374+00:00,Royalty Pharma Plc,
1.0,STARTUP,SEC EDGAR,https://www.sec.gov/edgar/browse/?CIK=0001160330,2026-09-10T04:44:16.401115+00:00,Bank Bradesco,
1.0,STARTUP,SEC EDGAR,https://www.sec.gov/edgar/browse/?CIK=0000788784,2026-09-10T04:44:16.403426+00:00,Public Service Enterprise Group Inc,
1.0,STARTUP,SEC EDGAR,https://www.sec.gov/edgar/browse/?CIK=0001618756,2026-09-10T04:44:16.405543+00:00,Restaurant Brands International Inc.,
1.0,STARTUP,SEC EDGAR,https://www.sec.gov/edgar/browse/?CIK=0000701818,2026-09-10T04:44:16.407644+00:00,Kinross Gold Corp,
1.0,STARTUP,SEC EDGAR,https://www.sec.gov/edgar/browse/?CIK=0000916076,2026-09-10T04:44:16.409743+00:00,Martin Marietta Materials Inc,
1.0,STARTUP,SEC EDGAR,https://www.sec.gov/edgar/browse/?CIK=0001002047,2026-09-10T04:44:16.411828+00:00,"Netapp, Inc.",
1.0,STARTUP,SEC EDGAR,https://www.sec.gov/edgar/browse/?CIK=0001447391,2026-09-10T04:44:16.413665+00:00,Resona Holdings Inc,
1.0,STARTUP,SEC EDGAR,https://www.sec.gov/edgar/browse/?CIK=0000100517,2026-09-10T04:44:16.415536+00:00,"United Airlines Holdings, Inc.",
1.0,STARTUP,SEC EDGAR,https://www.sec.gov/edgar/browse/?CIK=0002007855,2026-09-10T04:44:16.417410+00:00,"Venture Global, Inc.",
1.0,STARTUP,SEC EDGAR,https://www.sec.gov/edgar/browse/?CIK=0001944048,2026-09-10T04:44:16.419632+00:00,Kenvue Inc.,
1.0,STARTUP,SEC EDGAR,https://www.sec.gov/edgar/browse/?CIK=0000056873,2026-09-10T04:44:16.421687+00:00,Kroger Co,
1.0,STARTUP,SEC EDGAR,https://www.sec.gov/edgar/browse/?CIK=0001447669,2026-09-10T04:44:16.423630+00:00,Twilio Inc,
1.0,STARTUP,SEC EDGAR,https://www.sec.gov/edgar/browse/?CIK=0001324424,2026-09-10T04:44:16.425433+00:00,"Expedia Group, Inc.",
1.0,STARTUP,SEC EDGAR,https://www.sec.gov/edgar/browse/?CIK=0001178670,2026-09-10T04:44:16.427519+00:00,"Alnylam Pharmaceuticals, Inc.",
1.0,STARTUP,SEC EDGAR,https://www.sec.gov/edgar/browse/?CIK=0002073893,2026-09-10T04:44:16.429523+00:00,Dollarama Inc./Adr,
1.0,STARTUP,SEC EDGAR,https://www.sec.gov/edgar/browse/?CIK=0001444406,2026-09-10T04:44:16.431376+00:00,Ecopetrol S.A.,
1.0,STARTUP,SEC EDGAR,https://www.sec.gov/edgar/browse/?CIK=0001973266,2026-09-10T04:44:16.433229+00:00,"Tko Group Holdings, Inc.",
1.0,STARTUP,SEC EDGAR,https://www.sec.gov/edgar/browse/?CIK=0001511737,2026-09-10T04:44:16.435400+00:00,Ubiquiti Inc.,
1.0,STARTUP,SEC EDGAR,https://www.sec.gov/edgar/browse/?CIK=0000055785,2026-09-10T04:44:16.437596+00:00,Kimberly Clark Corp,
1.0,STARTUP,SEC EDGAR,https://www.sec.gov/edgar/browse/?CIK=0000047111,2026-09-10T04:44:16.439539+00:00,Hershey Co,
1.0,STARTUP,SEC EDGAR,https://www.sec.gov/edgar/browse/?CIK=0001020569,2026-09-10T04:44:16.441362+00:00,Iron Mountain Inc,
1.0,STARTUP,SEC EDGAR,https://www.sec.gov/edgar/browse/?CIK=0001022671,2026-09-10T04:44:16.446937+00:00,Steel Dynamics Inc,
1.0,STARTUP,SEC EDGAR,https://www.sec.gov/edgar/browse/?CIK=0000036270,2026-09-10T04:44:16.449107+00:00,M&T Bank Corp,
1.0,STARTUP,SEC EDGAR,https://www.sec.gov/edgar/browse/?CIK=0000783325,2026-09-10T04:44:16.450818+00:00,"Wec Energy Group, Inc.",
1.0,STARTUP,SEC EDGAR,https://www.sec.gov/edgar/browse/?CIK=0000033213,2026-09-10T04:44:16.453124+00:00,Eqt Corp,
1.0,STARTUP,SEC EDGAR,https://www.sec.gov/edgar/browse/?CIK=0000049196,2026-09-10T04:44:16.455321+00:00,Huntington Bancshares Inc /Md/,
1.0,STARTUP,SEC EDGAR,https://www.sec.gov/edgar/browse/?CIK=0001116578,2026-09-10T04:44:16.457341+00:00,Prudential Plc,
1.0,STARTUP,SEC EDGAR,https://www.sec.gov/edgar/browse/?CIK=0000915191,2026-09-10T04:44:16.459277+00:00,Fairfax Financial Holdings Ltd/ Can,
1.0,STARTUP,SEC EDGAR,https://www.sec.gov/edgar/browse/?CIK=0000720005,2026-09-10T04:44:16.461373+00:00,Raymond James Financial Inc,
1.0,STARTUP,SEC EDGAR,https://www.sec.gov/edgar/browse/?CIK=0000073124,2026-09-10T04:44:16.463345+00:00,Northern Trust Corp,
1.0,STARTUP,SEC EDGAR,https://www.sec.gov/edgar/browse/?CIK=0001167379,2026-09-10T04:44:16.465225+00:00,Alcon Inc,
1.0,STARTUP,SEC EDGAR,https://www.sec.gov/edgar/browse/?CIK=0001396009,2026-09-10T04:44:16.467043+00:00,Vulcan Materials Co,
1.0,STARTUP,SEC EDGAR,https://www.sec.gov/edgar/browse/?CIK=0001132924,2026-09-10T04:44:16.469296+00:00,Chunghwa Telecom Co Ltd,
1.0,STARTUP,SEC EDGAR,https://www.sec.gov/edgar/browse/?CIK=0000886986,2026-09-10T04:44:16.471431+00:00,Teck Resources Ltd,
1.0,STARTUP,SEC EDGAR,https://www.sec.gov/edgar/browse/?CIK=0001329099,2026-09-10T04:44:16.473390+00:00,"Baidu, Inc.",
1.0,STARTUP,SEC EDGAR,https://www.sec.gov/edgar/browse/?CIK=0000947484,2026-09-10T04:44:16.475323+00:00,Arch Capital Group Ltd.,
1.0,STARTUP,SEC EDGAR,https://www.sec.gov/edgar/browse/?CIK=0001383650,2026-09-10T04:44:16.477451+00:00,"Cheniere Energy Partners, L.P.",
1.0,STARTUP,SEC EDGAR,https://www.sec.gov/edgar/browse/?CIK=0000105634,2026-09-10T04:44:16.479449+00:00,"Emcor Group, Inc.",
1.0,STARTUP,SEC EDGAR,https://www.sec.gov/edgar/browse/?CIK=0001093557,2026-09-10T04:44:16.481385+00:00,Dexcom Inc,
1.0,STARTUP,SEC EDGAR,https://www.sec.gov/edgar/browse/?CIK=0001051470,2026-09-10T04:44:16.483280+00:00,Crown Castle Inc.,
1.0,STARTUP,SEC EDGAR,https://www.sec.gov/edgar/browse/?CIK=0001071739,2026-09-10T04:44:16.485472+00:00,Centene Corp,
1.0,STARTUP,SEC EDGAR,https://www.sec.gov/edgar/browse/?CIK=0001474432,2026-09-10T04:44:16.487676+00:00,"Everpure, Inc.",
1.0,STARTUP,SEC EDGAR,https://www.sec.gov/edgar/browse/?CIK=0000717826,2026-09-10T04:44:16.489648+00:00,Ericsson Lm Telephone Co,
1.0,STARTUP,SEC EDGAR,https://www.sec.gov/edgar/browse/?CIK=0001027664,2026-09-10T04:44:16.491682+00:00,Elbit Systems Ltd,
1.0,STARTUP,SEC EDGAR,https://www.sec.gov/edgar/browse/?CIK=0001110803,2026-09-10T04:44:16.494160+00:00,"Illumina, Inc.",
1.0,STARTUP,SEC EDGAR,https://www.sec.gov/edgar/browse/?CIK=0000943819,2026-09-10T04:44:16.496213+00:00,Resmed Inc,
1.0,STARTUP,SEC EDGAR,https://www.sec.gov/edgar/browse/?CIK=0001469059,2026-09-10T04:44:16.497982+00:00,Capitec Limited/Adr,
1.0,STARTUP,SEC EDGAR,https://www.sec.gov/edgar/browse/?CIK=0000875045,2026-09-10T04:44:16.499768+00:00,Biogen Inc.,
1.0,STARTUP,SEC EDGAR,https://www.sec.gov/edgar/browse/?CIK=0000898293,2026-09-10T04:44:16.501988+00:00,Jabil Inc,
1.0,STARTUP,SEC EDGAR,https://www.sec.gov/edgar/browse/?CIK=0000815097,2026-09-10T04:44:16.504210+00:00,Carnival Corp Ltd.,
1.0,STARTUP,SEC EDGAR,https://www.sec.gov/edgar/browse/?CIK=0001807794,2026-09-10T04:44:16.506071+00:00,Credo Technology Group Holding Ltd,
1.0,STARTUP,SEC EDGAR,https://www.sec.gov/edgar/browse/?CIK=0001004980,2026-09-10T04:44:16.507829+00:00,Pg&E Corp,
1.0,STARTUP,SEC EDGAR,https://www.sec.gov/edgar/browse/?CIK=0001555280,2026-09-10T04:44:16.510112+00:00,Zoetis Inc.,
1.0,STARTUP,SEC EDGAR,https://www.sec.gov/edgar/browse/?CIK=0001681459,2026-09-10T04:44:16.512206+00:00,Technipfmc Plc,
1.0,STARTUP,SEC EDGAR,https://www.sec.gov/edgar/browse/?CIK=0000900075,2026-09-10T04:44:16.514143+00:00,Copart Inc,
1.0,STARTUP,SEC EDGAR,https://www.sec.gov/edgar/browse/?CIK=0001374310,2026-09-10T04:44:16.516026+00:00,"Cboe Global Markets, Inc.",
1.0,STARTUP,SEC EDGAR,https://www.sec.gov/edgar/browse/?CIK=0001163653,2026-09-10T04:44:16.517960+00:00,Nomura Holdings Inc,
1.0,STARTUP,SEC EDGAR,https://www.sec.gov/edgar/browse/?CIK=0001932393,2026-09-10T04:44:16.520412+00:00,Ge Healthcare Technologies Inc.,
1.0,STARTUP,SEC EDGAR,https://www.sec.gov/edgar/browse/?CIK=0001140536,2026-09-10T04:44:16.522426+00:00,Willis Towers Watson Plc,
1.0,STARTUP,SEC EDGAR,https://www.sec.gov/edgar/browse/?CIK=0001315098,2026-09-10T04:44:16.524320+00:00,Roblox Corp,
1.0,STARTUP,SEC EDGAR,https://www.sec.gov/edgar/browse/?CIK=0000045012,2026-09-10T04:44:16.526313+00:00,Halliburton Co,
1.0,STARTUP,SEC EDGAR,https://www.sec.gov/edgar/browse/?CIK=0001289490,2026-09-10T04:44:16.528424+00:00,Extra Space Storage Inc.,
1.0,STARTUP,SEC EDGAR,https://www.sec.gov/edgar/browse/?CIK=0001001290,2026-09-10T04:44:16.530270+00:00,Credicorp Ltd,
1.0,STARTUP,SEC EDGAR,https://www.sec.gov/edgar/browse/?CIK=0001660134,2026-09-10T04:44:16.532122+00:00,"Okta, Inc.",
1.0,STARTUP,SEC EDGAR,https://www.sec.gov/edgar/browse/?CIK=0000759944,2026-09-10T04:44:16.533909+00:00,Citizens Financial Group Inc/Ri,
1.0,STARTUP,SEC EDGAR,https://www.sec.gov/edgar/browse/?CIK=0001713445,2026-09-10T04:44:16.536054+00:00,"Reddit, Inc.",
1.0,STARTUP,SEC EDGAR,https://www.sec.gov/edgar/browse/?CIK=0001441816,2026-09-10T04:44:16.538284+00:00,"Mongodb, Inc.",
1.0,STARTUP,SEC EDGAR,https://www.sec.gov/edgar/browse/?CIK=0001699150,2026-09-10T04:44:16.540061+00:00,Ingersoll Rand Inc.,
1.0,STARTUP,SEC EDGAR,https://www.sec.gov/edgar/browse/?CIK=0001890126,2026-09-10T04:44:16.542310+00:00,Universal Music Group N.V./Adr,
1.0,STARTUP,SEC EDGAR,https://www.sec.gov/edgar/browse/?CIK=0001585521,2026-09-10T04:44:16.544450+00:00,"Zoom Communications, Inc.",
1.0,STARTUP,SEC EDGAR,https://www.sec.gov/edgar/browse/?CIK=0001002910,2026-09-10T04:44:16.546296+00:00,Ameren Corp,
1.0,STARTUP,SEC EDGAR,https://www.sec.gov/edgar/browse/?CIK=0001637459,2026-09-10T04:44:16.548188+00:00,Kraft Heinz Co,
1.0,STARTUP,SEC EDGAR,https://www.sec.gov/edgar/browse/?CIK=0000047217,2026-09-10T04:44:16.549892+00:00,Hp Inc,
1.0,STARTUP,SEC EDGAR,https://www.sec.gov/edgar/browse/?CIK=0000029534,2026-09-10T04:44:16.552006+00:00,Dollar General Corp,
1.0,STARTUP,SEC EDGAR,https://www.sec.gov/edgar/browse/?CIK=0001535759,2026-09-10T04:44:16.554181+00:00,Kongsberg Gruppen Asa/Adr,
1.0,STARTUP,SEC EDGAR,https://www.sec.gov/edgar/browse/?CIK=0001097864,2026-09-10T04:44:16.556163+00:00,On Semiconductor Corp,
1.0,STARTUP,SEC EDGAR,https://www.sec.gov/edgar/browse/?CIK=0001300514,2026-09-10T04:44:16.557942+00:00,Las Vegas Sands Corp,
1.0,STARTUP,SEC EDGAR,https://www.sec.gov/edgar/browse/?CIK=0001038683,2026-09-10T04:44:16.559857+00:00,Ryanair Holdings Plc,
1.0,STARTUP,SEC EDGAR,https://www.sec.gov/edgar/browse/?CIK=0001018963,2026-09-10T04:44:16.561975+00:00,Ati Inc,
1.0,STARTUP,SEC EDGAR,https://www.sec.gov/edgar/browse/?CIK=0000904868,2026-09-10T04:44:16.563755+00:00,Fresenius Se & Co. Kgaa,
1.0,STARTUP,Wikidata,http://www.morattab.ir/,2026-09-10T04:44:18.947056+00:00,Morattab,
1.0,STARTUP,Wikidata,http://www.gzpoly.com/,2026-09-10T04:44:18.951933+00:00,Poly Developments,
1.0,STARTUP,Wikidata,http://www.bancamarch.com,2026-09-10T04:44:18.956049+00:00,March Bank,
1.0,STARTUP,Wikidata,https://www.bancamarch.es/es/,2026-09-10T04:44:18.959355+00:00,March Bank,
1.0,STARTUP,Wikidata,https://www.monuta.nl/,2026-09-10T04:44:18.962555+00:00,Monuta,
1.0,STARTUP,Wikidata,http://www.getin.pl/,2026-09-10T04:44:18.965239+00:00,Getin Holding,
1.0,STARTUP,Wikidata,http://www.korthwaffen.com,2026-09-10T04:44:18.967939+00:00,Korth,
1.0,STARTUP,Wikidata,https://vostokinc.com/,2026-09-10T04:44:18.970916+00:00,Vostok watches,
1.0,STARTUP,Wikidata,http://www.investrustbank.com/,2026-09-10T04:44:18.973092+00:00,Investrust Bank,
1.0,STARTUP,Wikidata,http://www.pearldrum.com/,2026-09-10T04:44:18.975193+00:00,Pearl Drums,
1.0,STARTUP,Wikidata,http://www.masseyferguson.com/,2026-09-10T04:44:18.977698+00:00,Massey Ferguson,
1.0,STARTUP,Wikidata,https://www.annsummers.com/,2026-09-10T04:44:18.979694+00:00,Ann Summers,
1.0,STARTUP,Wikidata,https://www.post.ch,2026-09-10T04:44:18.981621+00:00,Die Schweizerische Post,
1.0,STARTUP,Wikidata,http://www.delijn.be/,2026-09-10T04:44:18.983434+00:00,De Lijn,
1.0,STARTUP,Wikidata,https://www.bsh-group.com/,2026-09-10T04:44:18.985731+00:00,BSH Hausgeräte GmbH,
1.0,STARTUP,Wikidata,http://www.drmovie.biz/,2026-09-10T04:44:18.987982+00:00,DR Movie,
1.0,STARTUP,Wikidata,http://www.gaccf.com/,2026-09-10T04:44:18.989861+00:00,Changfeng Motor,
1.0,STARTUP,Wikidata,http://www.inmetmining.com/,2026-09-10T04:44:18.991664+00:00,Inmet Mining,1280
1.0,STARTUP,Wikidata,http://www.grupoabril.com.br/,2026-09-10T04:44:18.993931+00:00,Grupo Abril,3000
1.0,STARTUP,Wikidata,http://www.borbet.de,2026-09-10T04:44:18.996048+00:00,Borbet,
1.0,STARTUP,Wikidata,http://www.aon.de,2026-09-10T04:44:18.997948+00:00,Aon Holding Deutschland GmbH,
1.0,STARTUP,Wikidata,https://www.llb.li/en,2026-09-10T04:44:18.999786+00:00,National bank of Liechtenstein,867
1.0,STARTUP,Wikidata,http://www.orcogroup.com/,2026-09-10T04:44:19.001870+00:00,CPI FIM,3
1.0,STARTUP,Wikidata,http://www.teletica.com/,2026-09-10T04:44:19.004331+00:00,Teletica,
1.0,STARTUP,Wikidata,https://www.telenet.be/,2026-09-10T04:44:19.006261+00:00,Telenet group,1716
1.0,STARTUP,Wikidata,https://www.neste.com,2026-09-10T04:44:19.008106+00:00,Neste,5030
1.0,STARTUP,Wikidata,http://www.jossecar.com/,2026-09-10T04:44:19.011661+00:00,Jösse Car,
1.0,STARTUP,Wikidata,https://www.altair.com/,2026-09-10T04:44:19.009012+00:00,Altair Engineering,
1.0,STARTUP,Wikidata,https://www.sonicwall.com/,2026-09-10T04:44:19.014743+00:00,SonicWall,
1.0,STARTUP,Wikidata,http://www.atpco.net/,2026-09-10T04:44:19.015960+00:00,Airline Tariff Publishing Company,
1.0,STARTUP,Wikidata,http://www.volvoce.com,2026-09-10T04:44:19.018145+00:00,Volvo Construction Equipment,13043
1.0,STARTUP,Wikidata,http://www.penninger.de/,2026-09-10T04:44:19.019672+00:00,Alte Hausbrennerei Penninger,60
1.0,STARTUP,Wikidata,http://www.cimpa.com/,2026-09-10T04:44:19.021453+00:00,CIMPA,
1.0,STARTUP,Wikidata,https://www.al-h.de/,2026-09-10T04:44:19.023033+00:00,Alte Leipziger – Hallesche,112
1.0,STARTUP,Wikidata,https://apatinskapivara.rs/,2026-09-10T04:44:19.024636+00:00,Apatinska Brewery,
1.0,STARTUP,Wikidata,http://www.alte-oldenburger.de/,2026-09-10T04:44:19.026416+00:00,Alte Oldenburger Krankenversicherung AG,232
1.0,STARTUP,Wikidata,https://www.apax.com,2026-09-10T04:44:19.028631+00:00,Apax Partners,
1.0,STARTUP,Wikidata,http://www.alteclansing.com,2026-09-10T04:44:19.029954+00:00,Altec Lansing,
1.0,STARTUP,Wikidata,https://apies.jimdofree.com/,2026-09-10T04:44:19.031999+00:00,Apies,
1.0,STARTUP,Wikidata,http://www.brauerei-altenburg.de,2026-09-10T04:44:19.033056+00:00,Altenburger Brauerei,50
1.0,STARTUP,Wikidata,http://www.theonion.com/,2026-09-10T04:44:19.035586+00:00,The Onion,
1.0,STARTUP,Wikidata,http://www.altendorf.com/,2026-09-10T04:44:19.036958+00:00,Altendorf Maschinenbau,
1.0,STARTUP,Wikidata,http://www.apetito.com,2026-09-10T04:44:19.039085+00:00,Apetito,
1.0,STARTUP,Wikidata,http://www.amag.at,2026-09-10T04:44:19.040252+00:00,AMAG Austria Metall AG,
1.0,STARTUP,Wikidata,http://www.illume.fi/,2026-09-10T04:44:19.042416+00:00,Illume,
1.0,STARTUP,Wikidata,https://www.amag-al4u.com/,2026-09-10T04:44:19.043565+00:00,AMAG Austria Metall AG,
1.0,STARTUP,Wikidata,http://www.apogepha.de,2026-09-10T04:44:19.045987+00:00,Apogepha,
1.0,STARTUP,Wikidata,https://www.altera.com,2026-09-10T04:44:19.047095+00:00,Altera,
1.0,STARTUP,Wikidata,https://www.itmedia.co.jp/,2026-09-10T04:44:19.049273+00:00,ITmedia,
1.0,STARTUP,Wikidata,https://www.heel.com/,2026-09-10T04:44:19.050315+00:00,Heel,
1.0,STARTUP,Wikidata,https://www.yuzhnoye.com/en/home/,2026-09-10T04:44:19.052864+00:00,Pivdenne Design Office,5500
1.0,STARTUP,Wikidata,http://hagergroup.com,2026-09-10T04:44:19.054125+00:00,Hager SE,10500
1.0,STARTUP,Wikidata,http://www.yuzhnoye.com/,2026-09-10T04:44:19.056324+00:00,Pivdenne Design Office,5500
1.0,STARTUP,Wikidata,http://www.hagergroup.com/,2026-09-10T04:44:19.057384+00:00,Hager SE,10500
1.0,STARTUP,Wikidata,https://www.yuzhnoye.com/ua/home/,2026-09-10T04:44:19.059655+00:00,Pivdenne Design Office,5500
1.0,STARTUP,Wikidata,http://www.qvc.com,2026-09-10T04:44:19.060910+00:00,QVC,
1.0,STARTUP,Wikidata,http://apollinaris.de/,2026-09-10T04:44:19.063210+00:00,Apollinaris,450
1.0,STARTUP,Wikidata,http://www.symantec.com,2026-09-10T04:44:19.064194+00:00,Altiris,
1.0,STARTUP,Wikidata,https://www.apollo.de/,2026-09-10T04:44:19.066470+00:00,Apollo-Optik,
1.0,STARTUP,Wikidata,http://www.wistron.com/,2026-09-10T04:44:19.067617+00:00,Wistron,50733
1.0,STARTUP,Wikidata,http://www.cab.jo/,2026-09-10T04:44:19.070264+00:00,Cairo Amman Bank,
1.0,STARTUP,Wikidata,http://maquet.com,2026-09-10T04:44:19.071423+00:00,Maquet,
1.0,STARTUP,Wikidata,http://www.apollo.edu,2026-09-10T04:44:19.073700+00:00,Apollo Group,
1.0,STARTUP,Wikidata,http://www.ipsen.de,2026-09-10T04:44:19.074634+00:00,Ipsen International Holding,765
1.0,STARTUP,Wikidata,https://www.apollo.com/,2026-09-10T04:44:19.077185+00:00,Apollo Global Management,
1.0,STARTUP,Wikidata,https://www.transdev.com,2026-09-10T04:44:19.078043+00:00,Transdev S.A.,
1.0,STARTUP,Wikidata,https://www.coolermaster.com/,2026-09-10T04:44:19.080423+00:00,Cooler Master,
1.0,STARTUP,Wikidata,https://www.cube.eu/,2026-09-10T04:44:19.081396+00:00,Cube,
1.0,STARTUP,Wikidata,http://www.merida-bikes.com/,2026-09-10T04:44:19.083656+00:00,Merida Bikes,
1.0,STARTUP,Wikidata,http://www.marburg.com/,2026-09-10T04:44:19.085825+00:00,Marburger Tapetenfabrik,
1.0,STARTUP,Wikidata,http://www.lian-li.com/,2026-09-10T04:44:19.086846+00:00,Lian Li Industrial,153
1.0,STARTUP,Wikidata,https://www.belshina.by/,2026-09-10T04:44:19.089329+00:00,Belshina,
1.0,STARTUP,Wikidata,https://www.realtek.com/,2026-09-10T04:44:19.090384+00:00,Realtek,
1.0,STARTUP,Wikidata,http://www.eppendorf.com/,2026-09-10T04:44:19.092659+00:00,Eppendorf,2723
1.0,STARTUP,Wikidata,https://www.mio.com/,2026-09-10T04:44:19.093912+00:00,Mio,
1.0,STARTUP,Wikidata,http://engine.space/,2026-09-10T04:44:19.098052+00:00,NPO Energomash,5500
1.0,STARTUP,Wikidata,http://www.locanto.de/,2026-09-10T04:44:19.098772+00:00,Locanto,
1.0,STARTUP,Wikidata,http://www.locanto.info/,2026-09-10T04:44:19.102436+00:00,Locanto,
1.0,STARTUP,Wikidata,http://engine.space/eng/,2026-09-10T04:44:19.103084+00:00,NPO Energomash,5500
1.0,STARTUP,Wikidata,https://www.locanto.com/,2026-09-10T04:44:19.106578+00:00,Locanto,
1.0,STARTUP,Wikidata,http://www.npoenergomash.ru/,2026-09-10T04:44:19.107788+00:00,NPO Energomash,5500
1.0,STARTUP,Wikidata,https://www.locanto.com.au/,2026-09-10T04:44:19.110080+00:00,Locanto,
1.0,STARTUP,Wikidata,https://www.finn.no/,2026-09-10T04:44:19.111471+00:00,FINN.no,676
1.0,STARTUP,Wikidata,https://www.eurest.de/,2026-09-10T04:44:19.113730+00:00,Eurest,
1.0,STARTUP,Wikidata,https://www.angloamericanplatinum.com/,2026-09-10T04:44:19.114850+00:00,Anglo American Platinum,
1.0,STARTUP,Wikidata,https://shop.hasbro.com,2026-09-10T04:44:19.116910+00:00,Hasbro,5000
1.0,STARTUP,Wikidata,https://www.stratolaunch.com/,2026-09-10T04:44:19.118476+00:00,Stratolaunch Systems,21
1.0,STARTUP,Wikidata,https://www.ocpgroup.ma/,2026-09-10T04:44:19.121124+00:00,OCP Group,
1.0,STARTUP,Wikidata,http://www.appel-feinkost.de,2026-09-10T04:44:19.122211+00:00,Appel Feinkost,
1.0,STARTUP,Wikidata,https://www.ocpgroup.ma/ar,2026-09-10T04:44:19.124357+00:00,OCP Group,
1.0,STARTUP,Wikidata,http://www.twostepsfromhell.com,2026-09-10T04:44:19.125340+00:00,Two Steps from Hell,
1.0,STARTUP,Wikidata,https://www.ocpgroup.ma/fr,2026-09-10T04:44:19.127852+00:00,OCP Group,
1.0,STARTUP,Wikidata,https://www.goodyear.com/,2026-09-10T04:44:19.129009+00:00,Goodyear Tire and Rubber Company,63000
1.0,STARTUP,Wikidata,http://www.dnvsoftware.com/,2026-09-10T04:44:19.131249+00:00,DNV Software,
1.0,STARTUP,Wikidata,https://www.weatherford.com,2026-09-10T04:44:19.132187+00:00,Weatherford International,
1.0,STARTUP,Wikidata,https://www.leaseweb.com,2026-09-10T04:44:19.134593+00:00,LeaseWeb,
1.0,STARTUP,Wikidata,https://www.fanniemae.com/,2026-09-10T04:44:19.135914+00:00,Fannie Mae,7700
1.0,STARTUP,Wikidata,http://www.urbanair.cz/,2026-09-10T04:44:19.138319+00:00,Urban Air,
1.0,STARTUP,Wikidata,https://www.dyson.com,2026-09-10T04:44:19.139509+00:00,Dyson,7000
1.0,STARTUP,Wikidata,https://blackberry.com,2026-09-10T04:44:19.141622+00:00,BlackBerry,3647
1.0,STARTUP,Wikidata,http://www.appletonrum.it/,2026-09-10T04:44:19.142707+00:00,Appleton Estate,
1.0,STARTUP,Wikidata,http://www.leidos.com,2026-09-10T04:44:19.145134+00:00,Leidos,
1.0,STARTUP,Wikidata,https://www.discovery.com/,2026-09-10T04:44:19.146222+00:00,"Discovery, Inc.",11000
1.0,STARTUP,Wikidata,http://www.friendslife.com/,2026-09-10T04:44:19.148547+00:00,Friends Provident,
1.0,STARTUP,Wikidata,https://www.appliedmaterials.com/,2026-09-10T04:44:19.149545+00:00,Applied Materials,
1.0,STARTUP,Wikidata,http://www.hammerson.co.uk,2026-09-10T04:44:19.152074+00:00,Hammerson,
1.0,STARTUP,Wikidata,http://www.applusidiada.com/,2026-09-10T04:44:19.153390+00:00,Applus+ IDIADA,
1.0,STARTUP,Wikidata,https://www.lear.com/,2026-09-10T04:44:19.155965+00:00,Lear Corporation,
1.0,STARTUP,Wikidata,http://astm.org,2026-09-10T04:44:19.157169+00:00,American Society for Testing and Materials,
1.0,STARTUP,Wikidata,http://www.matthey.com,2026-09-10T04:44:19.159457+00:00,Johnson Matthey,
1.0,STARTUP,Wikidata,https://www.astm.org,2026-09-10T04:44:19.160818+00:00,American Society for Testing and Materials,
1.0,STARTUP,Wikidata,http://www.smith-nephew.com,2026-09-10T04:44:19.163504+00:00,Smith & Nephew,11000
1.0,STARTUP,Wikidata,http://www.vreg.com/,2026-09-10T04:44:19.165130+00:00,Village Roadshow Pictures,
1.0,STARTUP,Wikidata,http://www.cooleywhiskey.com/,2026-09-10T04:44:19.167257+00:00,Cooley Distillery,
1.0,STARTUP,Wikidata,http://www.aquafon.com,2026-09-10T04:44:19.169098+00:00,Aquafon,
1.0,STARTUP,Wikidata,http://www.intu.co.uk,2026-09-10T04:44:19.171757+00:00,Intu Properties,
1.0,STARTUP,Wikidata,http://www.rovergroup.info,2026-09-10T04:44:19.172989+00:00,Rovercomputers,
1.0,STARTUP,Wikidata,http://www.intugroup.co.uk/,2026-09-10T04:44:19.175080+00:00,Intu Properties,
1.0,STARTUP,Wikidata,http://www.gemaengine.com,2026-09-10T04:44:19.176305+00:00,Global Engine Manufacturing Alliance,
1.0,STARTUP,Wikidata,http://www.muckyfoot.com/,2026-09-10T04:44:19.178787+00:00,Mucky Foot Productions,
1.0,STARTUP,Wikidata,http://www.aquariusplatinum.com,2026-09-10T04:44:19.179969+00:00,Aquarius Platinum,
1.0,STARTUP,Wikidata,http://nielsen-online.com,2026-09-10T04:44:19.182186+00:00,Nielsen Online,
1.0,STARTUP,Wikidata,http://www.aquatherm.de/,2026-09-10T04:44:19.183201+00:00,Aquatherm,
1.0,STARTUP,Wikidata,https://www.msi.com/,2026-09-10T04:44:19.185623+00:00,Micro-Star International,18000
1.0,STARTUP,Wikidata,http://www.aquila-aviation.de,2026-09-10T04:44:19.187124+00:00,Aquila Aviation,
1.0,STARTUP,Wikidata,https://www.gd.com/,2026-09-10T04:44:19.189250+00:00,General Dynamics,83500
1.0,STARTUP,Wikidata,http://www.blackhillsenergy.com/,2026-09-10T04:44:19.190497+00:00,"Aquila, Inc.",
1.0,STARTUP,Wikidata,http://www.unitedutilities.com/,2026-09-10T04:44:19.192637+00:00,United Utilities,
1.0,STARTUP,Wikidata,http://www.sgi.com/,2026-09-10T04:44:19.193890+00:00,Silicon Graphics,
1.0,STARTUP,Wikidata,http://www.synthes.com,2026-09-10T04:44:19.196108+00:00,Synthes,
1.0,STARTUP,Wikidata,http://www.gmexico.com/,2026-09-10T04:44:19.197273+00:00,Grupo México,
1.0,STARTUP,Wikidata,https://www.stwater.co.uk/,2026-09-10T04:44:19.199336+00:00,Severn Trent,
1.0,STARTUP,Wikidata,https://www.about.ara-shoes.de,2026-09-10T04:44:19.200470+00:00,Ara AG,
1.0,STARTUP,Wikidata,https://www.petrochina.com.cn,2026-09-10T04:44:19.202912+00:00,PetroChina Company Limited,521566
1.0,STARTUP,Wikidata,http://www.aav.com.eg/,2026-09-10T04:44:19.204323+00:00,Arab American Vehicles,
1.0,STARTUP,Wikidata,https://petrochinaintl.com.hk/,2026-09-10T04:44:19.206480+00:00,PetroChina Company Limited,521566
1.0,STARTUP,Wikidata,http://www.gmarket.co.kr,2026-09-10T04:44:19.207668+00:00,Gmarket,
1.0,STARTUP,Wikidata,https://www.southwest.com/,2026-09-10T04:44:19.209410+00:00,Southwest Airlines,59793
1.0,STARTUP,Wikidata,http://www.arabia.fi/,2026-09-10T04:44:19.211094+00:00,Arabia,
1.0,STARTUP,Wikidata,https://espanol.southwest.com/,2026-09-10T04:44:19.213228+00:00,Southwest Airlines,59793
1.0,STARTUP,Wikidata,http://www.gscaltex.com/,2026-09-10T04:44:19.214388+00:00,GS Caltex,
1.0,STARTUP,Wikidata,https://www.victorinox.com,2026-09-10T04:44:19.216428+00:00,Victorinox,
1.0,STARTUP,Wikidata,http://www.samsungcard.com,2026-09-10T04:44:19.217554+00:00,Samsung Card,2082
1.0,STARTUP,Wikidata,http://www.resolutionplc.com/,2026-09-10T04:44:19.220069+00:00,Resolution plc,
1.0,STARTUP,Wikidata,http://www.crown.co.kr/,2026-09-10T04:44:19.221509+00:00,Crown Confectionery,
1.0,STARTUP,Wikidata,http://gillette.com,2026-09-10T04:44:19.223070+00:00,Gillette,
1.0,STARTUP,Wikidata,http://www.trigem.co.kr/,2026-09-10T04:44:19.225025+00:00,TriGem,
1.0,STARTUP,Wikidata,https://www.ricoh-imaging.co.jp/,2026-09-10T04:44:19.226202+00:00,Pentax,1661
1.0,STARTUP,Wikidata,http://www.jhmd.cz/,2026-09-10T04:44:19.228676+00:00,Jindřichohradecké místní dráhy,
1.0,STARTUP,Wikidata,https://www.optiarcinc.com/,2026-09-10T04:44:19.229800+00:00,Sony Optiarc,
1.0,STARTUP,Wikidata,https://www.ikbc.co.kr/,2026-09-10T04:44:19.231924+00:00,Kwangju Broadcasting Corporation,
1.0,STARTUP,Wikidata,https://www.commscope.com/Andrew-Telecom/,2026-09-10T04:44:19.233067+00:00,Andrew Corporation,
1.0,STARTUP,Wikidata,https://cvshealth.com/,2026-09-10T04:44:19.235603+00:00,CVS Health,300000
1.0,STARTUP,Wikidata,http://www.neufcegetel.fr,2026-09-10T04:44:19.236869+00:00,Neuf Cegetel,
1.0,STARTUP,Wikidata,http://www.ehyundai.com/,2026-09-10T04:44:19.239119+00:00,Hyundai Department Store,
1.0,STARTUP,Wikidata,https://hibu.com/,2026-09-10T04:44:19.240336+00:00,Hibu,
1.0,STARTUP,Wikidata,https://www.arabsat.com/,2026-09-10T04:44:19.242504+00:00,Arab Satellite Communications Organization,
1.0,STARTUP,Wikidata,https://www.lvmh.com/,2026-09-10T04:44:19.244203+00:00,LVMH,215000
1.0,STARTUP,Wikidata,https://www.arabsat.com/ar/,2026-09-10T04:44:19.246515+00:00,Arab Satellite Communications Organization,
1.0,STARTUP,Wikidata,https://www.chocolatfrey.com/,2026-09-10T04:44:19.247654+00:00,Chocolat Frey,
1.0,STARTUP,Wikidata,http://www.thefaceshop.com/,2026-09-10T04:44:19.251484+00:00,The Face Shop,
1.0,STARTUP,Wikidata,https://www.capgroup.com,2026-09-10T04:44:19.253124+00:00,Capital Group Companies,7000
1.0,STARTUP,Wikidata,http://www.strabag.com,2026-09-10T04:44:19.248427+00:00,Strabag,71839
1.0,STARTUP,Wikidata,https://www.red.org/,2026-09-10T04:44:19.256170+00:00,Product Red,
1.0,STARTUP,Wikidata,http://www.tap-ag.com/,2026-09-10T04:44:19.257645+00:00,Trans Adriatic Pipeline,250
1.0,STARTUP,Wikidata,http://www.strabag.de/,2026-09-10T04:44:19.259603+00:00,Strabag,71839
1.0,STARTUP,Wikidata,https://www.skylife.co.kr/,2026-09-10T04:44:19.261322+00:00,KT Skylife,
1.0,STARTUP,Wikidata,https://www.stoxx.com,2026-09-10T04:44:19.264589+00:00,Stoxx Limited,
1.0,STARTUP,Wikidata,https://www.kla.com/,2026-09-10T04:44:19.266565+00:00,KLA Corporation,
1.0,STARTUP,Wikidata,https://www.bernmobil.ch,2026-09-10T04:44:19.270607+00:00,Bernmobil,912
1.0,STARTUP,Wikidata,http://www.rieter.com,2026-09-10T04:44:19.276636+00:00,Rieter,
1.0,STARTUP,Wikidata,http://www.habasit.com/,2026-09-10T04:44:19.281410+00:00,Habasit Holding,
1.0,STARTUP,Wikidata,http://2dboy.com/,2026-09-10T04:44:19.285197+00:00,2D Boy,
1.0,STARTUP,Wikidata,http://www.vbz.ch,2026-09-10T04:44:19.289396+00:00,Verkehrsbetriebe Zürich,2576
1.0,STARTUP,Wikidata,https://www.tomtom.com/,2026-09-10T04:44:19.293135+00:00,TomTom,4500
1.0,STARTUP,Wikidata,https://www.crunchyroll.com/about/,2026-09-10T04:44:19.297192+00:00,Crunchyroll SA,
1.0,STARTUP,Wikidata,https://www.n-sharyo.co.jp/,2026-09-10T04:44:19.301170+00:00,Nippon Sharyo,
1.0,STARTUP,Wikidata,http://www.qimonda.com,2026-09-10T04:44:19.305071+00:00,Qimonda,
1.0,STARTUP,Wikidata,http://www.linde.com/,2026-09-10T04:44:19.307435+00:00,Linde Group,66323
1.0,STARTUP,Wikidata,http://www.lanxess.com,2026-09-10T04:44:19.309450+00:00,Lanxess,13200
1.0,STARTUP,Wikidata,https://sodastream.com/,2026-09-10T04:44:19.311393+00:00,SodaStream,
1.0,STARTUP,Wikidata,https://www.kingfisher.com/,2026-09-10T04:44:19.313366+00:00,Kingfisher plc,
1.0,STARTUP,Wikidata,https://www.thorntons.co.uk/,2026-09-10T04:44:19.315193+00:00,Thorntons,
1.0,STARTUP,Wikidata,http://www.scjohnson.com/,2026-09-10T04:44:19.317015+00:00,S. C. Johnson & Son,
1.0,STARTUP,Wikidata,https://particuliers.primeo-energie.fr,2026-09-10T04:44:19.319159+00:00,EBM,633
1.0,STARTUP,Wikidata,https://www.primeo-energie.ch/,2026-09-10T04:44:19.321217+00:00,EBM,633
1.0,STARTUP,Wikidata,http://www.aichikikai.co.jp/,2026-09-10T04:44:19.323172+00:00,Aichi Machine Industry,
1.0,STARTUP,Wikidata,https://www.aichi-steel.co.jp/,2026-09-10T04:44:19.325131+00:00,Aichi Steel,
1.0,STARTUP,Wikidata,http://www.airasiax.com,2026-09-10T04:44:19.327132+00:00,AirAsia X,
1.0,STARTUP,Wikidata,http://www.airplus.com,2026-09-10T04:44:19.329059+00:00,AirPlus International,
1.0,STARTUP,Wikidata,http://www.air-caledonie.nc,2026-09-10T04:44:19.330855+00:00,Air Calédonie,
1.0,STARTUP,Wikidata,https://www.three.com/,2026-09-10T04:44:19.332677+00:00,3,
1.0,STARTUP,Wikidata,https://www.airliquide.ca/,2026-09-10T04:44:19.334762+00:00,Air Liquide,67800
1.0,STARTUP,Wikidata,https://www.airliquide.com/,2026-09-10T04:44:19.337032+00:00,Air Liquide,67800
1.0,STARTUP,Wikidata,http://airproducts.com,2026-09-10T04:44:19.339059+00:00,Air Products & Chemicals,
1.0,STARTUP,Wikidata,https://uk.airfix.com/,2026-09-10T04:44:19.341020+00:00,Airfix,
1.0,STARTUP,Wikidata,http://www.airportthai.co.th/,2026-09-10T04:44:19.343051+00:00,Airports of Thailand,
1.0,STARTUP,Wikidata,https://www.airstream.com/,2026-09-10T04:44:19.345192+00:00,Airstream,1074
1.0,STARTUP,Wikidata,https://www.sseairtricity.com,2026-09-10T04:44:19.347099+00:00,SSE Airtricity,
1.0,STARTUP,Wikidata,http://www.airwalk.com,2026-09-10T04:44:19.349016+00:00,Airwalk,
1.0,STARTUP,Wikidata,https://www.int-aiwa.com/,2026-09-10T04:44:19.350889+00:00,Aiwa,1114
1.0,STARTUP,Wikidata,http://www.aixtron.com,2026-09-10T04:44:19.353110+00:00,Aixtron SE,1029
1.0,STARTUP,Wikidata,https://www.ajinomoto.co.jp/,2026-09-10T04:44:19.355375+00:00,Ajinomoto,
1.0,STARTUP,Wikidata,https://www.akademische.de/,2026-09-10T04:44:19.357292+00:00,Akademische Arbeitsgemeinschaft,
1.0,STARTUP,Wikidata,https://www.akai.com/,2026-09-10T04:44:19.359058+00:00,Akai,
1.0,STARTUP,Wikidata,https://www.akamai.com/,2026-09-10T04:44:19.361121+00:00,Akamai Technologies,8368
1.0,STARTUP,Wikidata,https://www.akbank.com/,2026-09-10T04:44:19.363029+00:00,Akbank,
1.0,STARTUP,Wikidata,https://www.akerasa.com,2026-09-10T04:44:19.364808+00:00,Aker,46
1.0,STARTUP,Wikidata,https://www.akersolutions.com,2026-09-10T04:44:19.366797+00:00,Aker Solutions,11000
1.0,STARTUP,Wikidata,http://akismet.com/,2026-09-10T04:44:19.368932+00:00,Akismet,
1.0,STARTUP,Wikidata,https://akitashoten.co.jp/,2026-09-10T04:44:19.371062+00:00,Akita Shoten,
1.0,STARTUP,Wikidata,https://wix.com/,2026-09-10T04:44:19.373009+00:00,Wix.com,5929
1.0,STARTUP,Wikidata,http://www.casumina.com.vn/,2026-09-10T04:44:19.374813+00:00,Casumina,
1.0,STARTUP,Wikidata,http://www.ctigroup.com.hk,2026-09-10T04:44:19.376847+00:00,City Telecom,
1.0,STARTUP,Wikidata,http://www.skelleftebuss.se,2026-09-10T04:44:19.378887+00:00,Skellefteå Buss,
1.0,STARTUP,Wikidata,http://www.akris.ch,2026-09-10T04:44:19.380653+00:00,Akris,
1.0,STARTUP,Wikidata,https://www.gapinc.com,2026-09-10T04:44:19.382503+00:00,Gap Inc.,152000
1.0,STARTUP,Wikidata,https://www.firestone.com/,2026-09-10T04:44:19.384379+00:00,Firestone Tire and Rubber Company,23000
1.0,STARTUP,Wikidata,http://www.irkut.com/en/,2026-09-10T04:44:19.386638+00:00,Yakovlev Corporation,
1.0,STARTUP,Wikidata,http://www.knaapo.ru/,2026-09-10T04:44:19.388685+00:00,Komsomolsk-on-Amur Aircraft Production Association,13500
1.0,STARTUP,Wikidata,http://www.disneycruise.com/,2026-09-10T04:44:19.390413+00:00,Disney Cruise Line,
1.0,STARTUP,Wikidata,http://www.eiko-j.net/,2026-09-10T04:44:19.392155+00:00,"EIKO Co.,Ltd.",
1.0,STARTUP,Wikidata,http://www.aga.se/en,2026-09-10T04:44:19.394212+00:00,AGA AB,
1.0,STARTUP,Wikidata,http://www.aga.se/international/web/lg/se/likelgagase.nsf/docbyalias/Homepage,2026-09-10T04:44:19.400170+00:00,AGA AB,
1.0,STARTUP,Wikidata,https://www.aktienbrauerei.de/,2026-09-10T04:44:19.403176+00:00,Aktienbrauerei Kaufbeuren,
1.0,STARTUP,Wikidata,http://www.agiv.de/,2026-09-10T04:44:19.405460+00:00,Aktiengesellschaft für Industrie und Verkehrswesen,
1.0,STARTUP,Wikidata,https://www.avu.de/,2026-09-10T04:44:19.407353+00:00,AVU,
1.0,STARTUP,Wikidata,https://coredp.com/,2026-09-10T04:44:19.409328+00:00,C.O.R.E.,
1.0,STARTUP,Wikidata,https://www.asm-ev.de/,2026-09-10T04:44:19.411442+00:00,Aktionsgemeinschaft Soziale Marktwirtschaft,
1.0,STARTUP,Wikidata,http://www.akubra.com.au/,2026-09-10T04:44:19.413402+00:00,Akubra,
1.0,STARTUP,Wikidata,https://www.akzonobel.com/,2026-09-10T04:44:19.415253+00:00,Akzo Nobel Coatings,
1.0,STARTUP,Wikidata,https://www.akzonobel.com/de/ueberuns/standorte/standorte_deutschland/standort_koeln_decorative_paints.aspx,2026-09-10T04:44:19.417031+00:00,Akzo Nobel Deco,
1.0,STARTUP,Wikidata,https://www.kline.co.jp/,2026-09-10T04:44:19.419212+00:00,K Line,
1.0,STARTUP,Wikidata,https://www.t-mobile.pl/,2026-09-10T04:44:19.421356+00:00,T-Mobile Polska,4400
1.0,STARTUP,Wikidata,https://www.sayerlack.com/,2026-09-10T04:44:19.423261+00:00,Sayerlack,
1.0,STARTUP,Wikidata,http://www.sanmina.com,2026-09-10T04:44:19.425136+00:00,Sanmina Corporation,
1.0,STARTUP,Wikidata,http://www.sedus.com,2026-09-10T04:44:19.427090+00:00,Sedus,
1.0,STARTUP,Wikidata,https://www.pepejeans.com/es_es/,2026-09-10T04:44:19.429174+00:00,Pepe Jeans,
1.0,STARTUP,Wikidata,http://www.knipex.de/,2026-09-10T04:44:19.431084+00:00,Knipex,
1.0,STARTUP,Wikidata,https://www.knipex-tools.com/,2026-09-10T04:44:19.432822+00:00,Knipex,
1.0,STARTUP,Wikidata,http://www.inphase-tech.com/,2026-09-10T04:44:19.434831+00:00,InPhase Technologies,
1.0,STARTUP,Wikidata,https://www.royalcaribbeangroup.com/,2026-09-10T04:44:19.437131+00:00,Royal Caribbean Group,107
1.0,STARTUP,Wikidata,http://www.assomption.ca/,2026-09-10T04:44:19.439092+00:00,Assumption Life,
1.0,STARTUP,Wikidata,http://www.animusic.com,2026-09-10T04:44:19.440894+00:00,Animusic,
1.0,STARTUP,Wikidata,http://www.pitneybowes.com/us,2026-09-10T04:44:19.442734+00:00,Pitney Bowes,
1.0,STARTUP,Wikidata,http://www.cpcompany.com/,2026-09-10T04:44:19.444830+00:00,C.P. Company,
1.0,STARTUP,Wikidata,https://www.caa.ca/,2026-09-10T04:44:19.446656+00:00,Canadian Automobile Association,
1.0,STARTUP,Wikidata,https://www.caa.ca/fr/,2026-09-10T04:44:19.448456+00:00,Canadian Automobile Association,
1.0,STARTUP,Wikidata,http://www.nevz.com/,2026-09-10T04:44:19.450284+00:00,Novocherkassk Electric Locomotive Plant,
1.0,STARTUP,Wikidata,http://www.asa.gob.mx/,2026-09-10T04:44:19.452629+00:00,Aeropuertos y Servicios Auxiliares,
1.0,STARTUP,Wikidata,https://www.telesur.sr/,2026-09-10T04:44:19.454703+00:00,Telesur,
1.0,STARTUP,Wikidata,https://www.coleman.com/,2026-09-10T04:44:19.456631+00:00,Coleman Company,
1.0,STARTUP,Wikidata,https://www.teradata.com,2026-09-10T04:44:19.458468+00:00,Teradata,8300
1.0,STARTUP,Wikidata,http://www.witricity.com/,2026-09-10T04:44:19.460488+00:00,WiTricity,
1.0,STARTUP,Wikidata,http://www.hutschenreuther.com,2026-09-10T04:44:19.462419+00:00,Hutschenreuther,
1.0,STARTUP,Wikidata,https://www.mansourgroup.com/,2026-09-10T04:44:19.464221+00:00,Mansour Group,60000
1.0,STARTUP,Wikidata,http://www.bruker.com,2026-09-10T04:44:19.466050+00:00,Bruker,
1.0,STARTUP,Wikidata,https://www.mobility.siemens.com/,2026-09-10T04:44:22.635938+00:00,Siemens Mobility,38200
1.0,STARTUP,Wikidata,https://www.eslitecorp.com,2026-09-10T04:44:22.641911+00:00,Eslite Bookstore,
1.0,STARTUP,Wikidata,http://www.vagonka.cz/,2026-09-10T04:44:22.646872+00:00,Škoda Vagonka,
1.0,STARTUP,Wikidata,http://www.deutschebahn.com,2026-09-10T04:44:22.650539+00:00,DB Mobility Logistics,177504
1.0,STARTUP,Wikidata,http://www.brown-forman.com,2026-09-10T04:44:22.653987+00:00,Brown-Forman,
1.0,STARTUP,Wikidata,http://www.necaonline.com,2026-09-10T04:44:22.656717+00:00,National Entertainment Collectibles Association,
1.0,STARTUP,Wikidata,http://www.ageas.com.hk/eng/index.htm,2026-09-10T04:44:22.659742+00:00,FTLife,
1.0,STARTUP,Wikidata,http://www.ageas.com,2026-09-10T04:44:22.662210+00:00,Ageas,
1.0,STARTUP,Wikidata,http://www.ageia.com,2026-09-10T04:44:22.664331+00:00,Ageia,
1.0,STARTUP,Wikidata,http://www.vaso.ru,2026-09-10T04:44:22.666451+00:00,Voronezh Aircraft Production Association,
1.0,STARTUP,Wikidata,http://www.avn.info.ve,2026-09-10T04:44:22.668681+00:00,Agencia Venezolana de Noticias,
1.0,STARTUP,Wikidata,https://www.americanapparel.com,2026-09-10T04:44:22.670715+00:00,American Apparel Inc.,
1.0,STARTUP,Wikidata,https://www.andersen.com,2026-09-10T04:44:22.673837+00:00,Arthur Andersen,
1.0,STARTUP,Wikidata,https://www.americanapparel.com.au,2026-09-10T04:44:22.675614+00:00,American Apparel Inc.,
1.0,STARTUP,Wikidata,https://www.agentprovocateur.com/,2026-09-10T04:44:22.677026+00:00,Agent Provocateur,600
1.0,STARTUP,Wikidata,https://www.aaa.com/,2026-09-10T04:44:22.679652+00:00,American Automobile Association,
1.0,STARTUP,Wikidata,https://www.dqsglobal.com,2026-09-10T04:44:22.680810+00:00,DQS,
1.0,STARTUP,Wikidata,http://www.americanbridge.net/,2026-09-10T04:44:22.683099+00:00,American Bridge Company,
1.0,STARTUP,Wikidata,http://www.ub.lt,2026-09-10T04:44:22.684149+00:00,Ūkio bankas,
1.0,STARTUP,Wikidata,https://www.aep.com,2026-09-10T04:44:22.687066+00:00,American Electric Power,
1.0,STARTUP,Wikidata,http://www.agfeo.de,2026-09-10T04:44:22.688206+00:00,Agfeo,
1.0,STARTUP,Wikidata,http://www.hughes-and-kettner.com,2026-09-10T04:44:22.690432+00:00,Hughes & Kettner,
1.0,STARTUP,Wikidata,http://www.synergium.eu,2026-09-10T04:44:22.691432+00:00,Synergium,
1.0,STARTUP,Wikidata,http://www.casinos.at,2026-09-10T04:44:22.693896+00:00,Casinos Austria,
1.0,STARTUP,Wikidata,https://www.zsr.sk,2026-09-10T04:44:22.695084+00:00,Railways of the Slovak Republic,13665
1.0,STARTUP,Wikidata,https://www.americangreetings.com/,2026-09-10T04:44:22.697235+00:00,American Greetings,
1.0,STARTUP,Wikidata,http://www.zscargo.sk/,2026-09-10T04:44:22.698246+00:00,Železničná spoločnosť Cargo Slovakia,
1.0,STARTUP,Wikidata,https://www.diehl.com/defence/en/,2026-09-10T04:44:22.700420+00:00,Diehl Defence,1650
1.0,STARTUP,Wikidata,https://www.zssk.sk/,2026-09-10T04:44:22.701650+00:00,Železničná spoločnosť Slovensko,5952
1.0,STARTUP,Wikidata,http://www.geberit.com,2026-09-10T04:44:22.704346+00:00,Geberit,
1.0,STARTUP,Wikidata,http://www.agilent.com,2026-09-10T04:44:22.705479+00:00,Agilent Technologies,17671
1.0,STARTUP,Wikidata,http://www.aifs.de/,2026-09-10T04:44:22.707810+00:00,American Institute for Foreign Study,
1.0,STARTUP,Wikidata,https://www.zpienas.lt/,2026-09-10T04:44:22.708942+00:00,"Žemaitijos Pienas, AB",1251
1.0,STARTUP,Wikidata,https://www.ieee.org/,2026-09-10T04:44:22.711370+00:00,American Institute of Electrical Engineers,
1.0,STARTUP,Wikidata,https://www.agogo-records.com/,2026-09-10T04:44:22.712511+00:00,Agogo Records,
1.0,STARTUP,Wikidata,http://www.dolmarpowerproducts.com,2026-09-10T04:44:22.714750+00:00,Dolmar,
1.0,STARTUP,Wikidata,https://www.agrale.com.br/,2026-09-10T04:44:22.715753+00:00,Agrale,12300
1.0,STARTUP,Wikidata,http://www.miramax.com,2026-09-10T04:44:22.718187+00:00,Miramax,
1.0,STARTUP,Wikidata,https://fr.agrana.com/home,2026-09-10T04:44:22.719484+00:00,Agrana,9000
1.0,STARTUP,Wikidata,https://www.ami.com/,2026-09-10T04:44:22.721939+00:00,American Megatrends,
1.0,STARTUP,Wikidata,https://www.agravis.de/de,2026-09-10T04:44:22.723158+00:00,Agravis Raiffeisen,
1.0,STARTUP,Wikidata,https://chipotle.com/,2026-09-10T04:44:22.725308+00:00,Chipotle Mexican Grill,45200
1.0,STARTUP,Wikidata,https://www.agravis.de/en,2026-09-10T04:44:22.726570+00:00,Agravis Raiffeisen,
1.0,STARTUP,Wikidata,http://www.aceralia.es/,2026-09-10T04:44:22.728896+00:00,Aceralia,
1.0,STARTUP,Wikidata,https://www.agria.de/,2026-09-10T04:44:22.730136+00:00,Agria-Werke,
1.0,STARTUP,Wikidata,https://www.reebok.com/,2026-09-10T04:44:22.732288+00:00,Reebok,
1.0,STARTUP,Wikidata,http://www.agribank.com.na,2026-09-10T04:44:22.733428+00:00,Agricultural Bank of Namibia,
1.0,STARTUP,Wikidata,http://www.hama.fr,2026-09-10T04:44:22.736038+00:00,Hama,
1.0,STARTUP,Wikidata,http://www.agrobanka.co.rs/,2026-09-10T04:44:22.737273+00:00,Agrobanka,
1.0,STARTUP,Wikidata,http://www.apl.com,2026-09-10T04:44:22.739570+00:00,American President Lines,7400
1.0,STARTUP,Wikidata,http://www.agrochema.lt/,2026-09-10T04:44:22.740628+00:00,"Agrochema, UAB",
1.0,STARTUP,Wikidata,https://www.apc.com/,2026-09-10T04:44:22.742845+00:00,APC by Schneider Electric,
1.0,STARTUP,Wikidata,http://www.agrokor.hr/,2026-09-10T04:44:22.744207+00:00,Agrokor,40000
1.0,STARTUP,Wikidata,https://www.apc.com/de/de/,2026-09-10T04:44:22.746458+00:00,APC by Schneider Electric,
1.0,STARTUP,Wikidata,http://www.jti.com,2026-09-10T04:44:22.747657+00:00,Japan Tobacco International,
1.0,STARTUP,Wikidata,https://www.apc.com/es/es/,2026-09-10T04:44:22.749711+00:00,APC by Schneider Electric,
1.0,STARTUP,Wikidata,https://www.leonardo.com/it/home,2026-09-10T04:44:22.751040+00:00,Agusta,
1.0,STARTUP,Wikidata,https://www.apc.com/fr/fr/,2026-09-10T04:44:22.753746+00:00,APC by Schneider Electric,
1.0,STARTUP,Wikidata,https://helicopters.leonardo.com,2026-09-10T04:44:22.754960+00:00,AgustaWestland,13050
1.0,STARTUP,Wikidata,https://www.apc.com/it/it/,2026-09-10T04:44:22.757233+00:00,APC by Schneider Electric,
1.0,STARTUP,Wikidata,http://www.portalangop.co.ao/motix/pt_pt/portal/capa/index.html,2026-09-10T04:44:22.758357+00:00,ANGOP,
1.0,STARTUP,Wikidata,https://www.apc.com/kr/ko/,2026-09-10T04:44:22.760694+00:00,APC by Schneider Electric,
1.0,STARTUP,Wikidata,http://www.csn.com.br/,2026-09-10T04:44:22.761797+00:00,Companhia Siderúrgica Nacional,
1.0,STARTUP,Wikidata,https://www.apc.com/pl/pl/,2026-09-10T04:44:22.764303+00:00,APC by Schneider Electric,
1.0,STARTUP,Wikidata,http://www.ahlers-vogel.de/,2026-09-10T04:44:22.765701+00:00,Ahlers & Vogel,
1.0,STARTUP,Wikidata,https://www.apc.com/pt/pt/,2026-09-10T04:44:22.768291+00:00,APC by Schneider Electric,
1.0,STARTUP,Wikidata,https://www.ahlstrom.com/,2026-09-10T04:44:22.769641+00:00,Ahlstrom-Munksjö,
1.0,STARTUP,Wikidata,https://www.apc.com/ru/ru/,2026-09-10T04:44:22.771975+00:00,APC by Schneider Electric,
1.0,STARTUP,Wikidata,https://www.ahnlab.com,2026-09-10T04:44:22.773222+00:00,AhnLab Inc,
1.0,STARTUP,Wikidata,https://www.apc.com/ua/uk/,2026-09-10T04:44:22.775147+00:00,APC by Schneider Electric,
1.0,STARTUP,Wikidata,http://www.ahorn-ag.de/,2026-09-10T04:44:22.776461+00:00,Ahorn-Grieneisen,
1.0,STARTUP,Wikidata,https://www.apc.com/us/en/,2026-09-10T04:44:22.778363+00:00,APC by Schneider Electric,
1.0,STARTUP,Wikidata,https://www.orbcomm.com/,2026-09-10T04:44:22.780090+00:00,Orbcomm,
1.0,STARTUP,Wikidata,https://www.luxlait.lu/,2026-09-10T04:44:22.781611+00:00,Luxlait,
1.0,STARTUP,Wikidata,https://www.beeline.ru/,2026-09-10T04:44:22.783315+00:00,Beeline,
1.0,STARTUP,Wikidata,https://www.cactus.lu/,2026-09-10T04:44:22.785074+00:00,Cactus,4030
1.0,STARTUP,Wikidata,https://www.neoplan.com/,2026-09-10T04:44:22.787571+00:00,Neoplan,8500
1.0,STARTUP,Wikidata,http://www.bembos.com.pe,2026-09-10T04:44:22.788812+00:00,Bembos,
1.0,STARTUP,Wikidata,https://www.dei.gr/el,2026-09-10T04:44:22.790588+00:00,Public Power Corporation SA,16747
1.0,STARTUP,Wikidata,http://www.americanstandard.com,2026-09-10T04:44:22.792191+00:00,American Standard Companies,
1.0,STARTUP,Wikidata,https://www.dei.gr/en,2026-09-10T04:44:22.794541+00:00,Public Power Corporation SA,16747
1.0,STARTUP,Wikidata,https://www.bauknecht.eu/,2026-09-10T04:44:22.795761+00:00,Bauknecht,
1.0,STARTUP,Wikidata,https://www.dei.gr,2026-09-10T04:44:22.797895+00:00,Public Power Corporation SA,16747
1.0,STARTUP,Wikidata,http://www.niederegger.de/en/,2026-09-10T04:44:22.799202+00:00,Niederegger,
1.0,STARTUP,Wikidata,https://www.itoh-c.com/,2026-09-10T04:44:22.800929+00:00,Itoh Company,
1.0,STARTUP,Wikidata,https://www.conrad.de,2026-09-10T04:44:22.802826+00:00,Conrad Electronic SE,2300
1.0,STARTUP,Wikidata,https://www.nsg.co.jp/,2026-09-10T04:44:22.805205+00:00,Nippon Sheet Glass,29340
1.0,STARTUP,Wikidata,http://www.amwater.com/,2026-09-10T04:44:22.806527+00:00,American Water Works,
1.0,STARTUP,Wikidata,https://www.lottehotel.com/,2026-09-10T04:44:22.808161+00:00,Lotte Hotels & Resorts,
1.0,STARTUP,Wikidata,https://www.helvetas.org,2026-09-10T04:44:22.809740+00:00,HELVETAS Swiss Intercooperation,
1.0,STARTUP,Wikidata,https://www.nm-initiative.de/en/,2026-09-10T04:44:22.812179+00:00,The North Africa Middle East Initiative of German Business,
1.0,STARTUP,Wikidata,https://www.verizon.com/,2026-09-10T04:44:22.813382+00:00,Verizon,132200
1.0,STARTUP,Wikidata,https://schmidtundbender.de/,2026-09-10T04:44:22.815413+00:00,Schmidt & Bender,
1.0,STARTUP,Wikidata,https://www.verizon.net,2026-09-10T04:44:22.816580+00:00,Verizon,132200
1.0,STARTUP,Wikidata,https://www.neff-home.com/,2026-09-10T04:44:22.818938+00:00,Constructa-Neff,
1.0,STARTUP,Wikidata,http://www.dormakaba.com,2026-09-10T04:44:22.820408+00:00,Dormakaba,16000
1.0,STARTUP,Wikidata,https://www.stada.de/,2026-09-10T04:44:22.822336+00:00,STADA Arzneimittel,
1.0,STARTUP,Wikidata,http://www.gambro.com/,2026-09-10T04:44:22.823856+00:00,Gambro,
1.0,STARTUP,Wikidata,http://www.mahle.com/,2026-09-10T04:44:22.825979+00:00,Behr GmbH & Co. KG,
1.0,STARTUP,Wikidata,https://www.avira.com/,2026-09-10T04:44:22.827510+00:00,Avira,459
1.0,STARTUP,Wikidata,https://www.wartsila.com/,2026-09-10T04:44:22.829212+00:00,Wärtsilä,18000
1.0,STARTUP,Wikidata,http://www.cexpgroup.com,2026-09-10T04:44:22.830831+00:00,Corporate Express,18529
1.0,STARTUP,Wikidata,http://www.enron.com/,2026-09-10T04:44:22.832355+00:00,Enron,20600
1.0,STARTUP,Wikidata,http://www.timken.com/,2026-09-10T04:44:22.834651+00:00,Timken Company,
1.0,STARTUP,Wikidata,https://www.mixmarkt.eu/,2026-09-10T04:44:22.836039+00:00,Mix Markt,
1.0,STARTUP,Wikidata,http://www.hagemeyer.com/,2026-09-10T04:44:22.838501+00:00,Hagemeyer,17519
1.0,STARTUP,Wikidata,https://www.mixmarkt.eu/de/germany/,2026-09-10T04:44:22.839687+00:00,Mix Markt,
1.0,STARTUP,Wikidata,http://www.synetic.de,2026-09-10T04:44:22.841964+00:00,Synetic GmbH,
1.0,STARTUP,Wikidata,https://www.mixmarkt.gr/,2026-09-10T04:44:22.843109+00:00,Mix Markt,
1.0,STARTUP,Wikidata,https://www.bose.com,2026-09-10T04:44:22.847326+00:00,Bose Corporation,
1.0,STARTUP,Wikidata,http://www.textronsystems.com/,2026-09-10T04:44:22.848211+00:00,AAI Corporation,
1.0,STARTUP,Wikidata,https://www.roedl.com/,2026-09-10T04:44:22.851781+00:00,Rödl & Partner,
1.0,STARTUP,Wikidata,http://www.aaon.com,2026-09-10T04:44:22.852408+00:00,AAON,
1.0,STARTUP,Wikidata,https://corporate.visa.com/,2026-09-10T04:44:22.855347+00:00,Visa Inc.,31600
1.0,STARTUP,Wikidata,http://www.tigertelematics.com/index.html,2026-09-10T04:44:22.856735+00:00,Tiger Telematics,
1.0,STARTUP,Wikidata,https://www.adox.de,2026-09-10T04:44:22.858343+00:00,ADOX,
1.0,STARTUP,Wikidata,https://www.gigaset.com/,2026-09-10T04:44:22.860118+00:00,Gigaset Communications,
1.0,STARTUP,Wikidata,http://www.jubii.com/,2026-09-10T04:44:22.861916+00:00,Lycos Europe,
1.0,STARTUP,Wikidata,https://www.leitner.com/it/,2026-09-10T04:44:22.863640+00:00,Leitner AG,
1.0,STARTUP,Wikidata,https://lukoil.com,2026-09-10T04:44:22.865175+00:00,Lukoil,101000
1.0,STARTUP,Wikidata,http://new.abb.com/de/ueber-uns/gesellschaften/abb-stotz-kontakt,2026-09-10T04:44:22.866765+00:00,ABB Stotz-Kontakt,
1.0,STARTUP,Wikidata,http://www.mtr390.com/,2026-09-10T04:44:22.868496+00:00,MTU Turbomeca Rolls-Royce,
1.0,STARTUP,Wikidata,http://www.abdi.kz/,2026-09-10T04:44:22.870614+00:00,ABDI Company,
1.0,STARTUP,Wikidata,https://www.rte.ie/,2026-09-10T04:44:22.872321+00:00,Raidió Teilifís Éireann,1856
1.0,STARTUP,Wikidata,http://www.abg-fh.de/,2026-09-10T04:44:22.874482+00:00,ABG Frankfurt Holding,
1.0,STARTUP,Wikidata,http://www.dfdslisco.com,2026-09-10T04:44:22.875618+00:00,DFDS Lisco,
1.0,STARTUP,Wikidata,http://www.abpinduction.com/de/,2026-09-10T04:44:22.878006+00:00,ABP Induction Systems,
1.0,STARTUP,Wikidata,http://weidenhammer.de/en/home.html,2026-09-10T04:44:22.879162+00:00,Weidenhammer Packaging Group,
1.0,STARTUP,Wikidata,http://www.casavant.ca/,2026-09-10T04:44:22.881250+00:00,Casavant Frères,
1.0,STARTUP,Wikidata,https://absolutmedien.de/,2026-09-10T04:44:22.882488+00:00,Absolut Medien,
1.0,STARTUP,Wikidata,http://n.pl/,2026-09-10T04:44:22.884313+00:00,N,
1.0,STARTUP,Wikidata,https://www.victoriassecret.com/,2026-09-10T04:44:22.886255+00:00,Victoria’s Secret,31000
1.0,STARTUP,Wikidata,http://www.achema.com/,2026-09-10T04:44:22.888029+00:00,"Achema, AB",1143
1.0,STARTUP,Wikidata,https://www.ses.com/,2026-09-10T04:44:22.890118+00:00,SES S.A.,
1.0,STARTUP,Wikidata,http://www.abelektronik.de,2026-09-10T04:44:22.891356+00:00,AB Elektronik,
1.0,STARTUP,Wikidata,https://www.ses.com/de,2026-09-10T04:44:22.893658+00:00,SES S.A.,
1.0,STARTUP,Wikidata,https://www.felix.se,2026-09-10T04:44:22.894877+00:00,AB Felix,
1.0,STARTUP,Wikidata,https://www.ses.com/es,2026-09-10T04:44:22.897027+00:00,SES S.A.,
1.0,STARTUP,Wikidata,http://www.dtpower.com/,2026-09-10T04:44:22.898281+00:00,"Datang International Power Generation Co., Ltd.",
1.0,STARTUP,Wikidata,https://www.ses.com/fr,2026-09-10T04:44:22.900332+00:00,SES S.A.,
1.0,STARTUP,Wikidata,https://www.accobrands.com/,2026-09-10T04:44:22.901801+00:00,ACCO Brands,
1.0,STARTUP,Wikidata,https://www.ses.com/pt,2026-09-10T04:44:22.904286+00:00,SES S.A.,
1.0,STARTUP,Wikidata,http://www.acd-gruppe.de/,2026-09-10T04:44:22.905446+00:00,ACD Gruppe,
1.0,STARTUP,Wikidata,https://www.ses.com/ru,2026-09-10T04:44:22.907576+00:00,SES S.A.,
1.0,STARTUP,Wikidata,https://www.gmparts.com,2026-09-10T04:44:22.908837+00:00,ACDelco,
1.0,STARTUP,Wikidata,https://www.sonymusicpub.com/en,2026-09-10T04:44:22.911228+00:00,Sony Music Publishing,
1.0,STARTUP,Wikidata,https://www.acdsystems.com/,2026-09-10T04:44:22.912420+00:00,ACD Systems,
1.0,STARTUP,Wikidata,http://www.jjmt.com.tw/,2026-09-10T04:44:22.914580+00:00,Johnson & Johnson,136400
1.0,STARTUP,Wikidata,http://www.aceaviation.com/,2026-09-10T04:44:22.915764+00:00,ACE Aviation Holdings,
1.0,STARTUP,Wikidata,http://www.jnj.com.cn,2026-09-10T04:44:22.917986+00:00,Johnson & Johnson,136400
1.0,STARTUP,Wikidata,http://www.acelimited.com/,2026-09-10T04:44:22.919324+00:00,ACE Limited,
1.0,STARTUP,Wikidata,https://www.jnj.com,2026-09-10T04:44:22.921629+00:00,Johnson & Johnson,136400
1.0,STARTUP,Wikidata,https://nielseniq.com,2026-09-10T04:44:22.922939+00:00,NIQ,
1.0,STARTUP,Wikidata,http://www.kosmotras.ru/,2026-09-10T04:44:22.925038+00:00,ISC Kosmotras,
1.0,STARTUP,Wikidata,http://www.aco.com/,2026-09-10T04:44:22.926286+00:00,ACO group,
1.0,STARTUP,Wikidata,http://www.kosmotras.ru/en/,2026-09-10T04:44:22.928534+00:00,ISC Kosmotras,
1.0,STARTUP,Wikidata,http://www.sapporobeer.it,2026-09-10T04:44:22.929754+00:00,Sapporo Breweries,
1.0,STARTUP,Wikidata,http://www.bcbk.ru,2026-09-10T04:44:22.931431+00:00,Kontinentalinvest,
1.0,STARTUP,Wikidata,https://www.sapporobeer.jp/,2026-09-10T04:44:22.933012+00:00,Sapporo Breweries,
1.0,STARTUP,Wikidata,https://www.ml.com,2026-09-10T04:44:22.934988+00:00,Merrill,60000
1.0,STARTUP,Wikidata,http://www.neymann.com,2026-09-10T04:44:22.936941+00:00,Etablissements René Neymann,
1.0,STARTUP,Wikidata,https://morganstanley.com,2026-09-10T04:44:22.939225+00:00,Morgan Stanley,80006
1.0,STARTUP,Wikidata,http://www.orion-electric.co.jp/,2026-09-10T04:44:22.940335+00:00,Orion Electric,
1.0,STARTUP,Wikidata,http://www.abtshof.de,2026-09-10T04:44:22.942544+00:00,Abtshof Magdeburg,
1.0,STARTUP,Wikidata,https://myspace.com/acvalternativecurrent,2026-09-10T04:44:22.944001+00:00,ACV Records,
1.0,STARTUP,Wikidata,http://www.ulker.com.tr/,2026-09-10T04:44:22.946135+00:00,Ülker,8923
1.0,STARTUP,Wikidata,http://www.tbco-libya.com/,2026-09-10T04:44:22.947247+00:00,Trucks and Bus Company,
1.0,STARTUP,Wikidata,http://www.adia.ae,2026-09-10T04:44:22.949342+00:00,Abu Dhabi Investment Authority,
1.0,STARTUP,Wikidata,https://www.gilbertrugby.com/,2026-09-10T04:44:22.950454+00:00,Gilbert Rugby,
1.0,STARTUP,Wikidata,https://damanmarkets.com/ar,2026-09-10T04:44:22.953020+00:00,Abu Dhabi Investment Authority,
1.0,STARTUP,Wikidata,https://www.frog.co,2026-09-10T04:44:22.954263+00:00,Frog Design,
1.0,STARTUP,Wikidata,http://www.abudhabimar.com/,2026-09-10T04:44:22.956585+00:00,Abu Dhabi MAR,
1.0,STARTUP,Wikidata,https://www.cerberuscapital.com/,2026-09-10T04:44:22.957698+00:00,Cerberus Capital Management,
1.0,STARTUP,Wikidata,https://wizzair.com,2026-09-10T04:44:22.960029+00:00,Wizz Air,7300
1.0,STARTUP,Wikidata,http://www.eclipseaviation.com,2026-09-10T04:44:22.961331+00:00,Eclipse Aviation,
1.0,STARTUP,Wikidata,http://www.abuscranes.com,2026-09-10T04:44:22.963574+00:00,Abus Kransysteme,
1.0,STARTUP,Wikidata,http://www.dujotekana.lt/,2026-09-10T04:44:22.964708+00:00,Dujotekana,
1.0,STARTUP,Wikidata,http://www.sungard.com/,2026-09-10T04:44:22.966916+00:00,SunGard,
1.0,STARTUP,Wikidata,http://www.oldmutual.com/,2026-09-10T04:44:22.967859+00:00,Old Mutual,
1.0,STARTUP,Wikidata,http://www.cdcargo.cz/,2026-09-10T04:44:22.970737+00:00,ČD Cargo,
1.0,STARTUP,Wikidata,http://www.sebapharma.com/340.html,2026-09-10T04:44:22.971821+00:00,Sebamed,
1.0,STARTUP,Wikidata,https://www.cez.cz/,2026-09-10T04:44:22.974130+00:00,ČEZ Group,33617
1.0,STARTUP,Wikidata,https://w-jewels.jp/,2026-09-10T04:44:22.975223+00:00,Jewels,
1.0,STARTUP,Wikidata,http://oknoplast.de,2026-09-10T04:44:22.977742+00:00,Oknoplast,
1.0,STARTUP,Wikidata,https://www.deepjewels.com/,2026-09-10T04:44:22.978760+00:00,Jewels,
1.0,STARTUP,Wikidata,http://www.adc.com/,2026-09-10T04:44:22.982698+00:00,ADC Telecommunications,8200
1.0,STARTUP,Wikidata,https://www.adeg.at/,2026-09-10T04:44:22.985301+00:00,ADEG Österreich,
1.0,STARTUP,Wikidata,http://www.cominvest-am.de/,2026-09-10T04:44:22.987514+00:00,ADIG,
1.0,STARTUP,Wikidata,http://www.adina.com,2026-09-10T04:44:22.989510+00:00,ADINA,
1.0,STARTUP,Wikidata,http://www.benningergroup.com/,2026-09-10T04:44:22.991369+00:00,Benninger,
1.0,STARTUP,Wikidata,http://www.schokinag.com,2026-09-10T04:44:22.993354+00:00,Schokinag-Schokolade-Industrie,
1.0,STARTUP,Wikidata,http://www.ado-goldkante.de/,2026-09-10T04:44:22.995285+00:00,ADO Goldkante,
1.0,STARTUP,Wikidata,http://www.bestseller.com/,2026-09-10T05:10:02.611851+00:00,Bestseller,20704
1.0,STARTUP,Wikidata,http://www.dai-ichi-life.co.jp/,2026-09-10T05:10:02.625193+00:00,The Dai-ichi Life Insurance Company,
1.0,STARTUP,Wikidata,http://www.wedgwood.com/,2026-09-10T05:10:02.629296+00:00,Wedgwood,
1.0,STARTUP,Wikidata,https://cineflix.com/,2026-09-10T05:10:02.633045+00:00,Cineflix,
1.0,STARTUP,Wikidata,https://corporate.mattel.com/,2026-09-10T05:10:02.636659+00:00,Mattel,
1.0,STARTUP,Wikidata,http://www.emersonradio.com,2026-09-10T05:10:02.639366+00:00,Emerson Radio Corporation,
1.0,STARTUP,Wikidata,http://www.credit.it/,2026-09-10T05:10:02.641928+00:00,Credito Italiano,
1.0,STARTUP,Wikidata,http://www.dangerclosegames.com,2026-09-10T05:10:02.644321+00:00,Danger Close Games,
1.0,STARTUP,Wikidata,https://www.comptia.org/,2026-09-10T05:10:02.647259+00:00,CompTIA,
1.0,STARTUP,SEC EDGAR,https://www.sec.gov/edgar/browse/?CIK=0001190723,2026-09-10T06:52:15.870010+00:00,Tenaris Sa,
1.0,STARTUP,SEC EDGAR,https://www.sec.gov/edgar/browse/?CIK=0000936340,2026-09-10T06:52:15.873716+00:00,Dte Energy Co,
1.0,STARTUP,SEC EDGAR,https://www.sec.gov/edgar/browse/?CIK=0000731802,2026-09-10T06:52:15.876011+00:00,Atmos Energy Corp,
1.0,STARTUP,SEC EDGAR,https://www.sec.gov/edgar/browse/?CIK=0001094285,2026-09-10T06:52:15.878560+00:00,Teledyne Technologies Inc,
1.0,STARTUP,SEC EDGAR,https://www.sec.gov/edgar/browse/?CIK=0001397911,2026-09-10T06:52:15.881023+00:00,Lpl Financial Holdings Inc.,
1.0,STARTUP,SEC EDGAR,https://www.sec.gov/edgar/browse/?CIK=0001666175,2026-09-10T06:52:15.882908+00:00,Fortis Inc.,
1.0,STARTUP,SEC EDGAR,https://www.sec.gov/edgar/browse/?CIK=0000798354,2026-09-10T06:52:15.884844+00:00,Fiserv Inc,
1.0,STARTUP,SEC EDGAR,https://www.sec.gov/edgar/browse/?CIK=0001546066,2026-09-10T06:52:15.886665+00:00,Pembina Pipeline Corp,
1.0,STARTUP,SEC EDGAR,https://www.sec.gov/edgar/browse/?CIK=0002083785,2026-09-10T06:52:15.888762+00:00,"Sunbelt Rentals Holdings, Inc.",
1.0,STARTUP,SEC EDGAR,https://www.sec.gov/edgar/browse/?CIK=0001058290,2026-09-10T06:52:15.890628+00:00,Cognizant Technology Solutions Corp,
1.0,STARTUP,SEC EDGAR,https://www.sec.gov/edgar/browse/?CIK=0001705696,2026-09-10T06:52:15.892458+00:00,Vici Properties Inc.,
1.0,STARTUP,SEC EDGAR,https://www.sec.gov/edgar/browse/?CIK=0000726958,2026-09-10T06:52:15.894251+00:00,Caseys General Stores Inc,
1.0,STARTUP,SEC EDGAR,https://www.sec.gov/edgar/browse/?CIK=0001410636,2026-09-10T06:52:15.896029+00:00,"American Water Works Company, Inc.",
1.0,STARTUP,SEC EDGAR,https://www.sec.gov/edgar/browse/?CIK=0001876042,2026-09-10T06:52:15.898248+00:00,"Circle Internet Group, Inc.",
1.0,STARTUP,SEC EDGAR,https://www.sec.gov/edgar/browse/?CIK=0001713683,2026-09-10T06:52:15.900048+00:00,"Zscaler, Inc.",
1.0,STARTUP,SEC EDGAR,https://www.sec.gov/edgar/browse/?CIK=0001104506,2026-09-10T06:52:15.902230+00:00,Insmed Inc,
1.0,STARTUP,SEC EDGAR,https://www.sec.gov/edgar/browse/?CIK=0001754301,2026-09-10T06:52:15.903983+00:00,Fox Corp,
1.0,STARTUP,SEC EDGAR,https://www.sec.gov/edgar/browse/?CIK=0001834584,2026-09-10T06:52:15.905824+00:00,"Coupang, Inc.",
1.0,STARTUP,SEC EDGAR,https://www.sec.gov/edgar/browse/?CIK=0001175454,2026-09-10T06:52:15.907729+00:00,"Corpay, Inc.",
1.0,STARTUP,SEC EDGAR,https://www.sec.gov/edgar/browse/?CIK=0001781335,2026-09-10T06:52:15.909524+00:00,Otis Worldwide Corp,
1.0,STARTUP,SEC EDGAR,https://www.sec.gov/edgar/browse/?CIK=0001031296,2026-09-10T06:52:15.911683+00:00,Firstenergy Corp,
1.0,STARTUP,SEC EDGAR,https://www.sec.gov/edgar/browse/?CIK=0001037646,2026-09-10T06:52:15.913533+00:00,Mettler Toledo International Inc/,
1.0,STARTUP,SEC EDGAR,https://www.sec.gov/edgar/browse/?CIK=0000719955,2026-09-10T06:52:15.915390+00:00,Williams Sonoma Inc,
1.0,STARTUP,SEC EDGAR,https://www.sec.gov/edgar/browse/?CIK=0000072741,2026-09-10T06:52:15.917154+00:00,Eversource Energy,
1.0,STARTUP,SEC EDGAR,https://www.sec.gov/edgar/browse/?CIK=0000920148,2026-09-10T06:52:15.919254+00:00,Labcorp Holdings Inc.,
1.0,STARTUP,SEC EDGAR,https://www.sec.gov/edgar/browse/?CIK=0000922224,2026-09-10T06:52:15.921020+00:00,Ppl Corp,
1.0,STARTUP,SEC EDGAR,https://www.sec.gov/edgar/browse/?CIK=0001014473,2026-09-10T06:52:15.922797+00:00,Verisign Inc/Ca,
1.0,STARTUP,SEC EDGAR,https://www.sec.gov/edgar/browse/?CIK=0000020286,2026-09-10T06:52:15.924595+00:00,Cincinnati Financial Corp,
1.0,STARTUP,SEC EDGAR,https://www.sec.gov/edgar/browse/?CIK=0001022079,2026-09-10T06:52:15.926439+00:00,Quest Diagnostics Inc,
1.0,STARTUP,SEC EDGAR,https://www.sec.gov/edgar/browse/?CIK=0001130310,2026-09-10T06:52:15.928170+00:00,Centerpoint Energy Inc,
1.0,STARTUP,SEC EDGAR,https://www.sec.gov/edgar/browse/?CIK=0001415404,2026-09-10T06:52:15.929924+00:00,Echostar Corp,
1.0,STARTUP,SEC EDGAR,https://www.sec.gov/edgar/browse/?CIK=0001776985,2026-09-10T06:52:15.931690+00:00,Biontech Se,
1.0,STARTUP,SEC EDGAR,https://www.sec.gov/edgar/browse/?CIK=0001375365,2026-09-10T06:52:15.933491+00:00,"Super Micro Computer, Inc.",
1.0,STARTUP,SEC EDGAR,https://www.sec.gov/edgar/browse/?CIK=0001601712,2026-09-10T06:52:15.935273+00:00,Synchrony Financial,
1.0,STARTUP,SEC EDGAR,https://www.sec.gov/edgar/browse/?CIK=0001837240,2026-09-10T06:52:15.937024+00:00,Symbotic Inc.,
1.0,STARTUP,SEC EDGAR,https://www.sec.gov/edgar/browse/?CIK=0000029905,2026-09-10T06:52:15.938840+00:00,Dover Corp,
1.0,STARTUP,SEC EDGAR,https://www.sec.gov/edgar/browse/?CIK=0001281761,2026-09-10T06:52:15.940594+00:00,Regions Financial Corp,
1.0,STARTUP,SEC EDGAR,https://www.sec.gov/edgar/browse/?CIK=0001269238,2026-09-10T06:52:15.942697+00:00,Trip.Com Group Ltd,
1.0,STARTUP,SEC EDGAR,https://www.sec.gov/edgar/browse/?CIK=0000728535,2026-09-10T06:52:15.944556+00:00,Hunt J B Transport Services Inc,
1.0,STARTUP,SEC EDGAR,https://www.sec.gov/edgar/browse/?CIK=0000879169,2026-09-10T06:52:15.946453+00:00,Incyte Corp,
1.0,STARTUP,SEC EDGAR,https://www.sec.gov/edgar/browse/?CIK=0000011544,2026-09-10T06:52:15.948345+00:00,Berkley W R Corp,
1.0,STARTUP,SEC EDGAR,https://www.sec.gov/edgar/browse/?CIK=0000313216,2026-09-10T06:52:15.950156+00:00,Koninklijke Philips Nv,
1.0,STARTUP,SEC EDGAR,https://www.sec.gov/edgar/browse/?CIK=0001720635,2026-09-10T06:52:15.952099+00:00,Nvent Electric Plc,
1.0,STARTUP,SEC EDGAR,https://www.sec.gov/edgar/browse/?CIK=0001635088,2026-09-10T06:52:15.953965+00:00,Roivant Sciences Ltd.,
1.0,STARTUP,SEC EDGAR,https://www.sec.gov/edgar/browse/?CIK=0002058873,2026-09-10T06:52:15.955915+00:00,"Qnity Electronics, Inc.",
1.0,STARTUP,SEC EDGAR,https://www.sec.gov/edgar/browse/?CIK=0002004711,2026-09-10T06:52:15.957731+00:00,Bending Spoons S.P.A.,
1.0,STARTUP,SEC EDGAR,https://www.sec.gov/edgar/browse/?CIK=0000928876,2026-09-10T06:52:15.959583+00:00,Tower Semiconductor Ltd,
1.0,STARTUP,SEC EDGAR,https://www.sec.gov/edgar/browse/?CIK=0001013871,2026-09-10T06:52:15.961452+00:00,"Nrg Energy, Inc.",
1.0,STARTUP,SEC EDGAR,https://www.sec.gov/edgar/browse/?CIK=0000079879,2026-09-10T06:52:15.963297+00:00,Ppg Industries Inc,
1.0,STARTUP,SEC EDGAR,https://www.sec.gov/edgar/browse/?CIK=0001811074,2026-09-10T06:52:15.965078+00:00,Texas Pacific Land Corp,
1.0,STARTUP,SEC EDGAR,https://www.sec.gov/edgar/browse/?CIK=0001126328,2026-09-10T06:52:15.966894+00:00,Principal Financial Group Inc,
1.0,STARTUP,SEC EDGAR,https://www.sec.gov/edgar/browse/?CIK=0000798941,2026-09-10T06:52:15.968745+00:00,First Citizens Bancshares Inc /De/,
1.0,STARTUP,SEC EDGAR,https://www.sec.gov/edgar/browse/?CIK=0001709048,2026-09-10T06:52:15.970711+00:00,Globalfoundries Inc.,
1.0,STARTUP,SEC EDGAR,https://www.sec.gov/edgar/browse/?CIK=0001524472,2026-09-10T06:52:15.972829+00:00,Xylem Inc.,
1.0,STARTUP,SEC EDGAR,https://www.sec.gov/edgar/browse/?CIK=0000935703,2026-09-10T06:52:15.974720+00:00,"Dollar Tree, Inc.",
1.0,STARTUP,SEC EDGAR,https://www.sec.gov/edgar/browse/?CIK=0000940944,2026-09-10T06:52:15.976597+00:00,Darden Restaurants Inc,
1.0,STARTUP,SEC EDGAR,https://www.sec.gov/edgar/browse/?CIK=0000746515,2026-09-10T06:52:15.978408+00:00,Expeditors International Of Washington Inc,
1.0,STARTUP,SEC EDGAR,https://www.sec.gov/edgar/browse/?CIK=0001957132,2026-09-10T06:52:15.980293+00:00,"Sharkninja, Inc.",
1.0,STARTUP,SEC EDGAR,https://www.sec.gov/edgar/browse/?CIK=0001123360,2026-09-10T06:52:15.982149+00:00,Global Payments Inc,
1.0,STARTUP,SEC EDGAR,https://www.sec.gov/edgar/browse/?CIK=0001820953,2026-09-10T06:52:15.983961+00:00,"Affirm Holdings, Inc.",
1.0,STARTUP,SEC EDGAR,https://www.sec.gov/edgar/browse/?CIK=0001116132,2026-09-10T06:52:15.985787+00:00,"Tapestry, Inc.",
1.0,STARTUP,SEC EDGAR,https://www.sec.gov/edgar/browse/?CIK=0000048898,2026-09-10T06:52:15.987710+00:00,Hubbell Inc,
1.0,STARTUP,SEC EDGAR,https://www.sec.gov/edgar/browse/?CIK=0001780312,2026-09-10T06:52:15.989549+00:00,"Ast Spacemobile, Inc.",
1.0,STARTUP,SEC EDGAR,https://www.sec.gov/edgar/browse/?CIK=0001442145,2026-09-10T06:52:15.991418+00:00,"Verisk Analytics, Inc.",
1.0,STARTUP,SEC EDGAR,https://www.sec.gov/edgar/browse/?CIK=0001403568,2026-09-10T06:52:15.993257+00:00,"Ulta Beauty, Inc.",
1.0,STARTUP,SEC EDGAR,https://www.sec.gov/edgar/browse/?CIK=0001885110,2026-09-10T06:52:15.995174+00:00,Chocoladefabriken Lindt & Spruengli Ag/Adr,
1.0,STARTUP,SEC EDGAR,https://www.sec.gov/edgar/browse/?CIK=0002005951,2026-09-10T06:52:15.997141+00:00,Smurfit Westrock Plc,
1.0,STARTUP,SEC EDGAR,https://www.sec.gov/edgar/browse/?CIK=0002035989,2026-09-10T06:52:15.998963+00:00,Amrize Ltd,
1.0,STARTUP,SEC EDGAR,https://www.sec.gov/edgar/browse/?CIK=0000105770,2026-09-10T06:52:16.000894+00:00,West Pharmaceutical Services Inc,
1.0,STARTUP,SEC EDGAR,https://www.sec.gov/edgar/browse/?CIK=0000079282,2026-09-10T06:52:16.002781+00:00,"Brown & Brown, Inc.",
1.0,STARTUP,SEC EDGAR,https://www.sec.gov/edgar/browse/?CIK=0002058897,2026-09-10T06:52:16.004664+00:00,Grupo Cibest S.A.,
1.0,STARTUP,SEC EDGAR,https://www.sec.gov/edgar/browse/?CIK=0001861737,2026-09-10T06:52:16.006522+00:00,Hesai Group,
1.0,STARTUP,SEC EDGAR,https://www.sec.gov/edgar/browse/?CIK=0001474968,2026-09-10T06:52:16.009214+00:00,Geely Automobile Holdings Limited/Adr,
1.0,STARTUP,SEC EDGAR,https://www.sec.gov/edgar/browse/?CIK=0000822416,2026-09-10T06:52:16.011174+00:00,Pultegroup Inc/Mi/,
1.0,STARTUP,SEC EDGAR,https://www.sec.gov/edgar/browse/?CIK=0000091576,2026-09-10T06:52:16.013155+00:00,Keycorp /New/,
1.0,STARTUP,SEC EDGAR,https://www.sec.gov/edgar/browse/?CIK=0000017843,2026-09-10T06:52:16.015042+00:00,Carpenter Technology Corp,
1.0,STARTUP,SEC EDGAR,https://www.sec.gov/edgar/browse/?CIK=0001818874,2026-09-10T06:52:16.017068+00:00,"Sofi Technologies, Inc.",
1.0,STARTUP,SEC EDGAR,https://www.sec.gov/edgar/browse/?CIK=0000858446,2026-09-10T06:52:16.018957+00:00,Intercontinental Hotels Group Plc /New/,
1.0,STARTUP,SEC EDGAR,https://www.sec.gov/edgar/browse/?CIK=0001967680,2026-09-10T06:52:16.020782+00:00,Veralto Corp,
1.0,STARTUP,SEC EDGAR,https://www.sec.gov/edgar/browse/?CIK=0001642896,2026-09-10T06:52:16.022601+00:00,Samsara Inc.,
1.0,STARTUP,SEC EDGAR,https://www.sec.gov/edgar/browse/?CIK=0001113169,2026-09-10T06:52:16.024413+00:00,Price T Rowe Group Inc,
1.0,STARTUP,SEC EDGAR,https://www.sec.gov/edgar/browse/?CIK=0000313927,2026-09-10T06:52:16.026296+00:00,Church & Dwight Co Inc /De/,
1.0,STARTUP,SEC EDGAR,https://www.sec.gov/edgar/browse/?CIK=0002074176,2026-09-10T06:52:16.028147+00:00,"Viper Energy, Inc.",
1.0,STARTUP,SEC EDGAR,https://www.sec.gov/edgar/browse/?CIK=0001567094,2026-09-10T06:52:16.030001+00:00,Cnh Industrial N.V.,
1.0,STARTUP,SEC EDGAR,https://www.sec.gov/edgar/browse/?CIK=0001163420,2026-09-10T06:52:16.031861+00:00,Mtn Group Ltd/Adr,
1.0,STARTUP,SEC EDGAR,https://www.sec.gov/edgar/browse/?CIK=0001428439,2026-09-10T06:52:16.033630+00:00,"Roku, Inc",
1.0,STARTUP,SEC EDGAR,https://www.sec.gov/edgar/browse/?CIK=0002093536,2026-09-10T06:52:16.035321+00:00,"Arxis, Inc.",
1.0,STARTUP,SEC EDGAR,https://www.sec.gov/edgar/browse/?CIK=0001758730,2026-09-10T06:52:16.037146+00:00,Tradeweb Markets Inc.,
1.0,STARTUP,SEC EDGAR,https://www.sec.gov/edgar/browse/?CIK=0001378789,2026-09-10T06:52:16.038979+00:00,Aercap Holdings N.V.,
1.0,STARTUP,SEC EDGAR,https://www.sec.gov/edgar/browse/?CIK=0001996862,2026-09-10T06:52:16.040842+00:00,Bunge Global Sa,
1.0,STARTUP,SEC EDGAR,https://www.sec.gov/edgar/browse/?CIK=0001874178,2026-09-10T06:52:16.042688+00:00,"Rivian Automotive, Inc. / De",
1.0,STARTUP,SEC EDGAR,https://www.sec.gov/edgar/browse/?CIK=0000895126,2026-09-10T06:52:16.044533+00:00,Expand Energy Corp,
1.0,STARTUP,SEC EDGAR,https://www.sec.gov/edgar/browse/?CIK=0000029989,2026-09-10T06:52:16.046361+00:00,Omnicom Group Inc.,
1.0,STARTUP,SEC EDGAR,https://www.sec.gov/edgar/browse/?CIK=0001096343,2026-09-10T06:52:16.048212+00:00,Markel Group Inc.,
1.0,STARTUP,SEC EDGAR,https://www.sec.gov/edgar/browse/?CIK=0001166003,2026-09-10T06:52:16.050087+00:00,"Xpo, Inc.",
1.0,STARTUP,SEC EDGAR,https://www.sec.gov/edgar/browse/?CIK=0001665918,2026-09-10T06:52:16.051917+00:00,Us Foods Holding Corp.,
1.0,STARTUP,SEC EDGAR,https://www.sec.gov/edgar/browse/?CIK=0000060086,2026-09-10T06:52:16.053795+00:00,Loews Corp,
1.0,STARTUP,SEC EDGAR,https://www.sec.gov/edgar/browse/?CIK=0001039610,2026-09-10T06:52:16.055620+00:00,Edp Energias De Portugal Sa,
1.0,STARTUP,SEC EDGAR,https://www.sec.gov/edgar/browse/?CIK=0000085535,2026-09-10T06:52:16.057456+00:00,Royal Gold Inc,
1.0,STARTUP,SEC EDGAR,https://www.sec.gov/edgar/browse/?CIK=0001560385,2026-09-10T06:52:16.059294+00:00,Liberty Media Corp,
1.0,STARTUP,SEC EDGAR,https://www.sec.gov/edgar/browse/?CIK=0001048695,2026-09-10T06:52:16.061163+00:00,"F5, Inc.",
1.0,STARTUP,SEC EDGAR,https://www.sec.gov/edgar/browse/?CIK=0000718940,2026-09-10T06:52:16.063121+00:00,Bce Inc,
1.0,STARTUP,SEC EDGAR,https://www.sec.gov/edgar/browse/?CIK=0000051253,2026-09-10T06:52:16.065019+00:00,International Flavors & Fragrances Inc,
1.0,STARTUP,SEC EDGAR,https://www.sec.gov/edgar/browse/?CIK=0001274494,2026-09-10T06:52:16.066854+00:00,"First Solar, Inc.",
1.0,STARTUP,SEC EDGAR,https://www.sec.gov/edgar/browse/?CIK=0001757898,2026-09-10T06:52:16.068621+00:00,Steris Plc,
1.0,STARTUP,SEC EDGAR,https://www.sec.gov/edgar/browse/?CIK=0000016918,2026-09-10T06:52:16.070619+00:00,"Constellation Brands, Inc.",
1.0,STARTUP,SEC EDGAR,https://www.sec.gov/edgar/browse/?CIK=0000827052,2026-09-10T06:52:16.072615+00:00,Edison International,
1.0,STARTUP,SEC EDGAR,https://www.sec.gov/edgar/browse/?CIK=0000215466,2026-09-10T06:52:16.074506+00:00,"Coeur Mining, Inc.",
1.0,STARTUP,SEC EDGAR,https://www.sec.gov/edgar/browse/?CIK=0000909037,2026-09-10T06:52:16.076335+00:00,Chemical & Mining Co Of Chile Inc,
1.0,STARTUP,SEC EDGAR,https://www.sec.gov/edgar/browse/?CIK=0001142231,2026-09-10T06:52:16.078142+00:00,Heineken Holding N V,
1.0,STARTUP,SEC EDGAR,https://www.sec.gov/edgar/browse/?CIK=0001576280,2026-09-10T06:52:16.080058+00:00,"Guardant Health, Inc.",
1.0,STARTUP,SEC EDGAR,https://www.sec.gov/edgar/browse/?CIK=0001136893,2026-09-10T06:52:16.081921+00:00,"Fidelity National Information Services, Inc.",
1.0,STARTUP,SEC EDGAR,https://www.sec.gov/edgar/browse/?CIK=0000811156,2026-09-10T06:52:16.083845+00:00,Cms Energy Corp,
1.0,STARTUP,SEC EDGAR,https://www.sec.gov/edgar/browse/?CIK=0001161125,2026-09-10T06:52:16.085667+00:00,Bank Of Chile,
1.0,STARTUP,SEC EDGAR,https://www.sec.gov/edgar/browse/?CIK=0000070318,2026-09-10T06:52:16.087477+00:00,Tenet Healthcare Corp,
1.0,STARTUP,SEC EDGAR,https://www.sec.gov/edgar/browse/?CIK=0000771992,2026-09-10T06:52:16.089301+00:00,Pan American Silver Corp,
1.0,STARTUP,SEC EDGAR,https://www.sec.gov/edgar/browse/?CIK=0001751788,2026-09-10T06:52:16.091115+00:00,Dow Inc.,
1.0,STARTUP,SEC EDGAR,https://www.sec.gov/edgar/browse/?CIK=0001101302,2026-09-10T06:52:16.092954+00:00,Entegris Inc,
1.0,STARTUP,SEC EDGAR,https://www.sec.gov/edgar/browse/?CIK=0000075677,2026-09-10T06:52:16.094886+00:00,Packaging Corp Of America,
1.0,STARTUP,SEC EDGAR,https://www.sec.gov/edgar/browse/?CIK=0001653192,2026-09-10T06:52:16.096766+00:00,Cheung Kong Property Holdings Limited/Adr,
1.0,STARTUP,SEC EDGAR,https://www.sec.gov/edgar/browse/?CIK=0001605484,2026-09-10T06:52:16.098689+00:00,Stellantis N.V.,
1.0,STARTUP,SEC EDGAR,https://www.sec.gov/edgar/browse/?CIK=0000026324,2026-09-10T06:52:16.100674+00:00,Curtiss Wright Corp,
1.0,STARTUP,SEC EDGAR,https://www.sec.gov/edgar/browse/?CIK=0001037038,2026-09-10T06:52:16.102556+00:00,Ralph Lauren Corp,
1.0,STARTUP,SEC EDGAR,https://www.sec.gov/edgar/browse/?CIK=0001082554,2026-09-10T06:52:16.104411+00:00,United Therapeutics Corp,
1.0,STARTUP,SEC EDGAR,https://www.sec.gov/edgar/browse/?CIK=0001748790,2026-09-10T06:52:16.106256+00:00,Amcor Plc,
1.0,STARTUP,SEC EDGAR,https://www.sec.gov/edgar/browse/?CIK=0000033185,2026-09-10T06:52:16.108104+00:00,Equifax Inc,
1.0,STARTUP,SEC EDGAR,https://www.sec.gov/edgar/browse/?CIK=0001434265,2026-09-10T06:52:16.109978+00:00,Genmab A/S,
1.0,STARTUP,SEC EDGAR,https://www.sec.gov/edgar/browse/?CIK=0000904851,2026-09-10T06:52:16.111897+00:00,Ypf Sociedad Anonima,
1.0,STARTUP,SEC EDGAR,https://www.sec.gov/edgar/browse/?CIK=0001880661,2026-09-10T06:52:16.113806+00:00,Tpg Inc.,
1.0,STARTUP,SEC EDGAR,https://www.sec.gov/edgar/browse/?CIK=0001493594,2026-09-10T06:52:16.115798+00:00,"Macom Technology Solutions Holdings, Inc.",
1.0,STARTUP,SEC EDGAR,https://www.sec.gov/edgar/browse/?CIK=0001489393,2026-09-10T06:52:16.117676+00:00,Lyondellbasell Industries N.V.,
1.0,STARTUP,SEC EDGAR,https://www.sec.gov/edgar/browse/?CIK=0001091667,2026-09-10T06:52:16.119858+00:00,"Charter Communications, Inc. /Mo/",
1.0,STARTUP,SEC EDGAR,https://www.sec.gov/edgar/browse/?CIK=0000040704,2026-09-10T06:52:16.121790+00:00,General Mills Inc,
1.0,STARTUP,SEC EDGAR,https://www.sec.gov/edgar/browse/?CIK=0001423902,2026-09-10T06:52:16.123549+00:00,"Western Midstream Partners, Lp",
1.0,STARTUP,SEC EDGAR,https://www.sec.gov/edgar/browse/?CIK=0000861884,2026-09-10T06:52:16.125344+00:00,"Reliance, Inc.",
1.0,STARTUP,SEC EDGAR,https://www.sec.gov/edgar/browse/?CIK=0000108312,2026-09-10T06:52:16.127590+00:00,"Woodward, Inc.",
1.0,STARTUP,SEC EDGAR,https://www.sec.gov/edgar/browse/?CIK=0001985487,2026-09-10T06:52:16.129482+00:00,Joint Stock Co Kaspi.Kz,
1.0,STARTUP,SEC EDGAR,https://www.sec.gov/edgar/browse/?CIK=0000733099,2026-09-10T06:52:16.131415+00:00,Rogers Communications Inc,
1.0,STARTUP,SEC EDGAR,https://www.sec.gov/edgar/browse/?CIK=0001324404,2026-09-10T06:52:16.133298+00:00,"Cf Industries Holdings, Inc.",
1.0,STARTUP,SEC EDGAR,https://www.sec.gov/edgar/browse/?CIK=0001590364,2026-09-10T06:52:16.135148+00:00,Ftai Aviation Ltd.,
1.0,STARTUP,SEC EDGAR,https://www.sec.gov/edgar/browse/?CIK=0000814547,2026-09-10T06:52:16.136953+00:00,Fair Isaac Corp,
1.0,STARTUP,SEC EDGAR,https://www.sec.gov/edgar/browse/?CIK=0000920760,2026-09-10T06:52:16.138854+00:00,Lennar Corp /New/,
1.0,STARTUP,SEC EDGAR,https://www.sec.gov/edgar/browse/?CIK=0001034054,2026-09-10T06:52:16.145747+00:00,Sba Communications Corp,
1.0,STARTUP,SEC EDGAR,https://www.sec.gov/edgar/browse/?CIK=0001111711,2026-09-10T06:52:16.148398+00:00,Nisource Inc.,
1.0,STARTUP,SEC EDGAR,https://www.sec.gov/edgar/browse/?CIK=0000091440,2026-09-10T06:52:16.150425+00:00,Snap-On Inc,
1.0,STARTUP,SEC EDGAR,https://www.sec.gov/edgar/browse/?CIK=0001809587,2026-09-10T06:52:16.152213+00:00,Ke Holdings Inc.,
1.0,STARTUP,SEC EDGAR,https://www.sec.gov/edgar/browse/?CIK=0000051434,2026-09-10T06:52:16.154123+00:00,International Paper Co /New/,
1.0,STARTUP,SEC EDGAR,https://www.sec.gov/edgar/browse/?CIK=0001383312,2026-09-10T06:52:16.155967+00:00,"Broadridge Financial Solutions, Inc.",
1.0,STARTUP,SEC EDGAR,https://www.sec.gov/edgar/browse/?CIK=0001402436,2026-09-10T06:52:16.157735+00:00,Ss&C Technologies Holdings Inc,
1.0,STARTUP,SEC EDGAR,https://www.sec.gov/edgar/browse/?CIK=0001650164,2026-09-10T06:52:16.159590+00:00,"Toast, Inc.",
1.0,STARTUP,SEC EDGAR,https://www.sec.gov/edgar/browse/?CIK=0001658566,2026-09-10T06:52:16.161481+00:00,Permian Resources Corp,
1.0,STARTUP,SEC EDGAR,https://www.sec.gov/edgar/browse/?CIK=0001126113,2026-09-10T06:52:16.163336+00:00,Telenor Asa,
1.0,STARTUP,SEC EDGAR,https://www.sec.gov/edgar/browse/?CIK=0001792044,2026-09-10T06:52:16.165204+00:00,Viatris Inc,
1.0,STARTUP,SEC EDGAR,https://www.sec.gov/edgar/browse/?CIK=0000092380,2026-09-10T06:52:16.167028+00:00,Southwest Airlines Co,
1.0,STARTUP,SEC EDGAR,https://www.sec.gov/edgar/browse/?CIK=0002082247,2026-09-10T06:52:16.168873+00:00,"Fedex Freight Holding Company, Inc.",
1.0,STARTUP,SEC EDGAR,https://www.sec.gov/edgar/browse/?CIK=0001943896,2026-09-10T06:52:16.170695+00:00,"Rubrik, Inc.",
1.0,STARTUP,SEC EDGAR,https://www.sec.gov/edgar/browse/?CIK=0000920522,2026-09-10T06:52:16.172466+00:00,"Essex Property Trust, Inc.",
1.0,STARTUP,SEC EDGAR,https://www.sec.gov/edgar/browse/?CIK=0001402057,2026-09-10T06:52:16.174315+00:00,Cdw Corp,
1.0,STARTUP,SEC EDGAR,https://www.sec.gov/edgar/browse/?CIK=0000015615,2026-09-10T06:52:16.176225+00:00,Mastec Inc,
1.0,STARTUP,SEC EDGAR,https://www.sec.gov/edgar/browse/?CIK=0000040987,2026-09-10T06:52:16.178216+00:00,Genuine Parts Co,
1.0,STARTUP,SEC EDGAR,https://www.sec.gov/edgar/browse/?CIK=0000764478,2026-09-10T06:52:16.180109+00:00,Best Buy Co Inc,
1.0,STARTUP,SEC EDGAR,https://www.sec.gov/edgar/browse/?CIK=0001715801,2026-09-10T06:52:16.181971+00:00,Sartorius Ag/Adr,
1.0,STARTUP,SEC EDGAR,https://www.sec.gov/edgar/browse/?CIK=0000889132,2026-09-10T06:52:16.183854+00:00,Posco Holdings Inc.,
1.0,STARTUP,SEC EDGAR,https://www.sec.gov/edgar/browse/?CIK=0001711269,2026-09-10T06:52:16.185662+00:00,"Evergy, Inc.",
1.0,STARTUP,SEC EDGAR,https://www.sec.gov/edgar/browse/?CIK=0001915657,2026-09-10T06:52:16.187459+00:00,Hf Sinclair Corp,
1.0,STARTUP,SEC EDGAR,https://www.sec.gov/edgar/browse/?CIK=0001136869,2026-09-10T06:52:16.189273+00:00,"Zimmer Biomet Holdings, Inc.",
1.0,STARTUP,SEC EDGAR,https://www.sec.gov/edgar/browse/?CIK=0001066119,2026-09-10T06:52:16.191151+00:00,Telefonica Brasil S.A.,
1.0,STARTUP,SEC EDGAR,https://www.sec.gov/edgar/browse/?CIK=0000749098,2026-09-10T06:52:16.192903+00:00,Magna International Inc,
1.0,STARTUP,SEC EDGAR,https://www.sec.gov/edgar/browse/?CIK=0001823945,2026-09-10T06:52:16.194758+00:00,Blue Owl Capital Inc.,
1.0,STARTUP,SEC EDGAR,https://www.sec.gov/edgar/browse/?CIK=0001618732,2026-09-10T06:52:16.196538+00:00,"Nutanix, Inc.",
1.0,STARTUP,SEC EDGAR,https://www.sec.gov/edgar/browse/?CIK=0000849399,2026-09-10T06:52:16.198331+00:00,Gen Digital Inc.,
1.0,STARTUP,SEC EDGAR,https://www.sec.gov/edgar/browse/?CIK=0001451809,2026-09-10T06:52:16.200135+00:00,Sitime Corp,
1.0,STARTUP,SEC EDGAR,https://www.sec.gov/edgar/browse/?CIK=0001810806,2026-09-10T06:52:16.201871+00:00,Unity Software Inc.,
1.0,STARTUP,SEC EDGAR,https://www.sec.gov/edgar/browse/?CIK=0000916365,2026-09-10T06:52:16.203602+00:00,Tractor Supply Co /De/,
1.0,STARTUP,SEC EDGAR,https://www.sec.gov/edgar/browse/?CIK=0001264136,2026-09-10T06:52:16.205412+00:00,Woori Financial Group Inc.,
1.0,STARTUP,SEC EDGAR,https://www.sec.gov/edgar/browse/?CIK=0001070423,2026-09-10T06:52:16.207285+00:00,Plains All American Pipeline Lp,
1.0,STARTUP,SEC EDGAR,https://www.sec.gov/edgar/browse/?CIK=0001170858,2026-09-10T06:52:16.209092+00:00,Companhia De Saneamento Basico Do Estado De Sao Paulo-Sabesp,
1.0,STARTUP,SEC EDGAR,https://www.sec.gov/edgar/browse/?CIK=0000100493,2026-09-10T06:52:16.210989+00:00,"Tyson Foods, Inc.",
1.0,STARTUP,SEC EDGAR,https://www.sec.gov/edgar/browse/?CIK=0001069157,2026-09-10T06:52:16.212792+00:00,East West Bancorp Inc,
1.0,STARTUP,SEC EDGAR,https://www.sec.gov/edgar/browse/?CIK=0001792580,2026-09-10T06:52:16.214558+00:00,Ovintiv Inc.,
1.0,STARTUP,SEC EDGAR,https://www.sec.gov/edgar/browse/?CIK=0001123799,2026-09-10T06:52:16.216249+00:00,Wipro Ltd,
1.0,STARTUP,SEC EDGAR,https://www.sec.gov/edgar/browse/?CIK=0000861967,2026-09-10T06:52:16.218098+00:00,Wolters Kluwer N V /Fi,
1.0,STARTUP,SEC EDGAR,https://www.sec.gov/edgar/browse/?CIK=0001666700,2026-09-10T06:52:16.219898+00:00,"Dupont De Nemours, Inc.",
1.0,STARTUP,SEC EDGAR,https://www.sec.gov/edgar/browse/?CIK=0001612042,2026-09-10T06:52:16.221639+00:00,Ascendis Pharma A/S,
1.0,STARTUP,SEC EDGAR,https://www.sec.gov/edgar/browse/?CIK=0000072331,2026-09-10T06:52:16.223411+00:00,Nordson Corp,
1.0,STARTUP,SEC EDGAR,https://www.sec.gov/edgar/browse/?CIK=0001719117,2026-09-10T06:52:16.225183+00:00,Asr Nederland N.V./Adr,
1.0,STARTUP,SEC EDGAR,https://www.sec.gov/edgar/browse/?CIK=0000038777,2026-09-10T06:52:16.226868+00:00,Franklin Templeton Inc,
1.0,STARTUP,SEC EDGAR,https://www.sec.gov/edgar/browse/?CIK=0001159152,2026-09-10T06:52:16.228593+00:00,James Hardie Industries Plc,
1.0,STARTUP,SEC EDGAR,https://www.sec.gov/edgar/browse/?CIK=0000352541,2026-09-10T06:52:16.230338+00:00,Alliant Energy Corp,
1.0,STARTUP,SEC EDGAR,https://www.sec.gov/edgar/browse/?CIK=0001878848,2026-09-10T06:52:16.232111+00:00,Iren Ltd,
1.0,STARTUP,SEC EDGAR,https://www.sec.gov/edgar/browse/?CIK=0001049502,2026-09-10T06:52:16.233958+00:00,Mks Inc,
1.0,STARTUP,SEC EDGAR,https://www.sec.gov/edgar/browse/?CIK=0002071881,2026-09-10T06:52:16.235698+00:00,Tourmaline Oil Corp/Adr,
1.0,STARTUP,SEC EDGAR,https://www.sec.gov/edgar/browse/?CIK=0001635327,2026-09-10T06:52:16.237447+00:00,Flutter Entertainment Plc,
1.0,STARTUP,SEC EDGAR,https://www.sec.gov/edgar/browse/?CIK=0001796209,2026-09-10T06:52:16.239177+00:00,Api Group Corp,
1.0,STARTUP,SEC EDGAR,https://www.sec.gov/edgar/browse/?CIK=0000084839,2026-09-10T06:52:16.240899+00:00,Rollins Inc,
1.0,STARTUP,SEC EDGAR,https://www.sec.gov/edgar/browse/?CIK=0001043277,2026-09-10T06:52:16.242611+00:00,"C. H. Robinson Worldwide, Inc.",
1.0,STARTUP,SEC EDGAR,https://www.sec.gov/edgar/browse/?CIK=0001659166,2026-09-10T06:52:16.244300+00:00,Fortive Corp,
1.0,STARTUP,SEC EDGAR,https://www.sec.gov/edgar/browse/?CIK=0001043219,2026-09-10T06:52:16.246005+00:00,Annaly Capital Management Inc,
1.0,STARTUP,SEC EDGAR,https://www.sec.gov/edgar/browse/?CIK=0001988894,2026-09-10T06:52:16.247719+00:00,"Amer Sports, Inc.",
1.0,STARTUP,SEC EDGAR,https://www.sec.gov/edgar/browse/?CIK=0000877212,2026-09-10T06:52:16.249429+00:00,Zebra Technologies Corp,
1.0,STARTUP,SEC EDGAR,https://www.sec.gov/edgar/browse/?CIK=0000929008,2026-09-10T06:52:16.251146+00:00,Wesco International Inc,
1.0,STARTUP,SEC EDGAR,https://www.sec.gov/edgar/browse/?CIK=0000052988,2026-09-10T06:52:16.252921+00:00,Jacobs Solutions Inc.,
1.0,STARTUP,SEC EDGAR,https://www.sec.gov/edgar/browse/?CIK=0001754581,2026-09-10T06:52:16.254723+00:00,Futu Holdings Ltd,
1.0,STARTUP,SEC EDGAR,https://www.sec.gov/edgar/browse/?CIK=0000906163,2026-09-10T06:52:16.256495+00:00,Nvr Inc,
1.0,STARTUP,SEC EDGAR,https://www.sec.gov/edgar/browse/?CIK=0001687229,2026-09-10T06:52:16.258269+00:00,Invitation Homes Inc.,
1.0,STARTUP,SEC EDGAR,https://www.sec.gov/edgar/browse/?CIK=0001764757,2026-09-10T06:52:16.260088+00:00,Didi Global Inc.,
1.0,STARTUP,SEC EDGAR,https://www.sec.gov/edgar/browse/?CIK=0001481045,2026-09-10T06:52:16.261818+00:00,Daiwa Securities Group Inc.,
1.0,STARTUP,SEC EDGAR,https://www.sec.gov/edgar/browse/?CIK=0001027552,2026-09-10T06:52:16.263555+00:00,Banco Santander Chile,
1.0,STARTUP,SEC EDGAR,https://www.sec.gov/edgar/browse/?CIK=0000822818,2026-09-10T06:52:16.265357+00:00,Clean Harbors Inc,
1.0,STARTUP,SEC EDGAR,https://www.sec.gov/edgar/browse/?CIK=0001527166,2026-09-10T06:52:16.267094+00:00,Carlyle Group Inc.,
1.0,STARTUP,SEC EDGAR,https://www.sec.gov/edgar/browse/?CIK=0001336920,2026-09-10T06:52:16.268838+00:00,"Leidos Holdings, Inc.",
1.0,STARTUP,SEC EDGAR,https://www.sec.gov/edgar/browse/?CIK=0001037976,2026-09-10T06:52:16.270552+00:00,Jones Lang Lasalle Inc,
1.0,STARTUP,SEC EDGAR,https://www.sec.gov/edgar/browse/?CIK=0001579298,2026-09-10T06:52:16.272319+00:00,"Burlington Stores, Inc.",
1.0,STARTUP,SEC EDGAR,https://www.sec.gov/edgar/browse/?CIK=0000106535,2026-09-10T06:52:16.274171+00:00,Weyerhaeuser Co,
1.0,STARTUP,SEC EDGAR,https://www.sec.gov/edgar/browse/?CIK=0000009389,2026-09-10T06:52:16.276003+00:00,Ball Corp,
1.0,STARTUP,SEC EDGAR,https://www.sec.gov/edgar/browse/?CIK=0000898174,2026-09-10T06:52:16.277840+00:00,Reinsurance Group Of America Inc,
1.0,STARTUP,SEC EDGAR,https://www.sec.gov/edgar/browse/?CIK=0001668397,2026-09-10T06:52:16.279577+00:00,"Medpace Holdings, Inc.",
1.0,STARTUP,SEC EDGAR,https://www.sec.gov/edgar/browse/?CIK=0000832101,2026-09-10T06:52:16.281368+00:00,Idex Corp /De/,
1.0,STARTUP,SEC EDGAR,https://www.sec.gov/edgar/browse/?CIK=0000855658,2026-09-10T06:52:16.283047+00:00,Lattice Semiconductor Corp,
1.0,STARTUP,SEC EDGAR,https://www.sec.gov/edgar/browse/?CIK=0000704532,2026-09-10T06:52:16.284840+00:00,Onto Innovation Inc.,
1.0,STARTUP,SEC EDGAR,https://www.sec.gov/edgar/browse/?CIK=0001564708,2026-09-10T06:52:16.286694+00:00,News Corp,
1.0,STARTUP,SEC EDGAR,https://www.sec.gov/edgar/browse/?CIK=0001025378,2026-09-10T06:52:16.288454+00:00,W. P. Carey Inc.,
1.0,STARTUP,SEC EDGAR,https://www.sec.gov/edgar/browse/?CIK=0001232524,2026-09-10T06:52:16.290272+00:00,Jazz Pharmaceuticals Plc,
1.0,STARTUP,SEC EDGAR,https://www.sec.gov/edgar/browse/?CIK=0001824920,2026-09-10T06:52:16.292129+00:00,"Ionq, Inc.",
1.0,STARTUP,SEC EDGAR,https://www.sec.gov/edgar/browse/?CIK=0001477049,2026-09-10T06:52:16.293977+00:00,Sprott Physical Gold Trust,
1.0,STARTUP,SEC EDGAR,https://www.sec.gov/edgar/browse/?CIK=0001076378,2026-09-10T06:52:16.295783+00:00,Cemex Sab De Cv,
1.0,STARTUP,SEC EDGAR,https://www.sec.gov/edgar/browse/?CIK=0000912958,2026-09-10T06:52:16.297636+00:00,Millicom International Cellular Sa,
1.0,STARTUP,SEC EDGAR,https://www.sec.gov/edgar/browse/?CIK=0001677250,2026-09-10T06:52:16.299447+00:00,Zto Express (Cayman) Inc.,
1.0,STARTUP,SEC EDGAR,https://www.sec.gov/edgar/browse/?CIK=0000879101,2026-09-10T06:52:16.301215+00:00,Kimco Realty Corp,
1.0,STARTUP,SEC EDGAR,https://www.sec.gov/edgar/browse/?CIK=0000914475,2026-09-10T06:52:16.303063+00:00,Neurocrine Biosciences Inc,
1.0,STARTUP,SEC EDGAR,https://www.sec.gov/edgar/browse/?CIK=0001780232,2026-09-10T06:52:16.304851+00:00,Gfl Environmental Inc.,
1.0,STARTUP,SEC EDGAR,https://www.sec.gov/edgar/browse/?CIK=0001968385,2026-09-10T06:52:16.306635+00:00,Bawag Group Ag/Adr,
1.0,STARTUP,SEC EDGAR,https://www.sec.gov/edgar/browse/?CIK=0002098381,2026-09-10T06:52:16.308470+00:00,"Lens Technology Co., Ltd./Adr",
1.0,STARTUP,SEC EDGAR,https://www.sec.gov/edgar/browse/?CIK=0002026053,2026-09-10T06:52:16.310280+00:00,Pershing Square Inc.,
1.0,STARTUP,SEC EDGAR,https://www.sec.gov/edgar/browse/?CIK=0001468174,2026-09-10T06:52:16.312105+00:00,Hyatt Hotels Corp,
1.0,STARTUP,SEC EDGAR,https://www.sec.gov/edgar/browse/?CIK=0001964738,2026-09-10T06:52:16.314205+00:00,Solventum Corp,
1.0,STARTUP,SEC EDGAR,https://www.sec.gov/edgar/browse/?CIK=0002109150,2026-09-10T06:52:16.316442+00:00,Innio N.V.,
1.0,STARTUP,SEC EDGAR,https://www.sec.gov/edgar/browse/?CIK=0001859392,2026-09-10T06:52:16.318522+00:00,Galaxy Digital Inc.,
1.0,STARTUP,SEC EDGAR,https://www.sec.gov/edgar/browse/?CIK=0001618673,2026-09-10T06:52:16.320321+00:00,Performance Food Group Co,
1.0,STARTUP,SEC EDGAR,https://www.sec.gov/edgar/browse/?CIK=0001178819,2026-09-10T06:52:16.322200+00:00,Alamos Gold Inc,
1.0,STARTUP,SEC EDGAR,https://www.sec.gov/edgar/browse/?CIK=0001046102,2026-09-10T06:52:16.324041+00:00,Rb Global Inc.,
1.0,STARTUP,SEC EDGAR,https://www.sec.gov/edgar/browse/?CIK=0001324948,2026-09-10T06:52:16.325773+00:00,Rbc Bearings Inc,
1.0,STARTUP,SEC EDGAR,https://www.sec.gov/edgar/browse/?CIK=0001127248,2026-09-10T06:52:16.327597+00:00,Emera Inc,
1.0,STARTUP,SEC EDGAR,https://www.sec.gov/edgar/browse/?CIK=0001889539,2026-09-10T06:52:16.329414+00:00,"Corebridge Financial, Inc.",
1.0,STARTUP,SEC EDGAR,https://www.sec.gov/edgar/browse/?CIK=0000887225,2026-09-10T06:52:16.331235+00:00,Korea Electric Power Corp,
1.0,STARTUP,SEC EDGAR,https://www.sec.gov/edgar/browse/?CIK=0001070750,2026-09-10T06:52:16.333137+00:00,"Host Hotels & Resorts, Inc.",
1.0,STARTUP,SEC EDGAR,https://www.sec.gov/edgar/browse/?CIK=0001090425,2026-09-10T06:52:16.335002+00:00,Lamar Advertising Co/New,
1.0,STARTUP,SEC EDGAR,https://www.sec.gov/edgar/browse/?CIK=0001552033,2026-09-10T06:52:16.336905+00:00,Transunion,
1.0,STARTUP,SEC EDGAR,https://www.sec.gov/edgar/browse/?CIK=0000857005,2026-09-10T06:52:16.338770+00:00,Ptc Inc.,
1.0,STARTUP,SEC EDGAR,https://www.sec.gov/edgar/browse/?CIK=0001533232,2026-09-10T06:52:16.340627+00:00,Brookfield Renewable Partners L.P.,
1.0,STARTUP,SEC EDGAR,https://www.sec.gov/edgar/browse/?CIK=0000912595,2026-09-10T06:52:16.342400+00:00,Mid America Apartment Communities Inc.,
1.0,STARTUP,SEC EDGAR,https://www.sec.gov/edgar/browse/?CIK=0002082866,2026-09-10T06:52:16.344269+00:00,"Pinnacle Financial Partners, Inc.",
1.0,STARTUP,SEC EDGAR,https://www.sec.gov/edgar/browse/?CIK=0001061574,2026-09-10T06:52:16.346090+00:00,Cgi Inc,
1.0,STARTUP,SEC EDGAR,https://www.sec.gov/edgar/browse/?CIK=0000868675,2026-09-10T06:52:16.347936+00:00,Telus Corp,
1.0,STARTUP,SEC EDGAR,https://www.sec.gov/edgar/browse/?CIK=0001622536,2026-09-10T06:52:16.349866+00:00,Talen Energy Corp,
1.0,STARTUP,SEC EDGAR,https://www.sec.gov/edgar/browse/?CIK=0000005513,2026-09-10T06:52:16.351716+00:00,Unum Group,
1.0,STARTUP,SEC EDGAR,https://www.sec.gov/edgar/browse/?CIK=0001086222,2026-09-10T06:52:16.353668+00:00,Akamai Technologies Inc,
1.0,STARTUP,SEC EDGAR,https://www.sec.gov/edgar/browse/?CIK=0000912593,2026-09-10T06:52:16.355572+00:00,Sun Communities Inc,
1.0,STARTUP,SEC EDGAR,https://www.sec.gov/edgar/browse/?CIK=0000059527,2026-09-10T06:52:16.357340+00:00,Lincoln Electric Holdings Inc,
1.0,STARTUP,SEC EDGAR,https://www.sec.gov/edgar/browse/?CIK=0001773383,2026-09-10T06:52:16.359177+00:00,"Dynatrace, Inc.",
1.0,STARTUP,SEC EDGAR,https://www.sec.gov/edgar/browse/?CIK=0001829311,2026-09-10T06:52:16.361015+00:00,"Bitmine Immersion Technologies, Inc.",
1.0,STARTUP,SEC EDGAR,https://www.sec.gov/edgar/browse/?CIK=0001319161,2026-09-10T06:52:16.362836+00:00,Warner Music Group Corp.,
1.0,STARTUP,SEC EDGAR,https://www.sec.gov/edgar/browse/?CIK=0001841666,2026-09-10T06:52:16.364659+00:00,Apa Corp,
1.0,STARTUP,SEC EDGAR,https://www.sec.gov/edgar/browse/?CIK=0001584509,2026-09-10T06:52:16.366559+00:00,Aramark,
1.0,STARTUP,SEC EDGAR,https://www.sec.gov/edgar/browse/?CIK=0001756607,2026-09-10T06:52:16.368324+00:00,Equinox Gold Corp.,
1.0,STARTUP,SEC EDGAR,https://www.sec.gov/edgar/browse/?CIK=0000860731,2026-09-10T06:52:16.370109+00:00,Tyler Technologies Inc,
1.0,STARTUP,SEC EDGAR,https://www.sec.gov/edgar/browse/?CIK=0001901440,2026-09-10T06:52:16.371902+00:00,Ul Solutions Inc.,
1.0,STARTUP,SEC EDGAR,https://www.sec.gov/edgar/browse/?CIK=0000915913,2026-09-10T06:52:16.373684+00:00,Albemarle Corp,
1.0,STARTUP,SEC EDGAR,https://www.sec.gov/edgar/browse/?CIK=0000874238,2026-09-10T06:52:16.375517+00:00,"Sterling Infrastructure, Inc.",
1.0,STARTUP,SEC EDGAR,https://www.sec.gov/edgar/browse/?CIK=0001544379,2026-09-10T06:52:16.377272+00:00,"Screen Holdings Co., Ltd./Adr",
1.0,STARTUP,SEC EDGAR,https://www.sec.gov/edgar/browse/?CIK=0001015650,2026-09-10T06:52:16.379070+00:00,Sk Telecom Co Ltd,
1.0,STARTUP,SEC EDGAR,https://www.sec.gov/edgar/browse/?CIK=0001673358,2026-09-10T06:52:16.380902+00:00,"Yum China Holdings, Inc.",
1.0,STARTUP,SEC EDGAR,https://www.sec.gov/edgar/browse/?CIK=0000888491,2026-09-10T06:52:16.382766+00:00,Omega Healthcare Investors Inc,
1.0,STARTUP,SEC EDGAR,https://www.sec.gov/edgar/browse/?CIK=0000093556,2026-09-10T06:52:16.384629+00:00,"Stanley Black & Decker, Inc.",
1.0,STARTUP,SEC EDGAR,https://www.sec.gov/edgar/browse/?CIK=0001206264,2026-09-10T06:52:16.386510+00:00,Somnigroup International Inc.,
1.0,STARTUP,SEC EDGAR,https://www.sec.gov/edgar/browse/?CIK=0000765880,2026-09-10T06:52:16.388408+00:00,"Healthpeak Properties, Inc.",
1.0,STARTUP,SEC EDGAR,https://www.sec.gov/edgar/browse/?CIK=0001001807,2026-09-10T06:52:16.390230+00:00,Perusahaan Perseroan Persero Pt Telekomunikasi Indonesia Tbk,
1.0,STARTUP,SEC EDGAR,https://www.sec.gov/edgar/browse/?CIK=0001743881,2026-09-10T06:52:16.392039+00:00,"Bridgebio Pharma, Inc.",
1.0,STARTUP,SEC EDGAR,https://www.sec.gov/edgar/browse/?CIK=0000939767,2026-09-10T06:52:16.393840+00:00,"Exelixis, Inc.",
1.0,STARTUP,SEC EDGAR,https://www.sec.gov/edgar/browse/?CIK=0001032975,2026-09-10T06:52:16.395633+00:00,Logitech International S.A.,
1.0,STARTUP,SEC EDGAR,https://www.sec.gov/edgar/browse/?CIK=0001095073,2026-09-10T06:52:16.397501+00:00,"Everest Group, Ltd.",
1.0,STARTUP,SEC EDGAR,https://www.sec.gov/edgar/browse/?CIK=0000914208,2026-09-10T06:52:16.399381+00:00,Invesco Ltd.,
1.0,STARTUP,SEC EDGAR,https://www.sec.gov/edgar/browse/?CIK=0001408710,2026-09-10T06:52:16.401244+00:00,Fabrinet,
1.0,STARTUP,SEC EDGAR,https://www.sec.gov/edgar/browse/?CIK=0000031791,2026-09-10T06:52:16.403092+00:00,"Revvity, Inc.",
1.0,STARTUP,SEC EDGAR,https://www.sec.gov/edgar/browse/?CIK=0001333986,2026-09-10T06:52:16.405012+00:00,"Equitable Holdings, Inc.",
1.0,STARTUP,SEC EDGAR,https://www.sec.gov/edgar/browse/?CIK=0001486957,2026-09-10T06:52:16.406865+00:00,"Bwx Technologies, Inc.",
1.0,STARTUP,SEC EDGAR,https://www.sec.gov/edgar/browse/?CIK=0001019849,2026-09-10T06:52:16.408862+00:00,"Penske Automotive Group, Inc.",
1.0,STARTUP,SEC EDGAR,https://www.sec.gov/edgar/browse/?CIK=0001287750,2026-09-10T06:52:16.410777+00:00,Ares Capital Corp,
1.0,STARTUP,SEC EDGAR,https://www.sec.gov/edgar/browse/?CIK=0000062996,2026-09-10T06:52:16.412642+00:00,Masco Corp /De/,
1.0,STARTUP,SEC EDGAR,https://www.sec.gov/edgar/browse/?CIK=0001552275,2026-09-10T06:52:16.419637+00:00,Sunoco Lp,
1.0,STARTUP,SEC EDGAR,https://www.sec.gov/edgar/browse/?CIK=0000089439,2026-09-10T06:52:16.422057+00:00,Mueller Industries Inc,
1.0,STARTUP,SEC EDGAR,https://www.sec.gov/edgar/browse/?CIK=0001267238,2026-09-10T06:52:16.424081+00:00,"Assurant, Inc.",
1.0,STARTUP,SEC EDGAR,https://www.sec.gov/edgar/browse/?CIK=0001483994,2026-09-10T06:52:16.426226+00:00,H World Group Ltd,
1.0,STARTUP,SEC EDGAR,https://www.sec.gov/edgar/browse/?CIK=0000910606,2026-09-10T06:52:16.428085+00:00,Regency Centers Corp,
1.0,STARTUP,SEC EDGAR,https://www.sec.gov/edgar/browse/?CIK=0001599298,2026-09-10T06:52:16.430340+00:00,Summit Therapeutics Inc.,
1.0,STARTUP,SEC EDGAR,https://www.sec.gov/edgar/browse/?CIK=0000063754,2026-09-10T06:52:16.432798+00:00,Mccormick & Co Inc,
1.0,STARTUP,SEC EDGAR,https://www.sec.gov/edgar/browse/?CIK=0001015922,2026-09-10T06:52:16.435022+00:00,Check Point Software Technologies Ltd,
1.0,STARTUP,SEC EDGAR,https://www.sec.gov/edgar/browse/?CIK=0001855612,2026-09-10T06:52:16.436887+00:00,Grab Holdings Ltd,
1.0,STARTUP,SEC EDGAR,https://www.sec.gov/edgar/browse/?CIK=0000790051,2026-09-10T06:52:16.438758+00:00,Carlisle Companies Inc,
1.0,STARTUP,SEC EDGAR,https://www.sec.gov/edgar/browse/?CIK=0001791942,2026-09-10T06:52:16.440572+00:00,Jbs N.V.,
1.0,STARTUP,SEC EDGAR,https://www.sec.gov/edgar/browse/?CIK=0002077146,2026-09-10T06:52:16.442397+00:00,"Obic Co., Ltd./Adr",
1.0,STARTUP,SEC EDGAR,https://www.sec.gov/edgar/browse/?CIK=0001100682,2026-09-10T06:52:16.444263+00:00,"Charles River Laboratories International, Inc.",
1.0,STARTUP,SEC EDGAR,https://www.sec.gov/edgar/browse/?CIK=0000719413,2026-09-10T06:52:16.446102+00:00,Hecla Mining Co/De/,
1.0,STARTUP,SEC EDGAR,https://www.sec.gov/edgar/browse/?CIK=0001177609,2026-09-10T06:52:16.447936+00:00,"Five Below, Inc",
1.0,STARTUP,SEC EDGAR,https://www.sec.gov/edgar/browse/?CIK=0000864749,2026-09-10T06:52:16.449758+00:00,Trimble Inc.,
1.0,STARTUP,SEC EDGAR,https://www.sec.gov/edgar/browse/?CIK=0001236275,2026-09-10T06:52:16.451539+00:00,"Qxo, Inc.",
1.0,STARTUP,SEC EDGAR,https://www.sec.gov/edgar/browse/?CIK=0000088941,2026-09-10T06:52:16.453339+00:00,Semtech Corp,
1.0,STARTUP,SEC EDGAR,https://www.sec.gov/edgar/browse/?CIK=0000016058,2026-09-10T06:52:16.455326+00:00,Caci International Inc /De/,
1.0,STARTUP,SEC EDGAR,https://www.sec.gov/edgar/browse/?CIK=0000908255,2026-09-10T06:52:16.457130+00:00,Borgwarner Inc,
1.0,STARTUP,SEC EDGAR,https://www.sec.gov/edgar/browse/?CIK=0000913144,2026-09-10T06:52:16.458967+00:00,Renaissancere Holdings Ltd,
1.0,STARTUP,SEC EDGAR,https://www.sec.gov/edgar/browse/?CIK=0001494728,2026-09-10T06:52:16.460796+00:00,Sprott Physical Silver Trust,
1.0,STARTUP,SEC EDGAR,https://www.sec.gov/edgar/browse/?CIK=0001616707,2026-09-10T06:52:16.462635+00:00,Wayfair Inc.,
1.0,STARTUP,SEC EDGAR,https://www.sec.gov/edgar/browse/?CIK=0000217346,2026-09-10T06:52:16.464418+00:00,Textron Inc,
1.0,STARTUP,SEC EDGAR,https://www.sec.gov/edgar/browse/?CIK=0000711404,2026-09-10T06:52:16.466246+00:00,"Cooper Companies, Inc.",
1.0,STARTUP,SEC EDGAR,https://www.sec.gov/edgar/browse/?CIK=0000769218,2026-09-10T06:52:16.468076+00:00,Aegon Ltd.,
1.0,STARTUP,SEC EDGAR,https://www.sec.gov/edgar/browse/?CIK=0001762831,2026-09-10T06:52:16.469955+00:00,"Daifuku Co., Ltd./Adr",
1.0,STARTUP,SEC EDGAR,https://www.sec.gov/edgar/browse/?CIK=0001528396,2026-09-10T06:52:16.472146+00:00,"Guidewire Software, Inc.",
1.0,STARTUP,SEC EDGAR,https://www.sec.gov/edgar/browse/?CIK=0001069202,2026-09-10T06:52:16.474097+00:00,Lennox International Inc,
1.0,STARTUP,SEC EDGAR,https://www.sec.gov/edgar/browse/?CIK=0000110621,2026-09-10T06:52:16.475908+00:00,Rpm International Inc/De/,
1.0,STARTUP,SEC EDGAR,https://www.sec.gov/edgar/browse/?CIK=0000091419,2026-09-10T06:52:16.477726+00:00,J M Smucker Co,
1.0,STARTUP,SEC EDGAR,https://www.sec.gov/edgar/browse/?CIK=0001744676,2026-09-10T06:52:16.479510+00:00,Tencent Music Entertainment Group,
1.0,STARTUP,SEC EDGAR,https://www.sec.gov/edgar/browse/?CIK=0000320335,2026-09-10T06:52:16.481319+00:00,Globe Life Inc.,
1.0,STARTUP,SEC EDGAR,https://www.sec.gov/edgar/browse/?CIK=0000074208,2026-09-10T06:52:16.483169+00:00,"Udr, Inc.",
1.0,STARTUP,SEC EDGAR,https://www.sec.gov/edgar/browse/?CIK=0001579241,2026-09-10T06:52:16.485070+00:00,Allegion Plc,
1.0,STARTUP,SEC EDGAR,https://www.sec.gov/edgar/browse/?CIK=0000010456,2026-09-10T06:52:16.486991+00:00,Baxter International Inc,
1.0,STARTUP,SEC EDGAR,https://www.sec.gov/edgar/browse/?CIK=0001562401,2026-09-10T06:52:16.488817+00:00,American Homes 4 Rent,
1.0,STARTUP,SEC EDGAR,https://www.sec.gov/edgar/browse/?CIK=0000040729,2026-09-10T06:52:16.490652+00:00,Ally Financial Inc.,
1.0,STARTUP,SEC EDGAR,https://www.sec.gov/edgar/browse/?CIK=0000008818,2026-09-10T06:52:16.492383+00:00,Avery Dennison Corp,
1.0,STARTUP,SEC EDGAR,https://www.sec.gov/edgar/browse/?CIK=0000350894,2026-09-10T06:52:16.494268+00:00,Sei Investments Co,
1.0,STARTUP,SEC EDGAR,https://www.sec.gov/edgar/browse/?CIK=0001116942,2026-09-10T06:52:16.496145+00:00,Ttm Technologies Inc,
1.0,STARTUP,SEC EDGAR,https://www.sec.gov/edgar/browse/?CIK=0001582961,2026-09-10T06:52:16.497999+00:00,"Digitalocean Holdings, Inc.",
1.0,STARTUP,SEC EDGAR,https://www.sec.gov/edgar/browse/?CIK=0000922621,2026-09-10T06:52:16.499884+00:00,Erie Indemnity Co,
1.0,STARTUP,SEC EDGAR,https://www.sec.gov/edgar/browse/?CIK=0001842022,2026-09-10T06:52:16.501631+00:00,"Dt Midstream, Inc.",
1.0,STARTUP,SEC EDGAR,https://www.sec.gov/edgar/browse/?CIK=0001675149,2026-09-10T06:52:16.503412+00:00,Alcoa Corp,
1.0,STARTUP,SEC EDGAR,https://www.sec.gov/edgar/browse/?CIK=0002109234,2026-09-10T06:52:16.505216+00:00,Belimo Holding Ag/Adr,
1.0,STARTUP,SEC EDGAR,https://www.sec.gov/edgar/browse/?CIK=0000004457,2026-09-10T06:52:16.507033+00:00,U-Haul Holding Co /Nv/,
1.0,STARTUP,SEC EDGAR,https://www.sec.gov/edgar/browse/?CIK=0001355444,2026-09-10T06:52:16.508852+00:00,Embraer S.A.,
1.0,STARTUP,SEC EDGAR,https://www.sec.gov/edgar/browse/?CIK=0000021175,2026-09-10T06:52:16.510705+00:00,Cna Financial Corp,
1.0,STARTUP,SEC EDGAR,https://www.sec.gov/edgar/browse/?CIK=0001919275,2026-09-10T06:52:16.512624+00:00,Var Energi Asa/Adr,
1.0,STARTUP,SEC EDGAR,https://www.sec.gov/edgar/browse/?CIK=0002110105,2026-09-10T06:52:16.514508+00:00,Quantinuum Inc.,
1.0,STARTUP,SEC EDGAR,https://www.sec.gov/edgar/browse/?CIK=0001261333,2026-09-10T06:52:16.516362+00:00,"Docusign, Inc.",
1.0,STARTUP,SEC EDGAR,https://www.sec.gov/edgar/browse/?CIK=0000794170,2026-09-10T06:52:16.518219+00:00,"Toll Brothers, Inc.",
1.0,STARTUP,SEC EDGAR,https://www.sec.gov/edgar/browse/?CIK=0000046080,2026-09-10T06:52:16.519999+00:00,"Hasbro, Inc.",
1.0,STARTUP,SEC EDGAR,https://www.sec.gov/edgar/browse/?CIK=0000105016,2026-09-10T06:52:16.521759+00:00,Watsco Inc,
1.0,STARTUP,SEC EDGAR,https://www.sec.gov/edgar/browse/?CIK=0002098430,2026-09-10T06:52:16.523576+00:00,Madison Air Solutions Corp,
1.0,STARTUP,SEC EDGAR,https://www.sec.gov/edgar/browse/?CIK=0001852131,2026-09-10T06:52:16.525361+00:00,Nextpower Inc.,
1.0,STARTUP,SEC EDGAR,https://www.sec.gov/edgar/browse/?CIK=0001048477,2026-09-10T06:52:16.527193+00:00,Biomarin Pharmaceutical Inc,
1.0,STARTUP,SEC EDGAR,https://www.sec.gov/edgar/browse/?CIK=0001579878,2026-09-10T06:52:16.529027+00:00,"Figma, Inc.",
1.0,STARTUP,SEC EDGAR,https://www.sec.gov/edgar/browse/?CIK=0001048268,2026-09-10T06:52:16.530854+00:00,"Ies Holdings, Inc.",
1.0,STARTUP,SEC EDGAR,https://www.sec.gov/edgar/browse/?CIK=0001609711,2026-09-10T06:52:16.532700+00:00,Godaddy Inc.,
1.0,STARTUP,SEC EDGAR,https://www.sec.gov/edgar/browse/?CIK=0001795586,2026-09-10T06:52:16.534536+00:00,"Chime Financial, Inc.",
1.0,STARTUP,SEC EDGAR,https://www.sec.gov/edgar/browse/?CIK=0001060955,2026-09-10T06:52:16.536325+00:00,Icon Plc,
1.0,STARTUP,SEC EDGAR,https://www.sec.gov/edgar/browse/?CIK=0001828108,2026-09-10T06:52:16.538163+00:00,"Aurora Innovation, Inc.",
1.0,STARTUP,SEC EDGAR,https://www.sec.gov/edgar/browse/?CIK=0001321732,2026-09-10T06:52:16.539990+00:00,Penumbra Inc,
1.0,STARTUP,SEC EDGAR,https://www.sec.gov/edgar/browse/?CIK=0001404655,2026-09-10T06:52:16.541801+00:00,Hubspot Inc,
1.0,STARTUP,SEC EDGAR,https://www.sec.gov/edgar/browse/?CIK=0001023514,2026-09-10T06:52:16.543665+00:00,Harmony Gold Mining Co Ltd,
1.0,STARTUP,SEC EDGAR,https://www.sec.gov/edgar/browse/?CIK=0001423689,2026-09-10T06:52:16.545527+00:00,Agnc Investment Corp.,
1.0,STARTUP,SEC EDGAR,https://www.sec.gov/edgar/browse/?CIK=0000042888,2026-09-10T06:52:16.547323+00:00,Graco Inc,
1.0,STARTUP,SEC EDGAR,https://www.sec.gov/edgar/browse/?CIK=0000317540,2026-09-10T06:52:16.549326+00:00,"Coca-Cola Consolidated, Inc.",
1.0,STARTUP,SEC EDGAR,https://www.sec.gov/edgar/browse/?CIK=0002099039,2026-09-10T06:52:16.551202+00:00,Wise Group Plc,
1.0,STARTUP,SEC EDGAR,https://www.sec.gov/edgar/browse/?CIK=0001575965,2026-09-10T06:52:16.553043+00:00,"Gaming & Leisure Properties, Inc.",
1.0,STARTUP,SEC EDGAR,https://www.sec.gov/edgar/browse/?CIK=0001279956,2026-09-10T06:52:16.554846+00:00,Yara International Asa,
1.0,STARTUP,SEC EDGAR,https://www.sec.gov/edgar/browse/?CIK=0001219601,2026-09-10T06:52:16.556703+00:00,"Crown Holdings, Inc.",
1.0,STARTUP,SEC EDGAR,https://www.sec.gov/edgar/browse/?CIK=0001057352,2026-09-10T06:52:16.558590+00:00,"Costar Group, Inc.",
1.0,STARTUP,SEC EDGAR,https://www.sec.gov/edgar/browse/?CIK=0000895417,2026-09-10T06:52:16.560482+00:00,Equity Lifestyle Properties Inc,
1.0,STARTUP,SEC EDGAR,https://www.sec.gov/edgar/browse/?CIK=0001159036,2026-09-10T06:52:16.562292+00:00,"Halozyme Therapeutics, Inc.",
1.0,STARTUP,SEC EDGAR,https://www.sec.gov/edgar/browse/?CIK=0001157601,2026-09-10T06:52:16.564188+00:00,"Madrigal Pharmaceuticals, Inc.",
1.0,STARTUP,SEC EDGAR,https://www.sec.gov/edgar/browse/?CIK=0001056696,2026-09-10T06:52:16.565996+00:00,Manhattan Associates Inc,
1.0,STARTUP,SEC EDGAR,https://www.sec.gov/edgar/browse/?CIK=0001289460,2026-09-10T06:52:16.567783+00:00,"Texas Roadhouse, Inc.",
1.0,STARTUP,SEC EDGAR,https://www.sec.gov/edgar/browse/?CIK=0001347557,2026-09-10T06:52:16.569622+00:00,Pacific Airport Group,
1.0,STARTUP,SEC EDGAR,https://www.sec.gov/edgar/browse/?CIK=0001089063,2026-09-10T06:52:16.571448+00:00,"Dick'S Sporting Goods, Inc.",
1.0,STARTUP,SEC EDGAR,https://www.sec.gov/edgar/browse/?CIK=0000720672,2026-09-10T06:52:16.573257+00:00,Stifel Financial Corp,
1.0,STARTUP,SEC EDGAR,https://www.sec.gov/edgar/browse/?CIK=0001331875,2026-09-10T06:52:16.575021+00:00,"Fidelity National Financial, Inc.",
1.0,STARTUP,SEC EDGAR,https://www.sec.gov/edgar/browse/?CIK=0000014693,2026-09-10T06:52:16.576850+00:00,Brown Forman Corp,
1.0,STARTUP,SEC EDGAR,https://www.sec.gov/edgar/browse/?CIK=0001037540,2026-09-10T06:52:16.578710+00:00,"Bxp, Inc.",
1.0,STARTUP,SEC EDGAR,https://www.sec.gov/edgar/browse/?CIK=0001739104,2026-09-10T06:52:16.580544+00:00,Elanco Animal Health Inc,
1.0,STARTUP,SEC EDGAR,https://www.sec.gov/edgar/browse/?CIK=0000906345,2026-09-10T06:52:16.582446+00:00,Camden Property Trust,
1.0,STARTUP,SEC EDGAR,https://www.sec.gov/edgar/browse/?CIK=0000879407,2026-09-10T06:52:16.584303+00:00,"Arrowhead Pharmaceuticals, Inc.",
1.0,STARTUP,SEC EDGAR,https://www.sec.gov/edgar/browse/?CIK=0002041610,2026-09-10T06:52:16.586144+00:00,Paramount Skydance Corp,
1.0,STARTUP,SEC EDGAR,https://www.sec.gov/edgar/browse/?CIK=0001322422,2026-09-10T06:52:16.587949+00:00,Hudbay Minerals Inc.,
1.0,STARTUP,SEC EDGAR,https://www.sec.gov/edgar/browse/?CIK=0000795403,2026-09-10T06:52:16.589707+00:00,Watts Water Technologies Inc,
1.0,STARTUP,SEC EDGAR,https://www.sec.gov/edgar/browse/?CIK=0001433270,2026-09-10T06:52:16.591536+00:00,Antero Resources Corp,
1.0,STARTUP,SEC EDGAR,https://www.sec.gov/edgar/browse/?CIK=0001791706,2026-09-10T06:52:16.593374+00:00,Li Auto Inc.,
1.0,STARTUP,SEC EDGAR,https://www.sec.gov/edgar/browse/?CIK=0000003124,2026-09-10T06:52:16.595243+00:00,Akzo Nobel Nv,
1.0,STARTUP,SEC EDGAR,https://www.sec.gov/edgar/browse/?CIK=0000845982,2026-09-10T06:52:16.597086+00:00,Smith & Nephew Plc,
1.0,STARTUP,SEC EDGAR,https://www.sec.gov/edgar/browse/?CIK=0001088856,2026-09-10T06:52:16.598952+00:00,Corcept Therapeutics Inc,
1.0,STARTUP,SEC EDGAR,https://www.sec.gov/edgar/browse/?CIK=0001333141,2026-09-10T06:52:16.600729+00:00,Fresenius Medical Care Ag,
1.0,STARTUP,SEC EDGAR,https://www.sec.gov/edgar/browse/?CIK=0001865782,2026-09-10T06:52:16.602507+00:00,"Brightspring Health Services, Inc.",
1.0,STARTUP,SEC EDGAR,https://www.sec.gov/edgar/browse/?CIK=0000785161,2026-09-10T06:52:16.604345+00:00,Encompass Health Corp,
1.0,STARTUP,SEC EDGAR,https://www.sec.gov/edgar/browse/?CIK=0000930157,2026-09-10T06:52:16.606155+00:00,Rentokil Initial Plc /Fi,
1.0,STARTUP,SEC EDGAR,https://www.sec.gov/edgar/browse/?CIK=0000109563,2026-09-10T06:52:16.607992+00:00,Applied Industrial Technologies Inc,
1.0,STARTUP,SEC EDGAR,https://www.sec.gov/edgar/browse/?CIK=0001632970,2026-09-10T06:52:16.609835+00:00,"American Healthcare Reit, Inc.",
1.0,STARTUP,SEC EDGAR,https://www.sec.gov/edgar/browse/?CIK=0001883685,2026-09-10T06:52:16.611705+00:00,Draftkings Inc.,
1.0,STARTUP,SEC EDGAR,https://www.sec.gov/edgar/browse/?CIK=0001047127,2026-09-10T06:52:16.613514+00:00,"Amkor Technology, Inc.",
1.0,STARTUP,SEC EDGAR,https://www.sec.gov/edgar/browse/?CIK=0000048465,2026-09-10T06:52:16.615430+00:00,Hormel Foods Corp /De/,
1.0,STARTUP,SEC EDGAR,https://www.sec.gov/edgar/browse/?CIK=0001109345,2026-09-10T06:52:16.617294+00:00,Nova Ltd.,
1.0,STARTUP,SEC EDGAR,https://www.sec.gov/edgar/browse/?CIK=0001042046,2026-09-10T06:52:16.619124+00:00,American Financial Group Inc,
1.0,STARTUP,SEC EDGAR,https://www.sec.gov/edgar/browse/?CIK=0001944013,2026-09-10T06:52:16.620913+00:00,Crane Co,
1.0,STARTUP,SEC EDGAR,https://www.sec.gov/edgar/browse/?CIK=0000078128,2026-09-10T06:52:16.622660+00:00,"Essential Utilities, Inc.",
1.0,STARTUP,SEC EDGAR,https://www.sec.gov/edgar/browse/?CIK=0001579091,2026-09-10T06:52:16.624484+00:00,Maplebear Inc.,
1.0,STARTUP,SEC EDGAR,https://www.sec.gov/edgar/browse/?CIK=0000764622,2026-09-10T06:52:16.626295+00:00,Pinnacle West Capital Corp,
1.0,STARTUP,SEC EDGAR,https://www.sec.gov/edgar/browse/?CIK=0000036966,2026-09-10T06:52:16.628142+00:00,First Horizon Corp,
1.0,STARTUP,SEC EDGAR,https://www.sec.gov/edgar/browse/?CIK=0000749251,2026-09-10T06:52:16.629999+00:00,Gartner Inc,
1.0,STARTUP,SEC EDGAR,https://www.sec.gov/edgar/browse/?CIK=0000067887,2026-09-10T06:52:16.631821+00:00,Moog Inc.,
1.0,STARTUP,SEC EDGAR,https://www.sec.gov/edgar/browse/?CIK=0001531152,2026-09-10T06:52:16.633652+00:00,"Bj'S Wholesale Club Holdings, Inc.",
1.0,STARTUP,SEC EDGAR,https://www.sec.gov/edgar/browse/?CIK=0002071668,2026-09-10T06:52:16.635439+00:00,Magnum Ice Cream Co N.V.,
1.0,STARTUP,SEC EDGAR,https://www.sec.gov/edgar/browse/?CIK=0001801729,2026-09-10T06:52:16.637256+00:00,"Nitori Holdings Co., Ltd.",
1.0,STARTUP,SEC EDGAR,https://www.sec.gov/edgar/browse/?CIK=0000927066,2026-09-10T06:52:16.639017+00:00,Davita Inc.,
1.0,STARTUP,SEC EDGAR,https://www.sec.gov/edgar/browse/?CIK=0001492691,2026-09-10T06:52:16.640835+00:00,Knight-Swift Transportation Holdings Inc.,
1.0,STARTUP,SEC EDGAR,https://www.sec.gov/edgar/browse/?CIK=0002103884,2026-09-10T06:52:16.642659+00:00,"Compass Sub North, Inc.",
1.0,STARTUP,SEC EDGAR,https://www.sec.gov/edgar/browse/?CIK=0001203464,2026-09-10T06:52:16.644526+00:00,Iamgold Corp,
1.0,STARTUP,SEC EDGAR,https://www.sec.gov/edgar/browse/?CIK=0000910521,2026-09-10T06:52:16.646366+00:00,Deckers Outdoor Corp,
1.0,STARTUP,SEC EDGAR,https://www.sec.gov/edgar/browse/?CIK=0002072098,2026-09-10T06:52:16.648223+00:00,Toromont Industries Ltd./Adr,
1.0,STARTUP,SEC EDGAR,https://www.sec.gov/edgar/browse/?CIK=0001717115,2026-09-10T06:52:16.649990+00:00,"Tempus Ai, Inc.",
1.0,STARTUP,SEC EDGAR,https://www.sec.gov/edgar/browse/?CIK=0000779152,2026-09-10T06:52:16.651764+00:00,Jack Henry & Associates Inc,
1.0,STARTUP,SEC EDGAR,https://www.sec.gov/edgar/browse/?CIK=0001072397,2026-09-10T06:52:16.653576+00:00,Bunzl Plc,
1.0,STARTUP,SEC EDGAR,https://www.sec.gov/edgar/browse/?CIK=0001506293,2026-09-10T06:52:16.655434+00:00,"Pinterest, Inc.",
1.0,STARTUP,SEC EDGAR,https://www.sec.gov/edgar/browse/?CIK=0002080845,2026-09-10T06:52:16.657259+00:00,Paypay Corp,
1.0,STARTUP,SEC EDGAR,https://www.sec.gov/edgar/browse/?CIK=0001964789,2026-09-10T06:52:16.659082+00:00,Hut 8 Corp.,
1.0,STARTUP,SEC EDGAR,https://www.sec.gov/edgar/browse/?CIK=0001360901,2026-09-10T06:52:16.660897+00:00,Evercore Inc.,
1.0,STARTUP,SEC EDGAR,https://www.sec.gov/edgar/browse/?CIK=0000842023,2026-09-10T06:52:16.662764+00:00,Bio-Techne Corp,
1.0,STARTUP,SEC EDGAR,https://www.sec.gov/edgar/browse/?CIK=0000909327,2026-09-10T06:52:16.664560+00:00,Suzano S.A.,
1.0,STARTUP,SEC EDGAR,https://www.sec.gov/edgar/browse/?CIK=0001286681,2026-09-10T06:52:16.666357+00:00,Dominos Pizza Inc,
1.0,STARTUP,SEC EDGAR,https://www.sec.gov/edgar/browse/?CIK=0001588823,2026-09-10T06:52:16.668163+00:00,Tfi International Inc.,
1.0,STARTUP,SEC EDGAR,https://www.sec.gov/edgar/browse/?CIK=0001097149,2026-09-10T06:52:16.670026+00:00,Align Technology Inc,
1.0,STARTUP,SEC EDGAR,https://www.sec.gov/edgar/browse/?CIK=0001501585,2026-09-10T06:52:16.671820+00:00,"Huntington Ingalls Industries, Inc.",
1.0,STARTUP,SEC EDGAR,https://www.sec.gov/edgar/browse/?CIK=0000021076,2026-09-10T06:52:16.673638+00:00,Clorox Co /De/,
1.0,STARTUP,SEC EDGAR,https://www.sec.gov/edgar/browse/?CIK=0000927003,2026-09-10T06:52:16.675491+00:00,Advanced Energy Industries Inc,
1.0,STARTUP,SEC EDGAR,https://www.sec.gov/edgar/browse/?CIK=0000096223,2026-09-10T06:52:16.677334+00:00,Jefferies Financial Group Inc.,
1.0,STARTUP,SEC EDGAR,https://www.sec.gov/edgar/browse/?CIK=0000918608,2026-09-10T06:52:16.679181+00:00,Eldorado Gold Corp /Fi,
1.0,STARTUP,SEC EDGAR,https://www.sec.gov/edgar/browse/?CIK=0000089089,2026-09-10T06:52:16.681032+00:00,Service Corp International,
1.0,STARTUP,SEC EDGAR,https://www.sec.gov/edgar/browse/?CIK=0001397187,2026-09-10T06:52:16.682926+00:00,Lululemon Athletica Inc.,
1.0,STARTUP,SEC EDGAR,https://www.sec.gov/edgar/browse/?CIK=0000004127,2026-09-10T06:52:16.690087+00:00,"Skyworks Solutions, Inc.",
1.0,STARTUP,SEC EDGAR,https://www.sec.gov/edgar/browse/?CIK=0001474735,2026-09-10T06:52:16.692502+00:00,Generac Holdings Inc.,
1.0,STARTUP,SEC EDGAR,https://www.sec.gov/edgar/browse/?CIK=0001837429,2026-09-10T06:52:16.694510+00:00,Brookfield Wealth Solutions Ltd.,
1.0,STARTUP,SEC EDGAR,https://www.sec.gov/edgar/browse/?CIK=0001922641,2026-09-10T06:52:16.696436+00:00,Enlight Renewable Energy Ltd.,
1.0,STARTUP,SEC EDGAR,https://www.sec.gov/edgar/browse/?CIK=0000007536,2026-09-10T06:52:16.698433+00:00,"Arrow Electronics, Inc.",
1.0,STARTUP,SEC EDGAR,https://www.sec.gov/edgar/browse/?CIK=0001049724,2026-09-10T06:52:16.700427+00:00,Deutsche Lufthansa A G /Fi,
1.0,STARTUP,SEC EDGAR,https://www.sec.gov/edgar/browse/?CIK=0001370946,2026-09-10T06:52:16.702307+00:00,Owens Corning,
1.0,STARTUP,SEC EDGAR,https://www.sec.gov/edgar/browse/?CIK=0000763901,2026-09-10T06:52:16.704107+00:00,"Popular, Inc.",
1.0,STARTUP,SEC EDGAR,https://www.sec.gov/edgar/browse/?CIK=0000101382,2026-09-10T06:52:16.705994+00:00,Umb Financial Corp,
1.0,STARTUP,SEC EDGAR,https://www.sec.gov/edgar/browse/?CIK=0000071691,2026-09-10T06:52:16.707803+00:00,New York Times Co,
1.0,STARTUP,SEC EDGAR,https://www.sec.gov/edgar/browse/?CIK=0000082811,2026-09-10T06:52:16.709645+00:00,Regal Rexnord Corp,
1.0,STARTUP,SEC EDGAR,https://www.sec.gov/edgar/browse/?CIK=0001411207,2026-09-10T06:52:16.711521+00:00,Allison Transmission Holdings Inc,
1.0,STARTUP,SEC EDGAR,https://www.sec.gov/edgar/browse/?CIK=0001579428,2026-09-10T06:52:16.713389+00:00,"Axsome Therapeutics, Inc.",
1.0,STARTUP,SEC EDGAR,https://www.sec.gov/edgar/browse/?CIK=0001800667,2026-09-10T06:52:16.715182+00:00,Jfrog Ltd,
1.0,STARTUP,SEC EDGAR,https://www.sec.gov/edgar/browse/?CIK=0001849253,2026-09-10T06:52:16.717009+00:00,"Ryan Specialty Holdings, Inc.",
1.0,STARTUP,SEC EDGAR,https://www.sec.gov/edgar/browse/?CIK=0001013237,2026-09-10T06:52:16.718826+00:00,Factset Research Systems Inc,
1.0,STARTUP,SEC EDGAR,https://www.sec.gov/edgar/browse/?CIK=0001623925,2026-09-10T06:52:16.720658+00:00,Antero Midstream Corp,
1.0,STARTUP,SEC EDGAR,https://www.sec.gov/edgar/browse/?CIK=0000049600,2026-09-10T06:52:16.722486+00:00,Eastgroup Properties Inc,
1.0,STARTUP,SEC EDGAR,https://www.sec.gov/edgar/browse/?CIK=0002030781,2026-09-10T06:52:16.724296+00:00,"Sailpoint, Inc.",
1.0,STARTUP,SEC EDGAR,https://www.sec.gov/edgar/browse/?CIK=0001366868,2026-09-10T06:52:16.726124+00:00,"Globalstar, Inc.",
1.0,STARTUP,SEC EDGAR,https://www.sec.gov/edgar/browse/?CIK=0000889331,2026-09-10T06:52:16.727949+00:00,Littelfuse Inc /De,
1.0,STARTUP,SEC EDGAR,https://www.sec.gov/edgar/browse/?CIK=0000897723,2026-09-10T06:52:16.729793+00:00,Sanmina Corp,
1.0,STARTUP,SEC EDGAR,https://www.sec.gov/edgar/browse/?CIK=0001711279,2026-09-10T06:52:16.731560+00:00,"Krystal Biotech, Inc.",
1.0,STARTUP,SEC EDGAR,https://www.sec.gov/edgar/browse/?CIK=0000874761,2026-09-10T06:52:16.733374+00:00,Aes Corp,
1.0,STARTUP,SEC EDGAR,https://www.sec.gov/edgar/browse/?CIK=0000789570,2026-09-10T06:52:16.735240+00:00,Mgm Resorts International,
1.0,STARTUP,SEC EDGAR,https://www.sec.gov/edgar/browse/?CIK=0001237831,2026-09-10T06:52:16.737064+00:00,Globus Medical Inc,
1.0,STARTUP,SEC EDGAR,https://www.sec.gov/edgar/browse/?CIK=0000924805,2026-09-10T06:52:16.738888+00:00,Freedom Holding Corp.,
1.0,STARTUP,SEC EDGAR,https://www.sec.gov/edgar/browse/?CIK=0001179929,2026-09-10T06:52:16.740717+00:00,"Molina Healthcare, Inc.",
1.0,STARTUP,SEC EDGAR,https://www.sec.gov/edgar/browse/?CIK=0001810997,2026-09-10T06:52:16.742499+00:00,Xpeng Inc.,
1.0,STARTUP,SEC EDGAR,https://www.sec.gov/edgar/browse/?CIK=0000851205,2026-09-10T06:52:16.744350+00:00,Cognex Corp,
1.0,STARTUP,SEC EDGAR,https://www.sec.gov/edgar/browse/?CIK=0000764038,2026-09-10T06:52:16.746204+00:00,Southstate Bank Corp,
1.0,STARTUP,SEC EDGAR,https://www.sec.gov/edgar/browse/?CIK=0001192448,2026-09-10T06:52:16.747996+00:00,Glaukos Corp,
1.0,STARTUP,SEC EDGAR,https://www.sec.gov/edgar/browse/?CIK=0001590955,2026-09-10T06:52:16.749920+00:00,"Paycom Software, Inc.",
1.0,STARTUP,SEC EDGAR,https://www.sec.gov/edgar/browse/?CIK=0001015328,2026-09-10T06:52:16.751802+00:00,Wintrust Financial Corp,
1.0,STARTUP,SEC EDGAR,https://www.sec.gov/edgar/browse/?CIK=0000797721,2026-09-10T06:52:16.753662+00:00,Viasat Inc,
1.0,STARTUP,SEC EDGAR,https://www.sec.gov/edgar/browse/?CIK=0000067347,2026-09-10T06:52:16.755529+00:00,Modine Manufacturing Co,
1.0,STARTUP,SEC EDGAR,https://www.sec.gov/edgar/browse/?CIK=0001308648,2026-09-10T06:52:16.757341+00:00,First Majestic Silver Corp,
1.0,STARTUP,SEC EDGAR,https://www.sec.gov/edgar/browse/?CIK=0000012208,2026-09-10T06:52:16.759133+00:00,"Bio-Rad Laboratories, Inc.",
1.0,STARTUP,SEC EDGAR,https://www.sec.gov/edgar/browse/?CIK=0000916540,2026-09-10T06:52:16.760917+00:00,Darling Ingredients Inc.,
1.0,STARTUP,SEC EDGAR,https://www.sec.gov/edgar/browse/?CIK=0000913290,2026-09-10T06:52:16.762710+00:00,Frontline Plc,
1.0,STARTUP,SEC EDGAR,https://www.sec.gov/edgar/browse/?CIK=0001604028,2026-09-10T06:52:16.764541+00:00,"Advanced Drainage Systems, Inc.",
1.0,STARTUP,SEC EDGAR,https://www.sec.gov/edgar/browse/?CIK=0000034903,2026-09-10T06:52:16.766242+00:00,Federal Realty Investment Trust,
1.0,STARTUP,SEC EDGAR,https://www.sec.gov/edgar/browse/?CIK=0001145197,2026-09-10T06:52:16.768043+00:00,Insulet Corp,
1.0,STARTUP,SEC EDGAR,https://www.sec.gov/edgar/browse/?CIK=0001031308,2026-09-10T06:52:16.769851+00:00,Bentley Systems Inc,
1.0,STARTUP,SEC EDGAR,https://www.sec.gov/edgar/browse/?CIK=0001722482,2026-09-10T06:52:16.771684+00:00,"Avantor, Inc.",
1.0,STARTUP,SEC EDGAR,https://www.sec.gov/edgar/browse/?CIK=0000109380,2026-09-10T06:52:16.773517+00:00,"Zions Bancorporation, National Association /Ut/",
1.0,STARTUP,SEC EDGAR,https://www.sec.gov/edgar/browse/?CIK=0002064953,2026-09-10T06:52:16.775388+00:00,Solstice Advanced Materials Inc.,
1.0,STARTUP,SEC EDGAR,https://www.sec.gov/edgar/browse/?CIK=0001061983,2026-09-10T06:52:16.777138+00:00,Cytokinetics Inc,
1.0,STARTUP,SEC EDGAR,https://www.sec.gov/edgar/browse/?CIK=0000039263,2026-09-10T06:52:16.778953+00:00,"Cullen/Frost Bankers, Inc.",
1.0,STARTUP,SEC EDGAR,https://www.sec.gov/edgar/browse/?CIK=0001787425,2026-09-10T06:52:16.780823+00:00,Xp Inc.,
1.0,STARTUP,SEC EDGAR,https://www.sec.gov/edgar/browse/?CIK=0001956827,2026-09-10T06:52:16.782638+00:00,Abivax S.A.,
1.0,STARTUP,SEC EDGAR,https://www.sec.gov/edgar/browse/?CIK=0001000228,2026-09-10T06:52:16.784416+00:00,Henry Schein Inc,
1.0,STARTUP,SEC EDGAR,https://www.sec.gov/edgar/browse/?CIK=0000074260,2026-09-10T06:52:16.786252+00:00,Old Republic International Corp,
1.0,STARTUP,SEC EDGAR,https://www.sec.gov/edgar/browse/?CIK=0001584273,2026-09-10T06:52:16.788053+00:00,"Sanrio Company, Ltd./Adr",
1.0,STARTUP,SEC EDGAR,https://www.sec.gov/edgar/browse/?CIK=0001144215,2026-09-10T06:52:16.789840+00:00,Acuity Inc. (De),
1.0,STARTUP,SEC EDGAR,https://www.sec.gov/edgar/browse/?CIK=0000352915,2026-09-10T06:52:16.791809+00:00,Universal Health Services Inc,
1.0,STARTUP,SEC EDGAR,https://www.sec.gov/edgar/browse/?CIK=0001135951,2026-09-10T06:52:16.793649+00:00,Dr Reddys Laboratories Ltd,
1.0,STARTUP,SEC EDGAR,https://www.sec.gov/edgar/browse/?CIK=0001767582,2026-09-10T06:52:16.795494+00:00,Luckin Coffee Inc.,
1.0,STARTUP,SEC EDGAR,https://www.sec.gov/edgar/browse/?CIK=0000707179,2026-09-10T06:52:16.797325+00:00,Old National Bancorp /In/,
1.0,STARTUP,SEC EDGAR,https://www.sec.gov/edgar/browse/?CIK=0001521332,2026-09-10T06:52:16.799113+00:00,Aptiv Plc,
1.0,STARTUP,SEC EDGAR,https://www.sec.gov/edgar/browse/?CIK=0001125376,2026-09-10T06:52:16.800865+00:00,"Ensign Group, Inc",
1.0,STARTUP,SEC EDGAR,https://www.sec.gov/edgar/browse/?CIK=0001568651,2026-09-10T06:52:16.802662+00:00,"Oscar Health, Inc.",
1.0,STARTUP,SEC EDGAR,https://www.sec.gov/edgar/browse/?CIK=0001061894,2026-09-10T06:52:16.804511+00:00,Gildan Activewear Inc.,
1.0,STARTUP,SEC EDGAR,https://www.sec.gov/edgar/browse/?CIK=0001505880,2026-09-10T06:52:16.806346+00:00,Pandora A/S / Adr,
1.0,STARTUP,SEC EDGAR,https://www.sec.gov/edgar/browse/?CIK=0000088205,2026-09-10T06:52:16.808265+00:00,"Spx Technologies, Inc.",
1.0,STARTUP,SEC EDGAR,https://www.sec.gov/edgar/browse/?CIK=0001689548,2026-09-10T06:52:16.810105+00:00,"Praxis Precision Medicines, Inc.",
1.0,STARTUP,SEC EDGAR,https://www.sec.gov/edgar/browse/?CIK=0000315852,2026-09-10T06:52:16.811910+00:00,Range Resources Corp,
1.0,STARTUP,SEC EDGAR,https://www.sec.gov/edgar/browse/?CIK=0000840489,2026-09-10T06:52:16.813713+00:00,"Firstcash Holdings, Inc.",
1.0,STARTUP,SEC EDGAR,https://www.sec.gov/edgar/browse/?CIK=0000908937,2026-09-10T06:52:16.815599+00:00,Sirius Xm Holdings Inc.,
1.0,STARTUP,SEC EDGAR,https://www.sec.gov/edgar/browse/?CIK=0001833756,2026-09-10T06:52:16.817467+00:00,"Leonardo Drs, Inc.",
1.0,STARTUP,SEC EDGAR,https://www.sec.gov/edgar/browse/?CIK=0000891103,2026-09-10T06:52:16.819363+00:00,"Match Group, Inc.",
1.0,STARTUP,SEC EDGAR,https://www.sec.gov/edgar/browse/?CIK=0001073404,2026-09-10T06:52:16.821274+00:00,Gerdau S.A.,
1.0,STARTUP,SEC EDGAR,https://www.sec.gov/edgar/browse/?CIK=0000030625,2026-09-10T06:52:16.823088+00:00,Flowserve Corp,
1.0,STARTUP,SEC EDGAR,https://www.sec.gov/edgar/browse/?CIK=0001801368,2026-09-10T06:52:16.824868+00:00,Mp Materials Corp. / De,
1.0,STARTUP,SEC EDGAR,https://www.sec.gov/edgar/browse/?CIK=0001540042,2026-09-10T06:52:16.826656+00:00,Weir Group Plc/Adr,
1.0,STARTUP,SEC EDGAR,https://www.sec.gov/edgar/browse/?CIK=0000775158,2026-09-10T06:52:16.828478+00:00,Oshkosh Corp,
1.0,STARTUP,SEC EDGAR,https://www.sec.gov/edgar/browse/?CIK=0001021635,2026-09-10T06:52:16.830383+00:00,Oge Energy Corp.,
1.0,STARTUP,SEC EDGAR,https://www.sec.gov/edgar/browse/?CIK=0001766502,2026-09-10T06:52:16.832210+00:00,"Chewy, Inc.",
1.0,STARTUP,SEC EDGAR,https://www.sec.gov/edgar/browse/?CIK=0001869198,2026-09-10T06:52:16.834061+00:00,"Life Time Group Holdings, Inc.",
1.0,STARTUP,SEC EDGAR,https://www.sec.gov/edgar/browse/?CIK=0001815442,2026-09-10T06:52:16.835888+00:00,"Kymera Therapeutics, Inc.",
1.0,STARTUP,SEC EDGAR,https://www.sec.gov/edgar/browse/?CIK=0000874015,2026-09-10T06:52:16.837715+00:00,Ionis Pharmaceuticals Inc,
1.0,STARTUP,SEC EDGAR,https://www.sec.gov/edgar/browse/?CIK=0001707753,2026-09-10T06:52:16.839518+00:00,Elastic N.V.,
1.0,STARTUP,SEC EDGAR,https://www.sec.gov/edgar/browse/?CIK=0000703351,2026-09-10T06:52:16.841334+00:00,"Brinker International, Inc",
1.0,STARTUP,SEC EDGAR,https://www.sec.gov/edgar/browse/?CIK=0000077360,2026-09-10T06:52:16.843148+00:00,Pentair Plc,
1.0,STARTUP,SEC EDGAR,https://www.sec.gov/edgar/browse/?CIK=0000938323,2026-09-10T06:52:16.844965+00:00,Pearson Plc,
1.0,STARTUP,SEC EDGAR,https://www.sec.gov/edgar/browse/?CIK=0001302215,2026-09-10T06:52:16.846761+00:00,"Houlihan Lokey, Inc.",
1.0,STARTUP,SEC EDGAR,https://www.sec.gov/edgar/browse/?CIK=0001004434,2026-09-10T06:52:16.848566+00:00,"Affiliated Managers Group, Inc.",
1.0,STARTUP,SEC EDGAR,https://www.sec.gov/edgar/browse/?CIK=0001868159,2026-09-10T06:52:16.850394+00:00,"Lineage, Inc.",
1.0,STARTUP,SEC EDGAR,https://www.sec.gov/edgar/browse/?CIK=0001262823,2026-09-10T06:52:16.852331+00:00,Westlake Corp,
1.0,STARTUP,SEC EDGAR,https://www.sec.gov/edgar/browse/?CIK=0002100805,2026-09-10T06:52:16.854176+00:00,"Janus Living, Inc.",
1.0,STARTUP,SEC EDGAR,https://www.sec.gov/edgar/browse/?CIK=0002080126,2026-09-10T06:52:16.856026+00:00,"Forgent Power Solutions, Inc.",
1.0,STARTUP,SEC EDGAR,https://www.sec.gov/edgar/browse/?CIK=0000085961,2026-09-10T06:52:16.857846+00:00,Ryder System Inc,
1.0,STARTUP,SEC EDGAR,https://www.sec.gov/edgar/browse/?CIK=0001822993,2026-09-10T06:52:16.859693+00:00,Jackson Financial Inc.,
1.0,STARTUP,SEC EDGAR,https://www.sec.gov/edgar/browse/?CIK=0001177702,2026-09-10T06:52:16.861507+00:00,Saia Inc,
1.0,STARTUP,SEC EDGAR,https://www.sec.gov/edgar/browse/?CIK=0001736541,2026-09-10T06:52:16.863349+00:00,Nio Inc.,
1.0,STARTUP,SEC EDGAR,https://www.sec.gov/edgar/browse/?CIK=0000730272,2026-09-10T06:52:16.865180+00:00,Repligen Corp,
1.0,STARTUP,SEC EDGAR,https://www.sec.gov/edgar/browse/?CIK=0001535929,2026-09-10T06:52:16.866978+00:00,"Voya Financial, Inc.",
1.0,STARTUP,SEC EDGAR,https://www.sec.gov/edgar/browse/?CIK=0001377121,2026-09-10T06:52:16.868834+00:00,"Protagonist Therapeutics, Inc",
1.0,STARTUP,SEC EDGAR,https://www.sec.gov/edgar/browse/?CIK=0001174922,2026-09-10T06:52:16.870657+00:00,Wynn Resorts Ltd,
1.0,STARTUP,SEC EDGAR,https://www.sec.gov/edgar/browse/?CIK=0000892450,2026-09-10T06:52:16.872496+00:00,Kt Corp,
1.0,STARTUP,SEC EDGAR,https://www.sec.gov/edgar/browse/?CIK=0001636519,2026-09-10T06:52:16.874463+00:00,Madison Square Garden Sports Corp.,
1.0,STARTUP,SEC EDGAR,https://www.sec.gov/edgar/browse/?CIK=0001573516,2026-09-10T06:52:16.876241+00:00,Murphy Usa Inc.,
1.0,STARTUP,SEC EDGAR,https://www.sec.gov/edgar/browse/?CIK=0001858985,2026-09-10T06:52:16.878083+00:00,On Holding Ag,
1.0,STARTUP,SEC EDGAR,https://www.sec.gov/edgar/browse/?CIK=0000880266,2026-09-10T06:52:16.879930+00:00,Agco Corp /De,
1.0,STARTUP,SEC EDGAR,https://www.sec.gov/edgar/browse/?CIK=0000102729,2026-09-10T06:52:16.881719+00:00,Valmont Industries Inc,
1.0,STARTUP,SEC EDGAR,https://www.sec.gov/edgar/browse/?CIK=0000917273,2026-09-10T06:52:16.883521+00:00,Rambus Inc,
1.0,STARTUP,SEC EDGAR,https://www.sec.gov/edgar/browse/?CIK=0001786909,2026-09-10T06:52:16.885379+00:00,Sibanye Stillwater Ltd,
1.0,STARTUP,SEC EDGAR,https://www.sec.gov/edgar/browse/?CIK=0001564408,2026-09-10T06:52:16.887213+00:00,Snap Inc,
1.0,STARTUP,SEC EDGAR,https://www.sec.gov/edgar/browse/?CIK=0002108185,2026-09-10T06:52:16.889020+00:00,Azbil Corporation/Adr,
1.0,STARTUP,SEC EDGAR,https://www.sec.gov/edgar/browse/?CIK=0001590717,2026-09-10T06:52:16.890901+00:00,"Caretrust Reit, Inc.",
1.0,STARTUP,SEC EDGAR,https://www.sec.gov/edgar/browse/?CIK=0001692787,2026-09-10T06:52:16.892807+00:00,Kinetik Holdings Inc.,
1.0,STARTUP,SEC EDGAR,https://www.sec.gov/edgar/browse/?CIK=0000831641,2026-09-10T06:52:16.894836+00:00,Tetra Tech Inc,
1.0,STARTUP,SEC EDGAR,https://www.sec.gov/edgar/browse/?CIK=0001034670,2026-09-10T06:52:16.896930+00:00,Autoliv Inc,
1.0,STARTUP,SEC EDGAR,https://www.sec.gov/edgar/browse/?CIK=0001041792,2026-09-10T06:52:16.898903+00:00,Energy Co Of Parana,
1.0,STARTUP,SEC EDGAR,https://www.sec.gov/edgar/browse/?CIK=0001649094,2026-09-10T06:52:16.900848+00:00,"Vaxcyte, Inc.",
1.0,STARTUP,SEC EDGAR,https://www.sec.gov/edgar/browse/?CIK=0001475922,2026-09-10T06:52:16.902604+00:00,"Primerica, Inc.",
1.0,STARTUP,SEC EDGAR,https://www.sec.gov/edgar/browse/?CIK=0001604778,2026-09-10T06:52:16.904466+00:00,"Qorvo, Inc.",
1.0,STARTUP,SEC EDGAR,https://www.sec.gov/edgar/browse/?CIK=0001035443,2026-09-10T06:52:16.906203+00:00,"Alexandria Real Estate Equities, Inc.",
1.0,STARTUP,Wikidata,https://aeromexico.com/en-us,2026-09-10T06:52:19.429566+00:00,Aeroméxico,
1.0,STARTUP,Wikidata,https://aeromexico.com/es-mx/,2026-09-10T06:52:19.437409+00:00,Aeroméxico,
1.0,STARTUP,Wikidata,http://www.aerowatch.com/,2026-09-10T06:52:19.443572+00:00,Aerowatch,
1.0,STARTUP,Wikidata,http://www.aerzen.com/,2026-09-10T06:52:19.448692+00:00,Aerzener Maschinenfabrik,
1.0,STARTUP,Wikidata,https://www.atm.it/,2026-09-10T06:52:19.452673+00:00,ATM,9588
1.0,STARTUP,Wikidata,https://www.manor.ch/,2026-09-10T06:52:19.456616+00:00,Manor,
1.0,STARTUP,Wikidata,http://www.thrustmaster.com,2026-09-10T06:52:19.459294+00:00,Thrustmaster,
1.0,STARTUP,Wikidata,https://afghan-wireless.com/,2026-09-10T06:52:19.461804+00:00,Afghan Wireless,5500
1.0,STARTUP,Wikidata,https://afilias.info,2026-09-10T06:52:19.464252+00:00,Afilias,
1.0,STARTUP,Wikidata,https://afilias.info/china,2026-09-10T06:52:19.466527+00:00,Afilias,
1.0,STARTUP,Wikidata,http://www.iotc-basra.com,2026-09-10T06:52:19.468602+00:00,Iraqi Oil Tankers Company,
1.0,STARTUP,Wikidata,https://www.dekra.com/,2026-09-10T06:52:19.471121+00:00,Dekra SE,
1.0,STARTUP,Wikidata,http://www.gores.com,2026-09-10T06:52:19.474193+00:00,The Gores Group,
1.0,STARTUP,Wikidata,http://www.falck.it/,2026-09-10T06:52:19.476564+00:00,Falck Group,
1.0,STARTUP,Wikidata,http://www.kt.com,2026-09-10T06:52:19.491615+00:00,KTF,
1.0,STARTUP,Wikidata,https://www.brvm.org,2026-09-10T06:52:19.493101+00:00,Bourse Regionale Des Valeurs Mobilieres,
1.0,STARTUP,Wikidata,http://www.shinhangroup.com,2026-09-10T06:52:19.494918+00:00,Shinhan Financial Group,
1.0,STARTUP,Wikidata,http://www.xmradio.com/,2026-09-10T06:52:19.496742+00:00,XM Satellite Radio,
1.0,STARTUP,Wikidata,https://bene.com/,2026-09-10T06:52:19.498595+00:00,Bene GmbH,
1.0,STARTUP,Wikidata,https://www.use.or.ug,2026-09-10T06:52:19.500363+00:00,Uganda Securities Exchange,
1.0,STARTUP,Wikidata,http://www.daewoo.com/,2026-09-10T06:52:19.502136+00:00,POSCO International,
1.0,STARTUP,Wikidata,http://www.okfngroup.com,2026-09-10T06:52:19.503908+00:00,Rush & Cash,
1.0,STARTUP,Wikidata,https://global.weathernews.com/,2026-09-10T06:52:19.505617+00:00,Weathernews,
1.0,STARTUP,Wikidata,https://jp.weathernews.com/,2026-09-10T06:52:19.507405+00:00,Weathernews,
1.0,STARTUP,Wikidata,https://www.shillahotels.com,2026-09-10T06:52:19.509100+00:00,Shilla Hotel,
1.0,STARTUP,Wikidata,https://www.doosanenerbility.com/,2026-09-10T06:52:19.510951+00:00,Doosan Enerbility,
1.0,STARTUP,Wikidata,http://www.hct.co.kr/jpn/,2026-09-10T06:52:19.512876+00:00,HCT Co.,
1.0,STARTUP,Wikidata,http://www.dole.com/,2026-09-10T06:52:19.514655+00:00,Dole plc,35371
1.0,STARTUP,Wikidata,https://www.ktds.com/,2026-09-10T06:52:19.516366+00:00,KTDS,
1.0,STARTUP,Wikidata,https://sallinggroup.com/,2026-09-10T06:52:19.518064+00:00,Salling Group,60000
1.0,STARTUP,Wikidata,http://www.sonokong.co.kr/,2026-09-10T06:52:19.519744+00:00,Sonokong,
1.0,STARTUP,Wikidata,http://www.hankooktire.com,2026-09-10T06:52:19.527442+00:00,Hankook Tire & Technology,21000
1.0,STARTUP,Wikidata,http://www.hankooktire.com/global,2026-09-10T06:52:19.529975+00:00,Hankook Tire & Technology,21000
1.0,STARTUP,Wikidata,http://www.kumhotire.com/,2026-09-10T06:52:19.531944+00:00,Kumho Tire,
1.0,STARTUP,Wikidata,https://www.sktelecom.com/,2026-09-10T06:52:19.533739+00:00,SK Telecom,20955
1.0,STARTUP,Wikidata,http://www.pantech.co.kr,2026-09-10T06:52:19.535744+00:00,Pandora Technogies,
1.0,STARTUP,Wikidata,http://www.vkmobile.com,2026-09-10T06:52:19.537653+00:00,VK Mobile,
1.0,STARTUP,Wikidata,https://www.eabl.com/,2026-09-10T06:52:19.539465+00:00,East African Breweries,
1.0,STARTUP,Wikidata,http://www.kyungbang.co.kr,2026-09-10T06:52:19.541360+00:00,Kyungbang,
1.0,STARTUP,Wikidata,https://www.nhn-japan.com/,2026-09-10T06:52:19.543101+00:00,NHN Japan,
1.0,STARTUP,Wikidata,https://www.decode.com/,2026-09-10T06:52:19.544937+00:00,deCODE genetics,
1.0,STARTUP,Wikidata,https://www.siminn.is/,2026-09-10T06:52:19.546667+00:00,Síminn,
1.0,STARTUP,Wikidata,https://www.upi.com/,2026-09-10T06:52:19.548511+00:00,United Press International,
1.0,STARTUP,Wikidata,https://www.sse.com/,2026-09-10T06:52:19.550407+00:00,SSE plc,
1.0,STARTUP,Wikidata,https://cn.hyundai-wia.com/main/main.asp,2026-09-10T06:52:19.552246+00:00,Hyundai WIA,
1.0,STARTUP,Wikidata,https://en.hyundai-wia.com/main/main.asp,2026-09-10T06:52:19.553986+00:00,Hyundai WIA,
1.0,STARTUP,Wikidata,https://www.hyundai-wia.com/main/main.asp,2026-09-10T06:52:19.555677+00:00,Hyundai WIA,
1.0,STARTUP,Wikidata,https://www.sk-inc.com/en/,2026-09-10T06:52:19.557394+00:00,SK Inc.,
1.0,STARTUP,Wikidata,http://www.saint-louis.com/en/,2026-09-10T06:52:19.559101+00:00,Saint-Louis Glasshouse,
1.0,STARTUP,Wikidata,http://www.saint-louis.com/fr/,2026-09-10T06:52:19.560838+00:00,Saint-Louis Glasshouse,
1.0,STARTUP,Wikidata,https://www.renaultkoream.com/,2026-09-10T06:52:19.562657+00:00,Renault Korea Motors,3638
1.0,STARTUP,Wikidata,http://www.kohlerengines.com/eu,2026-09-10T06:52:19.564478+00:00,Lombardini Srl,
1.0,STARTUP,Wikidata,https://www.oddo-bhf.com,2026-09-10T06:52:19.566247+00:00,BHF Kleinwort Benson Group,
1.0,STARTUP,Wikidata,http://www.hitejinro.com/,2026-09-10T06:52:19.567959+00:00,HiteJinro,
1.0,STARTUP,Wikidata,https://www.telia.lt/,2026-09-10T06:52:19.569667+00:00,"Telia Lietuva, AB",1885
1.0,STARTUP,Wikidata,https://www.polaroid.com,2026-09-10T06:52:19.571426+00:00,Polaroid Corporation,
1.0,STARTUP,Wikidata,http://www.seoulsemicon.com/,2026-09-10T06:52:19.573199+00:00,Seoul Semiconductor,
1.0,STARTUP,Wikidata,http://www.hanjin.com/,2026-09-10T06:52:19.574947+00:00,Hanjin Shipping,2338
1.0,STARTUP,Wikidata,http://www.virgin.com,2026-09-10T06:52:19.576669+00:00,Virgin Group,69000
1.0,STARTUP,Wikidata,http://www.terranatura.com/Eng/Inicio/Index.aspx,2026-09-10T06:52:19.578442+00:00,Terra Natura,
1.0,STARTUP,Wikidata,http://www.arena.net/,2026-09-10T06:52:19.580255+00:00,ArenaNet,270
1.0,STARTUP,Wikidata,http://www.gamevil.com,2026-09-10T06:52:19.582006+00:00,Gamevil,
1.0,STARTUP,Wikidata,http://www.mammut.ch,2026-09-10T06:52:19.583696+00:00,Mammut,
1.0,STARTUP,Wikidata,https://www.mammut.com/us/en/,2026-09-10T06:52:19.585394+00:00,Mammut,
1.0,STARTUP,Wikidata,https://www.vionfoodgroup.com/,2026-09-10T06:52:19.587108+00:00,Vion Food Group,
1.0,STARTUP,Wikidata,http://eng.krx.co.kr,2026-09-10T06:52:19.588757+00:00,Korean Stock Exchange,
1.0,STARTUP,Wikidata,http://www.krx.co.kr/,2026-09-10T06:52:19.590505+00:00,Korean Stock Exchange,
1.0,STARTUP,Wikidata,http://www.alliance-healthcare.de,2026-09-10T06:52:19.592218+00:00,Alliance Healthcare Deutschland,
1.0,STARTUP,Wikidata,http://www.kurzweil.com,2026-09-10T06:52:19.593975+00:00,Kurzweil Music Systems,
1.0,STARTUP,Wikidata,http://www.knauf.com,2026-09-10T06:52:19.595686+00:00,Knauf,23000
1.0,STARTUP,Wikidata,http://www.ycpiano.co.kr/,2026-09-10T06:52:19.597383+00:00,HDC Young Chang,
1.0,STARTUP,Wikidata,http://www.british-energy.com/,2026-09-10T06:52:19.599074+00:00,British Energy,
1.0,STARTUP,Wikidata,http://www.kotra.or.kr,2026-09-10T06:52:19.600858+00:00,Korea Trade-Investment Promotion Agency,
1.0,STARTUP,Wikidata,https://www.febc.org/,2026-09-10T06:52:19.602596+00:00,Far East Broadcasting Company,
1.0,STARTUP,Wikidata,http://www.dongkuk.co.kr/,2026-09-10T06:52:19.604369+00:00,Dongkuk Steel,
1.0,STARTUP,Wikidata,https://www.deere.com/,2026-09-10T06:52:19.606065+00:00,Deere & Company,67000
1.0,STARTUP,Wikidata,https://www.winia-elec.com/english/index.asp,2026-09-10T06:52:19.607786+00:00,Winia Electronics,
1.0,STARTUP,Wikidata,https://www.thermofisher.com/,2026-09-10T06:52:20.362388+00:00,Thermo Fisher Scientific Inc.,67816
1.0,STARTUP,Wikidata,http://www.schimmel-piano.de/,2026-09-10T06:52:20.370795+00:00,Wilhelm Schimmel,
1.0,STARTUP,Wikidata,http://main.pldt.com/,2026-09-10T06:52:20.377182+00:00,PLDT,18926
1.0,STARTUP,Wikidata,http://www.homeretailgroup.com,2026-09-10T06:52:20.387891+00:00,Home Retail Group,
1.0,STARTUP,Wikidata,https://www.alticeusa.com/,2026-09-10T06:52:20.395201+00:00,Altice USA,13656
1.0,STARTUP,Wikidata,http://www.filmferrania.it,2026-09-10T06:52:20.398927+00:00,FILM Ferrania,
1.0,STARTUP,Wikidata,https://www.enbw.com,2026-09-10T06:52:20.401471+00:00,EnBW,27899
1.0,STARTUP,Wikidata,http://www.geilusa.com,2026-09-10T06:52:20.403287+00:00,GeIL,
1.0,STARTUP,Wikidata,https://www.swisscom.ch/,2026-09-10T06:52:20.406411+00:00,Swisscom,21125
1.0,STARTUP,Wikidata,https://lazard.com/,2026-09-10T06:52:20.407904+00:00,Lazard,2523
1.0,STARTUP,Wikidata,http://www.brasilkirin.com,2026-09-10T06:52:20.410886+00:00,Brasil Kirin,
1.0,STARTUP,Wikidata,http://www.visteon.com,2026-09-10T06:52:20.412384+00:00,Visteon,
1.0,STARTUP,Wikidata,http://www.schincariol.com.br/,2026-09-10T06:52:20.414758+00:00,Brasil Kirin,
1.0,STARTUP,Wikidata,https://beavertails.com/,2026-09-10T06:52:20.416218+00:00,BeaverTails,
1.0,STARTUP,Wikidata,http://www.alinari.it,2026-09-10T06:52:20.418662+00:00,Fratelli Alinari,
1.0,STARTUP,Wikidata,http://mcomi.com/,2026-09-10T06:52:20.420052+00:00,Mercurial Communications,
1.0,STARTUP,Wikidata,https://www.barista.co.in/,2026-09-10T06:52:20.422613+00:00,Barista,
1.0,STARTUP,Wikidata,http://www.gutmann.de/,2026-09-10T06:52:20.423835+00:00,Gutmann,1300
1.0,STARTUP,Wikidata,http://www.reliant-motors.co.uk/,2026-09-10T06:52:20.426031+00:00,Reliant,
1.0,STARTUP,Wikidata,https://lamy.com/de,2026-09-10T06:52:20.427273+00:00,Lamy,353
1.0,STARTUP,Wikidata,http://www.bbraun.com/,2026-09-10T06:52:20.429474+00:00,B. Braun,
1.0,STARTUP,Wikidata,https://lamy.com/en,2026-09-10T06:52:20.430658+00:00,Lamy,353
1.0,STARTUP,Wikidata,https://www.hitachivantara.com/en-us/products/pentaho-platform/data-integration-analytics.html,2026-09-10T06:52:20.432820+00:00,Pentaho,
1.0,STARTUP,Wikidata,https://www.lamy.com/,2026-09-10T06:52:20.434062+00:00,Lamy,353
1.0,STARTUP,Wikidata,https://www.herpa.de/,2026-09-10T06:52:20.436296+00:00,Herpa,180
1.0,STARTUP,Wikidata,http://www.moser-glass.com/,2026-09-10T06:52:20.437510+00:00,Moser,
1.0,STARTUP,Wikidata,https://www.deanfoods.com/,2026-09-10T06:52:20.439728+00:00,Dean Foods,
1.0,STARTUP,Wikidata,https://www.arcor.de/,2026-09-10T06:52:20.440775+00:00,Arcor,
1.0,STARTUP,Wikidata,http://www.cyfrowypolsat.pl/,2026-09-10T06:52:20.443056+00:00,Cyfrowy Polsat,6086
1.0,STARTUP,Wikidata,http://www.fushicopperweld.com,2026-09-10T06:52:20.444902+00:00,Fushi Copperweld,
1.0,STARTUP,Wikidata,https://us.sunpower.com/,2026-09-10T06:52:20.446527+00:00,SunPower,8309
1.0,STARTUP,Wikidata,http://pbgsa.pl,2026-09-10T06:52:20.447653+00:00,PBG SA,
1.0,STARTUP,Wikidata,https://www.tangenzialedinapoli.it/,2026-09-10T06:52:20.449734+00:00,Tangenziale di Napoli,
1.0,STARTUP,Wikidata,http://www.arcticcat.com,2026-09-10T06:52:20.450852+00:00,Arctic Cat,
1.0,STARTUP,Wikidata,http://www.deutz-fahr.com/,2026-09-10T06:52:20.452907+00:00,Deutz-Fahr,
1.0,STARTUP,Wikidata,https://www.royalmail.com/,2026-09-10T06:52:20.454019+00:00,Royal Mail,
1.0,STARTUP,Wikidata,https://ing.com,2026-09-10T06:52:20.456318+00:00,ING Group,64298
1.0,STARTUP,Wikidata,https://amo-zil.ru/,2026-09-10T06:52:20.457313+00:00,ZiL,
1.0,STARTUP,Wikidata,https://www.tagheuer.com/,2026-09-10T06:52:20.459530+00:00,TAG Heuer,
1.0,STARTUP,Wikidata,http://www.larsentoubro.com,2026-09-10T06:52:20.460545+00:00,Larsen & Toubro,
1.0,STARTUP,Wikidata,https://knds.de/,2026-09-10T06:52:20.462801+00:00,KNDS Deutschland,10000
1.0,STARTUP,Wikidata,http://www.ms-ins.com/,2026-09-10T06:52:20.463746+00:00,Mitsui Sumitomo Insurance Company,
1.0,STARTUP,Wikidata,http://www.g-power.de,2026-09-10T06:52:20.465987+00:00,G-Power,
1.0,STARTUP,Wikidata,https://www.ardaghgroup.com/,2026-09-10T06:52:20.466904+00:00,Ardagh Group,
1.0,STARTUP,Wikidata,https://www.gruppoapi.com/,2026-09-10T06:52:20.469082+00:00,Gruppo API,1500
1.0,STARTUP,Wikidata,https://www.celesc.com.br,2026-09-10T06:52:20.469906+00:00,Celesc,
1.0,STARTUP,Wikidata,https://www.apus.edu,2026-09-10T06:52:20.472426+00:00,American Public University System,
1.0,STARTUP,Wikidata,https://tandbergtv.com,2026-09-10T06:52:20.474670+00:00,MediaKind,900
1.0,STARTUP,Wikidata,https://www.vitra.com/,2026-09-10T06:52:20.476123+00:00,Vitra,
1.0,STARTUP,Wikidata,https://www.conad.it/,2026-09-10T06:52:20.478567+00:00,Conad,
1.0,STARTUP,Wikidata,http://www.ingeniousmedia.co.uk/,2026-09-10T06:52:20.479883+00:00,Ingenious Media,
1.0,STARTUP,Wikidata,http://www.uzbekkino.uz/studios/1,2026-09-10T06:52:20.481998+00:00,Uzbekfilm,
1.0,STARTUP,Wikidata,http://www.bancaintesa.it/,2026-09-10T06:52:20.483123+00:00,Banca Intesa,
1.0,STARTUP,Wikidata,https://www.arcelik.com.tr/,2026-09-10T06:52:20.485402+00:00,Arçelik,30000
1.0,STARTUP,Wikidata,http://www.argillon.de/,2026-09-10T06:52:20.486826+00:00,Argillon,
1.0,STARTUP,Wikidata,http://www.hartge.de/,2026-09-10T06:52:20.489234+00:00,Hartge,
1.0,STARTUP,Wikidata,https://www.edmodo.com,2026-09-10T06:52:20.490404+00:00,Edmodo,
1.0,STARTUP,Wikidata,https://www.rollerblade.com/,2026-09-10T06:52:20.492497+00:00,Rollerblade,
1.0,STARTUP,Wikidata,https://www.artsvision.co.jp/,2026-09-10T06:52:20.493646+00:00,Arts Vision,
1.0,STARTUP,Wikidata,http://en.energy.coscoshipping.com,2026-09-10T06:52:20.495418+00:00,"COSCO SHIPPING Energy Transportation Co., Ltd.",
1.0,STARTUP,Wikidata,http://www.narus.com,2026-09-10T06:52:20.496985+00:00,Narus,150
1.0,STARTUP,Wikidata,https://energy.coscoshipping.com/,2026-09-10T06:52:20.499110+00:00,"COSCO SHIPPING Energy Transportation Co., Ltd.",
1.0,STARTUP,Wikidata,https://www.tatamotors.com/,2026-09-10T06:52:20.500198+00:00,Tata Motors Ltd,27948
1.0,STARTUP,Wikidata,https://www.thebay.com/,2026-09-10T06:52:20.502412+00:00,Hudson's Bay,
1.0,STARTUP,Wikidata,http://www.thaiairways.com,2026-09-10T06:52:20.503461+00:00,Thai Airways,
1.0,STARTUP,Wikidata,https://www.arena-verlag.de/,2026-09-10T06:52:20.506254+00:00,Arena,
1.0,STARTUP,Wikidata,https://www.delta.com/,2026-09-10T06:52:20.508782+00:00,Delta Air Lines,
1.0,STARTUP,Wikidata,https://www.arenasport.com/,2026-09-10T06:52:20.513054+00:00,Arena,
1.0,STARTUP,Wikidata,https://de.delta.com/,2026-09-10T06:52:20.514512+00:00,Delta Air Lines,
1.0,STARTUP,Wikidata,https://www.lennox.com/,2026-09-10T06:52:20.509805+00:00,Lennox International,
1.0,STARTUP,Wikidata,http://www.arena-one.com,2026-09-10T06:52:20.518048+00:00,Arena One,
1.0,STARTUP,Wikidata,https://es.delta.com/,2026-09-10T06:52:20.520135+00:00,Delta Air Lines,
1.0,STARTUP,Wikidata,https://www.celestica.com/,2026-09-10T06:52:20.521472+00:00,Celestica,42000
1.0,STARTUP,Wikidata,http://www.arenberg-meppen.de/,2026-09-10T06:52:20.524054+00:00,Arenberg-Meppen GmbH,
1.0,STARTUP,Wikidata,https://fr.delta.com/,2026-09-10T06:52:20.526402+00:00,Delta Air Lines,
1.0,STARTUP,Wikidata,http://www.istockphoto.com,2026-09-10T06:52:20.528411+00:00,iStock,
1.0,STARTUP,Wikidata,http://www.johnlobb.com,2026-09-10T06:52:20.530234+00:00,John Lobb Bootmaker,
1.0,STARTUP,Wikidata,https://it.delta.com/,2026-09-10T06:52:20.532265+00:00,Delta Air Lines,
1.0,STARTUP,Wikidata,http://www.ks.hu/,2026-09-10T06:52:20.533933+00:00,Key-Soft,
1.0,STARTUP,Wikidata,http://www.johnlobbltd.co.uk/,2026-09-10T06:52:20.536724+00:00,John Lobb Bootmaker,
1.0,STARTUP,Wikidata,https://ja.delta.com/,2026-09-10T06:52:20.538447+00:00,Delta Air Lines,
1.0,STARTUP,Wikidata,http://www.zorlu.com.tr/,2026-09-10T06:52:20.540139+00:00,Zorlu Holding Company,
1.0,STARTUP,Wikidata,http://www.louislatour.com/,2026-09-10T06:52:20.542853+00:00,Maison Louis Latour,
1.0,STARTUP,Wikidata,https://pt.delta.com/,2026-09-10T06:52:20.545430+00:00,Delta Air Lines,
1.0,STARTUP,Wikidata,https://www.zotac.com/,2026-09-10T06:52:20.547155+00:00,Zotac,
1.0,STARTUP,Wikidata,https://www.tenaris.com/en,2026-09-10T06:52:20.548762+00:00,Tenaris,26980
1.0,STARTUP,Wikidata,https://zh.delta.com/,2026-09-10T06:52:20.551575+00:00,Delta Air Lines,
1.0,STARTUP,Wikidata,http://zotter.at,2026-09-10T06:52:20.553291+00:00,Zotter,220
1.0,STARTUP,Wikidata,https://www.tenaris.com/es,2026-09-10T06:52:20.555035+00:00,Tenaris,26980
1.0,STARTUP,Wikidata,http://www.zpr.de,2026-09-10T06:52:20.558053+00:00,Zellstoff- und Papierfabrik Rosenthal,
1.0,STARTUP,Wikidata,http://www.365.is/,2026-09-10T06:52:20.559511+00:00,365,
1.0,STARTUP,Wikidata,https://www.medtronic.com/,2026-09-10T06:52:20.561325+00:00,Medtronic plc,86000
1.0,STARTUP,Wikidata,http://zeman-stahl.com,2026-09-10T06:52:20.564913+00:00,Zeman International,
1.0,STARTUP,Wikidata,http://www.suikerunie.de/,2026-09-10T06:52:20.566615+00:00,Zuckerfabrik Anklam,
1.0,STARTUP,Wikidata,http://www.woolworth.com.mx/,2026-09-10T06:52:20.568563+00:00,F. W. Woolworth Company,
1.0,STARTUP,Wikidata,http://www.zuegg.com,2026-09-10T06:52:20.572509+00:00,Zuegg,
1.0,STARTUP,Wikidata,https://www.zend.com/,2026-09-10T06:52:20.571135+00:00,Perforce Zend,
1.0,STARTUP,Wikidata,https://www.zugerkb.ch,2026-09-10T06:52:20.577654+00:00,Zuger Kantonalbank,
1.0,STARTUP,Wikidata,https://www.cigna.com/,2026-09-10T06:52:20.579045+00:00,The Cigna Group,73800
1.0,STARTUP,Wikidata,http://www.zenithmedia.de/,2026-09-10T06:52:20.582742+00:00,ZenithOptimedia,
1.0,STARTUP,Wikidata,http://www.3acomposites.com/,2026-09-10T06:52:20.583428+00:00,3A Composites,
1.0,STARTUP,Wikidata,http://www.cibavision.de/,2026-09-10T06:52:20.586743+00:00,Ciba Vision,6500
1.0,STARTUP,Wikidata,https://www.zenith-watches.com,2026-09-10T06:52:20.588921+00:00,Zenith,
1.0,STARTUP,Wikidata,http://www.cimatron.com,2026-09-10T06:52:20.592204+00:00,Cimatron,
1.0,STARTUP,Wikidata,https://web.archive.org/web/19961023021855/http://www.3com.com/,2026-09-10T06:52:20.591081+00:00,3Com,6000
1.0,STARTUP,Wikidata,https://zenith.com/,2026-09-10T06:52:20.596005+00:00,Zenith Electronics,
1.0,STARTUP,Wikidata,http://www.paginegialle.it/,2026-09-10T06:52:20.597608+00:00,SEAT Pagine Gialle,
1.0,STARTUP,Wikidata,http://www.3dconnexion.com/,2026-09-10T06:52:20.600305+00:00,3Dconnexion,
1.0,STARTUP,Wikidata,http://www.zenner.com,2026-09-10T06:52:20.602621+00:00,Zenner International,1100
1.0,STARTUP,Wikidata,http://www.beriev.com/,2026-09-10T06:52:20.603615+00:00,Beriev,
1.0,STARTUP,Wikidata,http://ziilabs.com,2026-09-10T06:52:20.605559+00:00,3Dlabs,
1.0,STARTUP,Wikidata,https://www.zenoss.com/,2026-09-10T06:52:20.608713+00:00,Zenoss,
1.0,STARTUP,Wikidata,http://www.ron-barcelo.com/,2026-09-10T06:52:20.610702+00:00,Barceló (rum),
1.0,STARTUP,Wikidata,https://www.3t.bike,2026-09-10T06:52:20.612486+00:00,3T Cycling,
1.0,STARTUP,Wikidata,http://www.zentek.de/,2026-09-10T06:52:20.614442+00:00,Zentek,130
1.0,STARTUP,Wikidata,http://www.lebedyansky.com/,2026-09-10T06:52:20.617421+00:00,Lebedyansky,
1.0,STARTUP,Wikidata,http://www.kameel.at/,2026-09-10T06:52:20.618450+00:00,Zum Schwarzen Kameel,
1.0,STARTUP,Wikidata,http://www.zentis.de,2026-09-10T06:52:20.621634+00:00,Zentis,
1.0,STARTUP,Wikidata,http://www.yamasa.com/,2026-09-10T06:52:20.623701+00:00,Yamasa,
1.0,STARTUP,Wikidata,http://www.power.bilfinger.com/,2026-09-10T06:52:20.626255+00:00,Bilfinger Power Systems GmbH,
1.0,STARTUP,Wikidata,http://www.zentiva.cz/,2026-09-10T06:52:20.628322+00:00,Zentiva,
1.0,STARTUP,Wikidata,https://www.miles-and-more.com/,2026-09-10T06:52:20.629755+00:00,Miles & More,
1.0,STARTUP,Wikidata,http://en.altri.pt,2026-09-10T06:52:20.632607+00:00,Altri,710
1.0,STARTUP,Wikidata,https://www.nrk.no/,2026-09-10T06:52:20.634736+00:00,Norwegian Broadcasting Corporation,3400
1.0,STARTUP,Wikidata,http://www.ntmk.ru,2026-09-10T06:52:20.637103+00:00,Nizhniy Tagil Iron and Steel Works,15467
1.0,STARTUP,Wikidata,https://www.enstromhelicopter.com,2026-09-10T06:52:20.638609+00:00,Enstrom Helicopter Corporation,
1.0,STARTUP,Wikidata,http://www.zeus-online.de/,2026-09-10T06:52:20.641328+00:00,Zentrale für Einkauf und Service,
1.0,STARTUP,Wikidata,https://aoc.com,2026-09-10T06:52:20.643070+00:00,AOC International,30000
1.0,STARTUP,Wikidata,https://www.ara.at/,2026-09-10T06:52:20.645457+00:00,Altstoff Recycling Austria,
1.0,STARTUP,Wikidata,https://hsbc.com/,2026-09-10T06:52:20.647725+00:00,HSBC,219697
1.0,STARTUP,Wikidata,https://usi.ru/,2026-09-10T06:52:20.649515+00:00,Uralsvyazinform,
1.0,STARTUP,Wikidata,https://www.keba.com,2026-09-10T06:52:20.651675+00:00,KEBA,
1.0,STARTUP,Wikidata,http://www.pommernmilch.de/portal/php/index.php?ID=2179,2026-09-10T06:52:20.654373+00:00,Zentralkäserei Mecklenburg-Vorpommern,95
1.0,STARTUP,Wikidata,http://www.vt.ru/,2026-09-10T06:52:20.656127+00:00,VolgaTelecom,33000
1.0,STARTUP,Wikidata,https://www.edarling.de/,2026-09-10T06:52:20.658319+00:00,eDarling,
1.0,STARTUP,Wikidata,https://www.zek.ch,2026-09-10T06:52:20.660682+00:00,Zentralstelle für Kreditinformation,
1.0,STARTUP,Wikidata,http://www.lumileds.com/,2026-09-10T06:52:20.662114+00:00,Lumileds,
1.0,STARTUP,Wikidata,http://www.giostorino.it/,2026-09-10T06:52:20.664503+00:00,Gios,
1.0,STARTUP,Wikidata,https://zentropa.dk,2026-09-10T06:52:20.666378+00:00,Zentropa,
1.0,STARTUP,Wikidata,http://www.fraport.com,2026-09-10T06:52:20.668102+00:00,Fraport,18057
1.0,STARTUP,Wikidata,http://www.semperit.at,2026-09-10T06:52:20.671348+00:00,Semperit,
1.0,STARTUP,Wikidata,https://www.zeppelin-cat.de/,2026-09-10T06:52:20.673036+00:00,Zeppelin Baumaschinen,
1.0,STARTUP,Wikidata,http://www.fraport.de,2026-09-10T06:52:20.674567+00:00,Fraport,18057
1.0,STARTUP,Wikidata,http://www.semperit.com,2026-09-10T06:52:20.678031+00:00,Semperit,
1.0,STARTUP,Wikidata,http://zeppelin-nt.de/de/,2026-09-10T06:52:20.680042+00:00,Zeppelin Luftschiffttechnik,
1.0,STARTUP,Wikidata,https://www.aptiv.com/,2026-09-10T06:52:20.682106+00:00,Aptiv,
1.0,STARTUP,Wikidata,https://www.maersk.com/,2026-09-10T06:52:20.684358+00:00,Maersk A/S,12135
1.0,STARTUP,Wikidata,https://www.warnermedia.com/,2026-09-10T06:52:20.686509+00:00,WarnerMedia,25600
1.0,STARTUP,Wikidata,https://www.gea.com/,2026-09-10T06:52:20.692303+00:00,GEA Group,
1.0,STARTUP,Wikidata,https://aiesec.org,2026-09-10T06:52:20.694614+00:00,AIESEC,
1.0,STARTUP,Wikidata,http://www.ameropa.com/,2026-09-10T06:52:20.696082+00:00,Ameropa Holding,
1.0,STARTUP,Wikidata,http://www.alu-menziken.com/,2026-09-10T06:52:20.697249+00:00,Alu Menziken,
1.0,STARTUP,Wikidata,https://www.zero.de/,2026-09-10T06:52:20.699792+00:00,Zero,
1.0,STARTUP,Wikidata,http://www.amersham.com/,2026-09-10T06:52:20.700692+00:00,Amersham plc,
1.0,STARTUP,Wikidata,http://www.aluminalimited.com/,2026-09-10T06:52:20.702375+00:00,Alumina Limited,
1.0,STARTUP,Wikidata,http://www.gozerog.com/,2026-09-10T06:52:20.703903+00:00,Zero Gravity Corporation,
1.0,STARTUP,Wikidata,http://www.interconnector.com,2026-09-10T06:52:20.705439+00:00,Interconnector,
1.0,STARTUP,Wikidata,http://www.zerohalliburton.com/,2026-09-10T06:52:20.708086+00:00,Zero Halliburton,
1.0,STARTUP,Wikidata,https://www.jpmorganchase.com/,2026-09-10T06:52:20.711773+00:00,JPMorgan Chase,271025
1.0,STARTUP,Wikidata,https://www.csa.cz/,2026-09-10T06:52:20.714546+00:00,Czech Airlines,133
1.0,STARTUP,Wikidata,https://www.goldmansachs.com/,2026-09-10T06:52:20.716380+00:00,Goldman Sachs,34000
1.0,STARTUP,Wikidata,http://www.alouette.qc.ca,2026-09-10T06:52:20.706783+00:00,Aluminerie Alouette,
1.0,STARTUP,Wikidata,https://www.ti.com/,2026-09-10T06:52:20.718258+00:00,Texas Instruments,31000
1.0,STARTUP,Wikidata,http://www.albasmelter.com/Pages/default.aspx,2026-09-10T06:52:20.720050+00:00,Aluminum Bahrain,
1.0,STARTUP,Wikidata,http://ti.com,2026-09-10T06:52:20.721736+00:00,Texas Instruments,31000
1.0,STARTUP,Wikidata,http://www.alu-laufen.ch/,2026-09-10T06:52:20.722787+00:00,Aluminium-Laufen AG Liesberg,
1.0,STARTUP,Wikidata,https://sparta.cz/,2026-09-10T06:52:20.724956+00:00,AC Sparta Prague,82
1.0,STARTUP,Wikidata,http://www.alurheinfelden.com/,2026-09-10T06:52:20.725971+00:00,Aluminium Rheinfelden Group,
1.0,STARTUP,Wikidata,https://spacex.com,2026-09-10T06:52:20.728091+00:00,SpaceX,22000
1.0,STARTUP,Wikidata,http://www.rheinfelden-carbon.com,2026-09-10T06:52:20.729168+00:00,Aluminium Rheinfelden Group,
1.0,STARTUP,Wikidata,https://www.guinness.com/,2026-09-10T06:52:20.731343+00:00,Guinness,
1.0,STARTUP,Wikidata,http://www.rheinfelden-semis.eu/,2026-09-10T06:52:20.732352+00:00,Aluminium Rheinfelden Group,
1.0,STARTUP,Wikidata,https://www.americanexpress.com/,2026-09-10T06:52:20.734479+00:00,American Express,64000
1.0,STARTUP,Wikidata,http://www.aos-stade.de,2026-09-10T06:52:20.735543+00:00,Aluminium Oxid Stade,
1.0,STARTUP,Wikidata,https://www.slavia.cz/,2026-09-10T06:52:20.737789+00:00,SK Slavia Prague,230
1.0,STARTUP,Wikidata,http://www.chalco.com.cn/,2026-09-10T06:52:20.738749+00:00,Aluminum Corporation of China,
1.0,STARTUP,Wikidata,http://www.bancodevalencia.es,2026-09-10T06:52:20.740840+00:00,Banco de Valencia,
1.0,STARTUP,Wikidata,http://www.vdo.de/,2026-09-10T06:52:20.742652+00:00,VDO,
1.0,STARTUP,Wikidata,http://www.digimind.com,2026-09-10T06:52:20.744371+00:00,Digimind,
1.0,STARTUP,Wikidata,https://www.aluplast.net/,2026-09-10T06:52:20.745431+00:00,Aluplast,
1.0,STARTUP,Wikidata,https://www.msg.group/,2026-09-10T06:52:20.747666+00:00,MSG Systems,
1.0,STARTUP,Wikidata,https://www.centerparcs.eu/,2026-09-10T06:52:20.748618+00:00,Center Parcs,
1.0,STARTUP,Wikidata,http://www.bcpartners.com,2026-09-10T06:52:20.750788+00:00,BC Partners,
1.0,STARTUP,Wikidata,https://fhlbanks.com,2026-09-10T06:52:20.752575+00:00,Federal Home Loan Banks,
1.0,STARTUP,Wikidata,http://www.elektro-beckhoff.de/global/,2026-09-10T06:52:20.754224+00:00,Beckhoff Group,
1.0,STARTUP,Wikidata,http://www.alvarezandmarsal.com,2026-09-10T06:52:20.755296+00:00,Alvarez and Marsal,
1.0,STARTUP,Wikidata,http://www.rusrating.ru/en/index.php,2026-09-10T06:52:20.757425+00:00,RusRating,
1.0,STARTUP,Wikidata,https://www.postfinance.ch/de/,2026-09-10T06:52:20.758464+00:00,PostFinance,
1.0,STARTUP,Wikidata,http://newkabulbank.af/,2026-09-10T06:52:20.760623+00:00,New Kabul Bank,
1.0,STARTUP,Wikidata,https://www.postfinance.ch/en/,2026-09-10T06:52:20.761598+00:00,PostFinance,
1.0,STARTUP,Wikidata,https://www.163.com/,2026-09-10T06:52:20.763717+00:00,NetEase,10004
1.0,STARTUP,Wikidata,https://www.postfinance.ch/fr/,2026-09-10T06:52:20.765749+00:00,PostFinance,
1.0,STARTUP,Wikidata,http://www.smrt.co.kr/,2026-09-10T06:52:20.766848+00:00,Seoul Metropolitan Rapid Transit Corporation,
1.0,STARTUP,Wikidata,https://www.postfinance.ch/it/,2026-09-10T06:52:20.768966+00:00,PostFinance,
1.0,STARTUP,Wikidata,http://www.zertus.de/,2026-09-10T06:52:20.770094+00:00,Zertus,
1.0,STARTUP,Wikidata,https://www.commerzbank.de/konzern/portale/lsf-loan-solutions-frankfurt/index.html,2026-09-10T06:52:20.772147+00:00,Hypothekenbank Frankfurt,291
1.0,STARTUP,Wikidata,https://www.zepak.com.pl/,2026-09-10T06:52:20.773244+00:00,ZE PAK,5209
1.0,STARTUP,Wikidata,http://www.dg-flugzeugbau.de/index.php?id=1329,2026-09-10T06:52:20.775386+00:00,DG Flugzeugbau,
1.0,STARTUP,Wikidata,http://www.zgonc.at/,2026-09-10T06:52:20.776584+00:00,Zgonc,
1.0,STARTUP,Wikidata,http://www.vorwerk.de/,2026-09-10T06:52:20.778725+00:00,Vorwerk,
1.0,STARTUP,Wikidata,http://www.userfarm.com,2026-09-10T06:52:20.779815+00:00,Userfarm,
1.0,STARTUP,Wikidata,https://www.folletto.vorwerk.it,2026-09-10T06:52:20.781970+00:00,Vorwerk,
1.0,STARTUP,Wikidata,https://www.cbc.gov.tw/,2026-09-10T06:52:20.783007+00:00,Central Bank of the Republic of China,
1.0,STARTUP,Wikidata,https://www.vorwerk.com/,2026-09-10T06:52:20.785220+00:00,Vorwerk,
1.0,STARTUP,Wikidata,https://www.ziegler.de/,2026-09-10T06:52:20.786149+00:00,Ziegler,
1.0,STARTUP,Wikidata,http://www.neckermann.de/,2026-09-10T06:52:20.788511+00:00,Neckermann,
1.0,STARTUP,Wikidata,http://www.ziehl-abegg.com/,2026-09-10T06:52:20.789231+00:00,Ziehl-Abegg SE,
1.0,STARTUP,Wikidata,https://www.norma-online.de/,2026-09-10T06:52:20.791875+00:00,Norma,14679
1.0,STARTUP,Wikidata,http://www.zielpunkt.at/,2026-09-10T06:52:20.793717+00:00,Zielpunkt,2400
1.0,STARTUP,Wikidata,https://www.norma.fr/,2026-09-10T06:52:20.794503+00:00,Norma,14679
1.0,STARTUP,Wikidata,https://www.ziemann-holvrieka.com/,2026-09-10T06:52:20.796886+00:00,Ziemann (Unternehmen),
1.0,STARTUP,Wikidata,https://www.alyeska-pipe.com/,2026-09-10T06:52:20.798698+00:00,Alyeska Pipeline Service Company,
1.0,STARTUP,Wikidata,http://ziemann-gruppe.de,2026-09-10T06:52:20.800315+00:00,Ziemann Sicherheit,
1.0,STARTUP,Wikidata,http://www.jenoptik.com,2026-09-10T06:52:20.801465+00:00,Jenoptik,
1.0,STARTUP,Wikidata,https://www.entel.cl,2026-09-10T06:52:20.804608+00:00,Entel Chile,4505
1.0,STARTUP,Wikidata,http://www.tekstile.lt/index.html,2026-09-10T06:52:20.807500+00:00,Alytaus tekstilė,
1.0,STARTUP,Wikidata,http://www.alzchem.de/,2026-09-10T06:52:20.809257+00:00,AlzChem,1400
1.0,STARTUP,Wikidata,http://www.dockwise.com/,2026-09-10T06:52:20.811028+00:00,Dockwise,
1.0,STARTUP,Wikidata,https://www.scotiabank.com/,2026-09-10T06:52:20.812820+00:00,Scotiabank,89000
1.0,STARTUP,Wikidata,http://www.epcos.com/,2026-09-10T06:52:20.814690+00:00,EPCOS,17900
1.0,STARTUP,Wikidata,http://www.selleroyal.com/,2026-09-10T06:52:20.816516+00:00,Selle Royal,
1.0,STARTUP,Wikidata,http://www.amada.co.jp/english/index.html,2026-09-10T06:52:20.818398+00:00,Amada Co,
1.0,STARTUP,Wikidata,http://www.de.amadeus.com,2026-09-10T06:52:20.820202+00:00,Amadeus Germany,
1.0,STARTUP,Wikidata,https://www.takeuchiglobal.com/,2026-09-10T06:52:20.822023+00:00,Takeuchi Manufacturing,
1.0,STARTUP,Wikidata,http://www.dnv.de,2026-09-10T06:52:20.823826+00:00,Germanischer Lloyd SE,
1.0,STARTUP,Wikidata,https://www.hellaservicepartner.dk/,2026-09-10T06:52:20.825637+00:00,Hella,37448
1.0,STARTUP,Wikidata,http://www.hella.com,2026-09-10T06:52:20.827474+00:00,Hella,37448
1.0,STARTUP,Wikidata,http://www.ponl.com,2026-09-10T06:52:20.829174+00:00,P&O Nedlloyd,
1.0,STARTUP,Wikidata,http://www.steingraeber.de,2026-09-10T06:52:20.831037+00:00,Steingraeber & Söhne,
1.0,STARTUP,Wikidata,https://www.empacher.com/,2026-09-10T06:52:20.832947+00:00,Empacher,
1.0,STARTUP,Wikidata,http://www.beerlao.la,2026-09-10T06:52:20.834760+00:00,Lao Brewery Company,
1.0,STARTUP,Wikidata,https://www.constructa.com/,2026-09-10T06:52:20.836581+00:00,Constructa,
1.0,STARTUP,Wikidata,https://www.faber-castell.de/,2026-09-10T06:52:20.838395+00:00,Faber-Castell,
1.0,STARTUP,Wikidata,https://www.faber-castell.com/,2026-09-10T06:52:20.840253+00:00,Faber-Castell,
1.0,STARTUP,Wikidata,http://www.amati.cz/,2026-09-10T06:52:20.842023+00:00,Amati Kraslice,100
1.0,STARTUP,Wikidata,https://www.muenzeoesterreich.at/,2026-09-10T06:52:20.843930+00:00,Austrian Mint,
1.0,STARTUP,Wikidata,https://www.muenzeoesterreich.at/eng,2026-09-10T06:52:20.845763+00:00,Austrian Mint,
1.0,STARTUP,Wikidata,https://aws.amazon.com/,2026-09-10T06:52:20.847592+00:00,Amazon Web Services,
1.0,STARTUP,Wikidata,https://www.directrailservices.com/,2026-09-10T06:52:20.849394+00:00,Direct Rail Services,
1.0,STARTUP,Wikidata,https://www.dynaudio.com,2026-09-10T06:52:20.851292+00:00,Dynaudio,200
1.0,STARTUP,Wikidata,http://voelkl.com,2026-09-10T06:52:20.853032+00:00,Völkl,
1.0,STARTUP,Wikidata,https://www.mvg.de/,2026-09-10T06:52:20.854920+00:00,Münchner Verkehrsgesellschaft mbH (MVG),794
1.0,STARTUP,Wikidata,https://www.rowenta.com/,2026-09-10T06:52:25.804003+00:00,Rowenta,
1.0,STARTUP,Wikidata,https://www.rowenta.cz/,2026-09-10T06:52:25.810552+00:00,Rowenta,
1.0,STARTUP,Wikidata,https://www.rowenta.de/,2026-09-10T06:52:25.816904+00:00,Rowenta,
1.0,STARTUP,Wikidata,https://www.rowenta.fr/,2026-09-10T06:52:25.822573+00:00,Rowenta,
1.0,STARTUP,Wikidata,https://www.rowenta.be,2026-09-10T06:52:25.828124+00:00,Rowenta,
1.0,STARTUP,Wikidata,http://www.cedarfair.com,2026-09-10T06:52:25.844287+00:00,Cedar Fair,
1.0,STARTUP,Wikidata,https://bols.com,2026-09-10T06:52:25.849008+00:00,Lucas Bols,
1.0,STARTUP,Wikidata,http://www.bernabiotech.ch,2026-09-10T06:52:25.853266+00:00,Berna Biotech,
1.0,STARTUP,Wikidata,http://www.nomura.com,2026-09-10T06:52:25.856347+00:00,Nomura Group,
1.0,STARTUP,Wikidata,https://www.kpluss.com/,2026-09-10T06:52:25.859371+00:00,K+S,14295
1.0,STARTUP,Wikidata,https://www.vu.lt/,2026-09-10T06:52:25.862123+00:00,Vilnius University,5358
1.0,STARTUP,Wikidata,https://www.uaz.ru/,2026-09-10T06:52:25.864474+00:00,UAZ,
1.0,STARTUP,Wikidata,http://www.sunseeker.com,2026-09-10T06:52:25.866860+00:00,Sunseeker,
1.0,STARTUP,Wikidata,http://www.iph-hannover.de/node/70,2026-09-10T06:52:25.869268+00:00,Institut für Integrierte Produktion Hannover,
1.0,STARTUP,Wikidata,https://www.piaget.com/,2026-09-10T06:52:25.871526+00:00,Piaget,
1.0,STARTUP,Wikidata,http://www.starchaser.co.uk,2026-09-10T06:52:25.873746+00:00,Starchaser Industries,
1.0,STARTUP,Wikidata,https://www.patek.com/,2026-09-10T06:52:25.876170+00:00,Patek Philippe & Co.,2688
1.0,STARTUP,Wikidata,http://www.rollei.com/,2026-09-10T06:52:26.218871+00:00,Rollei,
1.0,STARTUP,Wikidata,http://www.hypo-alpe-adria.com/,2026-09-10T06:52:26.225490+00:00,Hypo Group Alpe Adria,6576
1.0,STARTUP,Wikidata,https://www.moet.com,2026-09-10T06:52:26.230172+00:00,Moët & Chandon,
1.0,STARTUP,Wikidata,https://www.diamondaircraft.com/,2026-09-10T06:52:26.234558+00:00,Diamond Aircraft Industries,
1.0,STARTUP,Wikidata,http://www.luxardo.it,2026-09-10T06:52:26.238096+00:00,Girolamo Luxardo S.p.A,
1.0,STARTUP,Wikidata,https://www.delarue.com/,2026-09-10T06:52:26.241485+00:00,De La Rue,2311
1.0,STARTUP,Wikidata,https://www.mediatek.com/,2026-09-10T06:52:26.244060+00:00,MediaTek,17377
1.0,STARTUP,Wikidata,http://www.schiedel.com/,2026-09-10T06:52:26.246642+00:00,Schiedel,
1.0,STARTUP,Wikidata,http://www.winbond.com/,2026-09-10T06:52:26.249076+00:00,Winbond,8900
1.0,STARTUP,Wikidata,http://www.hdw.de/,2026-09-10T06:52:26.251332+00:00,Howaldtswerke-Deutsche Werft,2400
1.0,STARTUP,Wikidata,http://www.ctv.com.tw/,2026-09-10T06:52:26.253411+00:00,China Television,
1.0,STARTUP,Wikidata,https://www.manner.com/,2026-09-10T06:52:26.255645+00:00,Josef Manner & Comp AG,734
1.0,STARTUP,Wikidata,https://www.biostar.com.tw/,2026-09-10T06:52:26.257697+00:00,Biostar Microtech International,
1.0,STARTUP,Wikidata,https://www.liebig.fr,2026-09-10T06:52:26.259750+00:00,Liebig's Extract of Meat Company,
1.0,STARTUP,Wikidata,http://www.viessmann.de/,2026-09-10T06:52:26.261862+00:00,Viessmann,
1.0,STARTUP,Wikidata,http://www.trodat.net/,2026-09-10T06:52:26.263809+00:00,Trodat,
1.0,STARTUP,Wikidata,http://www.sogo.com.tw/,2026-09-10T06:52:26.265607+00:00,Pacific Sogo,
1.0,STARTUP,Wikidata,https://becherovka.com,2026-09-10T06:52:26.267494+00:00,Jan Becher – Karlovarská Becherovka,113
1.0,STARTUP,Wikidata,https://meinlpercussion.com/en/home,2026-09-10T06:52:26.269404+00:00,Meinl Percussion,
1.0,STARTUP,Wikidata,http://www.eurofighter.com,2026-09-10T06:52:26.271385+00:00,Eurofighter Jagdflugzeug GmbH,416
1.0,STARTUP,Wikidata,https://www.trendmicro.com/,2026-09-10T06:52:26.273358+00:00,Trend Micro,
1.0,STARTUP,Wikidata,https://www.bdo.global,2026-09-10T06:52:26.275274+00:00,BDO International,
1.0,STARTUP,Wikidata,http://www.gfk.com/,2026-09-10T06:52:26.277280+00:00,GfK,8232
1.0,STARTUP,Wikidata,https://www.ing.es/,2026-09-10T06:52:26.279162+00:00,ING,
1.0,STARTUP,Wikidata,https://www.ing.it,2026-09-10T06:52:26.281022+00:00,ING,
1.0,STARTUP,Wikidata,https://www.petrof.cz/,2026-09-10T06:52:26.282847+00:00,Petrof,161
1.0,STARTUP,Wikidata,https://www.hyporealestate.com/,2026-09-10T06:52:26.284688+00:00,Hypo Real Estate,
1.0,STARTUP,Wikidata,https://www.c-and-a.com/,2026-09-10T06:52:26.286540+00:00,C&A,27000
1.0,STARTUP,Wikidata,http://www.schrack-technik.de/,2026-09-10T06:52:26.288388+00:00,Schrack Technik,
1.0,STARTUP,Wikidata,https://www.tgl.co.jp/,2026-09-10T06:52:26.290109+00:00,Technical Group Laboratory,
1.0,STARTUP,Wikidata,http://www.zippel.com/,2026-09-10T06:52:26.291879+00:00,Zippel Maschinenfabrik,
1.0,STARTUP,Wikidata,http://www.ob.co.kr/,2026-09-10T06:52:26.293693+00:00,Oriental Brewery,
1.0,STARTUP,Wikidata,http://www.igrafx.com,2026-09-10T06:52:26.295517+00:00,Micrografx,
1.0,STARTUP,Wikidata,http://www.zirkusprobst.com/,2026-09-10T06:52:26.297251+00:00,Zirkus Probst,
1.0,STARTUP,Wikidata,http://www.keb.de/,2026-09-10T06:52:26.299080+00:00,Karl E. Brinkmann GmbH,
1.0,STARTUP,Wikidata,http://www.ote.gr,2026-09-10T06:52:26.300946+00:00,OTE,21086
1.0,STARTUP,Wikidata,https://www.pfizer.com/,2026-09-10T06:52:26.302811+00:00,Pfizer,88300
1.0,STARTUP,Wikidata,http://zlinaircraft.eu/,2026-09-10T06:52:26.304677+00:00,ZLIN AERO,138
1.0,STARTUP,Wikidata,http://velcro.com,2026-09-10T06:52:26.306485+00:00,Velcro,3500
1.0,STARTUP,Wikidata,https://www.pirelli.com/,2026-09-10T06:52:26.308308+00:00,Pirelli,29915
1.0,STARTUP,Wikidata,https://www.elal.co.il,2026-09-10T06:52:26.310130+00:00,EL AL Israel Airlines Ltd.,
1.0,STARTUP,Wikidata,http://www.bushbeans.com/,2026-09-10T06:52:26.311945+00:00,Bush Brothers and Company,
1.0,STARTUP,Wikidata,http://www.csg.cn/,2026-09-10T06:52:26.313813+00:00,China Southern Power Grid,
1.0,STARTUP,Wikidata,http://www.sgcc.com.cn/,2026-09-10T06:52:26.315700+00:00,State Grid Corporation of China,1581000
1.0,STARTUP,Wikidata,http://www.alpa.ch/,2026-09-10T06:52:26.317504+00:00,Alpa,
1.0,STARTUP,Wikidata,https://www.petrobras.com.br,2026-09-10T06:52:26.319391+00:00,Petrobras,52000
1.0,STARTUP,Wikidata,https://www.gibson.com/,2026-09-10T06:52:26.321189+00:00,Gibson Brands,
1.0,STARTUP,Wikidata,http://www.focusmedia.cn/en/index.htm,2026-09-10T06:52:26.323127+00:00,Focus Media Holding,
1.0,STARTUP,Wikidata,http://www.gastar.co.jp/,2026-09-10T06:52:26.324947+00:00,GASTAR,
1.0,STARTUP,Wikidata,http://www.computacenter.com,2026-09-10T06:52:26.326703+00:00,Computacenter,
1.0,STARTUP,Wikidata,http://www.invensys.com,2026-09-10T06:52:26.328474+00:00,Invensys,
1.0,STARTUP,Wikidata,https://www.asos.com,2026-09-10T06:52:26.330447+00:00,ASOS,
1.0,STARTUP,Wikidata,https://www.fanuc.co.jp/index.html,2026-09-10T06:52:26.332361+00:00,FANUC,8675
1.0,STARTUP,Wikidata,https://www.fanucamerica.com/,2026-09-10T06:52:26.334192+00:00,FANUC,8675
1.0,STARTUP,Wikidata,https://www.aig.com,2026-09-10T06:52:26.336411+00:00,American International Group,26200
1.0,STARTUP,Wikidata,http://www.skyteam.com/,2026-09-10T06:52:26.338450+00:00,SkyTeam,
1.0,STARTUP,Wikidata,http://www.z-1.co.jp/,2026-09-10T06:52:26.340276+00:00,Pro Wrestling Zero1,
1.0,STARTUP,Wikidata,http://www.pg.com/,2026-09-10T06:52:26.342086+00:00,Procter & Gamble,105000
1.0,STARTUP,Wikidata,http://www.avaya.com/,2026-09-10T06:52:26.343833+00:00,Avaya,13000
1.0,STARTUP,Wikidata,http://corp.credoreference.com/,2026-09-10T06:52:26.345663+00:00,Credo Reference,
1.0,STARTUP,Wikidata,https://all.accor.com/,2026-09-10T06:52:26.347505+00:00,Accor,19198
1.0,STARTUP,Wikidata,https://www.roche.com/,2026-09-10T06:52:26.349257+00:00,Hoffmann-La Roche,
1.0,STARTUP,Wikidata,http://www.lehman.com,2026-09-10T06:52:26.351027+00:00,Lehman Brothers,26200
1.0,STARTUP,Wikidata,https://www.pepephone.com/,2026-09-10T06:52:26.352933+00:00,Pepephone,
1.0,STARTUP,Wikidata,http://ati.amd.com/,2026-09-10T06:52:26.354721+00:00,ATI Technologies,2700
1.0,STARTUP,Wikidata,http://www.viacom.com/,2026-09-10T06:52:26.357216+00:00,Viacom,11200
1.0,STARTUP,Wikidata,https://www.conocophillips.com/,2026-09-10T06:52:26.359225+00:00,ConocoPhillips,10800
1.0,STARTUP,Wikidata,https://www.volvocars.com/,2026-09-10T06:52:26.361111+00:00,Volvo Cars,28485
1.0,STARTUP,Wikidata,https://svt.se,2026-09-10T06:52:26.362975+00:00,Sveriges Television,
1.0,STARTUP,Wikidata,https://www.opera.com/,2026-09-10T06:52:26.364792+00:00,Opera,538
1.0,STARTUP,Wikidata,http://www.jvc.net/,2026-09-10T06:52:26.366613+00:00,JVC,
1.0,STARTUP,Wikidata,https://www.jvc.com/jp/,2026-09-10T06:52:26.368438+00:00,JVC,
1.0,STARTUP,Wikidata,http://recindia.nic.in/,2026-09-10T06:52:26.370211+00:00,Rural Electrification Corporation Limited,
1.0,STARTUP,Wikidata,https://24sevenoffice.com,2026-09-10T06:52:26.372011+00:00,24SevenOffice,150
1.0,STARTUP,Wikidata,https://24sevenoffice.com/sv,2026-09-10T06:52:26.373760+00:00,24SevenOffice,150
1.0,STARTUP,Wikidata,https://www.berkshirehathaway.com/,2026-09-10T06:52:26.375585+00:00,Berkshire Hathaway,360000
1.0,STARTUP,Wikidata,https://www.vespa.com/,2026-09-10T06:52:26.377409+00:00,Vespa,
1.0,STARTUP,Wikidata,http://www.rca.com,2026-09-10T06:52:26.379332+00:00,RCA Corporation,
1.0,STARTUP,Wikidata,https://www.chanel.com,2026-09-10T06:52:26.381133+00:00,Chanel,
1.0,STARTUP,Wikidata,https://www.zodiac.fr,2026-09-10T06:52:26.382986+00:00,Zodiac Marine & Pool,
1.0,STARTUP,Wikidata,http://www.zollern.de/,2026-09-10T06:52:26.384760+00:00,Zollern GmbH,
1.0,STARTUP,Wikidata,http://www.getransportation.com,2026-09-10T06:52:26.386559+00:00,GE Transportation,10000
1.0,STARTUP,Wikidata,https://nvl.de/en/shipyards-and-docks/blohmvoss,2026-09-10T06:52:26.388385+00:00,Blohm+Voss,689
1.0,STARTUP,Wikidata,http://www.zollner.de,2026-09-10T06:52:26.390265+00:00,Zollner,
1.0,STARTUP,Wikidata,http://www.christiesrealestate.com,2026-09-10T06:52:26.391993+00:00,Christie's International Real Estate,
1.0,STARTUP,Wikidata,https://www.nec.com/,2026-09-10T06:52:26.393801+00:00,NEC,
1.0,STARTUP,Wikidata,https://www.saab.com/,2026-09-10T06:52:26.395616+00:00,Saab Group,22000
1.0,STARTUP,Wikidata,http://www.citigroup.com/,2026-09-10T06:52:26.397467+00:00,Citigroup,219000
1.0,STARTUP,Wikidata,https://www.blackrock.com,2026-09-10T06:52:26.399303+00:00,BlackRock,19800
1.0,STARTUP,Wikidata,https://www.hypovereinsbank.de,2026-09-10T06:52:26.401102+00:00,HypoVereinsbank,13405
1.0,STARTUP,Wikidata,https://www.rockwellcollins.com/,2026-09-10T06:52:26.478520+00:00,Rockwell Collins,
1.0,STARTUP,Wikidata,http://www.rosenthal.de/,2026-09-10T06:52:26.482676+00:00,Rosenthal,
1.0,STARTUP,Wikidata,https://www.magna.com/,2026-09-10T06:52:26.485829+00:00,Magna International,108000
1.0,STARTUP,Wikidata,http://www.gi-de.com,2026-09-10T06:52:26.490634+00:00,Giesecke+Devrient,11300
1.0,STARTUP,Wikidata,http://www.zoome.jp,2026-09-10T06:52:26.493129+00:00,zoome,
1.0,STARTUP,Wikidata,https://www.digium.com,2026-09-10T06:52:26.497851+00:00,Digium,
1.0,STARTUP,Wikidata,https://www.sonor.com/,2026-09-10T06:52:26.499898+00:00,Sonor,
1.0,STARTUP,Wikidata,https://cbc.radio-canada.ca/,2026-09-10T06:52:26.503378+00:00,Canadian Broadcasting Corporation,
1.0,STARTUP,Wikidata,http://www.palfinger.com/,2026-09-10T06:52:26.505595+00:00,Palfinger,12058
1.0,STARTUP,Wikidata,https://itt.com,2026-09-10T06:52:26.507276+00:00,ITT Corporation,10000
1.0,STARTUP,Wikidata,https://www.bankaustria.at,2026-09-10T06:52:26.509767+00:00,Bank Austria,35534
1.0,STARTUP,Wikidata,http://www.zmp.co.jp,2026-09-10T06:52:26.511165+00:00,ZMP INC.,
1.0,STARTUP,Wikidata,http://tw.giga-byte.com/,2026-09-10T06:52:26.513873+00:00,Gigabyte Technology,7100
1.0,STARTUP,Wikidata,http://www.alpico.co.jp/taxi/,2026-09-10T06:52:26.515152+00:00,"ALPICO TAXI Co., Ltd.",
1.0,STARTUP,Wikidata,https://www.gigabyte.com/,2026-09-10T06:52:26.517172+00:00,Gigabyte Technology,7100
1.0,STARTUP,Wikidata,http://www.sud-chemie.com/,2026-09-10T06:52:26.518936+00:00,Süd-Chemie,
1.0,STARTUP,Wikidata,http://www.maco.at/,2026-09-10T06:52:26.520718+00:00,MACO Door & Window,
1.0,STARTUP,Wikidata,https://www.playtech.com/,2026-09-10T06:52:26.522298+00:00,Playtech,7400
1.0,STARTUP,Wikidata,http://www.aroma.md/,2026-09-10T06:52:26.524470+00:00,Aroma SA,
1.0,STARTUP,Wikidata,http://www.snam.it,2026-09-10T06:52:26.525621+00:00,Snam,
1.0,STARTUP,Wikidata,https://www.koh-i-noor.cz/,2026-09-10T06:52:26.527803+00:00,Koh-i-Noor Hardtmuth,640
1.0,STARTUP,Wikidata,http://www.vale.com,2026-09-10T06:52:26.528959+00:00,Vale,
1.0,STARTUP,Wikidata,https://www.magna.com/company/company-information/magna-groups/magna-steyr,2026-09-10T06:52:26.531161+00:00,Maḥmīyat Umm al-Rayḥān,
1.0,STARTUP,Wikidata,https://ignitisgrupe.lt/,2026-09-10T06:52:26.532495+00:00,Ignitis,4688
1.0,STARTUP,Wikidata,http://www.yueyuen.com/,2026-09-10T06:52:26.534256+00:00,Yue Yuen Industrial Holdings,
1.0,STARTUP,Wikidata,http://www.fodera.com/,2026-09-10T06:52:26.535749+00:00,Fodera,
1.0,STARTUP,Wikidata,http://www.sino-land.com/,2026-09-10T06:52:26.537299+00:00,Sino Land,
1.0,STARTUP,Wikidata,http://www.daido.co.jp/,2026-09-10T06:52:26.539335+00:00,Daido Steel,
1.0,STARTUP,Wikidata,http://www.metroradio.com.hk/,2026-09-10T06:52:26.540439+00:00,Metro Broadcast Corporation,
1.0,STARTUP,Wikidata,http://www.safra.com/,2026-09-10T06:52:26.542617+00:00,Safra National Bank of New York,
1.0,STARTUP,Wikidata,https://www.wienerboerse.at,2026-09-10T06:52:26.543732+00:00,Wiener Boerse AG,160
1.0,STARTUP,Wikidata,https://www.baskinrobbins.com/,2026-09-10T06:52:26.545818+00:00,Baskin-Robbins,
1.0,STARTUP,Wikidata,http://www.freywille.com,2026-09-10T06:52:26.546923+00:00,Frey Wille,
1.0,STARTUP,Wikidata,https://www.boss.info/global/,2026-09-10T06:52:26.548967+00:00,Boss Corporation,
1.0,STARTUP,Wikidata,https://www.karmann-mobil.de,2026-09-10T06:52:26.550182+00:00,Karmann,
1.0,STARTUP,Wikidata,https://www.antofagasta.co.uk/,2026-09-10T06:52:26.552241+00:00,Antofagasta plc,5637
1.0,STARTUP,Wikidata,http://www.redbull.com,2026-09-10T06:52:26.553355+00:00,Red Bull GmbH,11886
1.0,STARTUP,Wikidata,http://www.ibiden.co.jp/,2026-09-10T06:52:26.555418+00:00,Ibiden,
1.0,STARTUP,Wikidata,http://www.kneissl.com,2026-09-10T06:52:26.556687+00:00,Kneissl,21
1.0,STARTUP,Wikidata,https://penzvero.hu/,2026-09-10T06:52:26.558797+00:00,Magyar Pénzverő Zrt.,
1.0,STARTUP,Wikidata,https://www.bcc.com.tw/,2026-09-10T06:52:26.560041+00:00,Broadcasting Corporation of China,
1.0,STARTUP,Wikidata,http://www.nbbird.com/,2026-09-10T06:52:26.561707+00:00,Ningbo Bird,
1.0,STARTUP,Wikidata,http://www.jettv.com.tw/,2026-09-10T06:52:26.563441+00:00,Japan Entertainment Television,
1.0,STARTUP,Wikidata,http://www.ngkntk.co.jp/english/index.html,2026-09-10T06:52:26.565570+00:00,NGK,
1.0,STARTUP,Wikidata,http://www.fazioli.com,2026-09-10T06:52:26.569378+00:00,Fazioli,
1.0,STARTUP,Wikidata,https://www.care-international.org/,2026-09-10T06:52:26.570334+00:00,CARE International,
1.0,STARTUP,Wikidata,http://www.nielsen.com,2026-09-10T06:52:26.573170+00:00,Nielsen Media Research,
1.0,STARTUP,Wikidata,http://www.lifeisgreat.com.sg/,2026-09-10T06:52:26.574792+00:00,Great Eastern Life,
1.0,STARTUP,Wikidata,http://www.telemicro.com.do,2026-09-10T06:52:26.580950+00:00,Telemicro,
1.0,STARTUP,Wikidata,https://www.sojitz.com/,2026-09-10T06:52:26.584083+00:00,Sojitz,
1.0,STARTUP,Wikidata,https://www.nagraaudio.com/,2026-09-10T06:52:26.585980+00:00,Nagra,
1.0,STARTUP,Wikidata,https://www.wienerberger.com/,2026-09-10T06:52:26.587714+00:00,Wienerberger,19078
1.0,STARTUP,Wikidata,http://www.radvision.com,2026-09-10T06:52:26.589520+00:00,Radvision,430
1.0,STARTUP,Wikidata,http://www.thomas-magnete.com,2026-09-10T06:52:26.591329+00:00,Thomas Magnete,280
1.0,STARTUP,Wikidata,http://www.sedsystems.ca/,2026-09-10T06:52:26.593147+00:00,SED Systems,315
1.0,STARTUP,Wikidata,https://www.warhammer.com/,2026-09-10T06:52:26.594976+00:00,Games Workshop,
1.0,STARTUP,Wikidata,https://www.wirecard.com/,2026-09-10T06:52:26.596740+00:00,Wirecard,5154
1.0,STARTUP,Wikidata,http://www.brisa.pt/,2026-09-10T06:52:26.598509+00:00,Brisa – Auto-estradas de Portugal,
1.0,STARTUP,Wikidata,https://www.rohwrestling.com/,2026-09-10T06:52:26.600407+00:00,Ring of Honor,
1.0,STARTUP,Wikidata,https://www.frieslandcampina.de/,2026-09-10T06:52:26.602177+00:00,FrieslandCampina Germany,
1.0,STARTUP,Wikidata,http://www.cnpc.com.cn:81/cnpc/index.shtml,2026-09-10T06:52:26.604057+00:00,China National Petroleum Corporation,1589508
1.0,STARTUP,Wikidata,http://www.cnpc.com.cn/,2026-09-10T06:52:26.605933+00:00,China National Petroleum Corporation,1589508
1.0,STARTUP,Wikidata,http://www.cnpc.com.cn/en/,2026-09-10T06:52:26.607788+00:00,China National Petroleum Corporation,1589508
1.0,STARTUP,Wikidata,http://www.cnpc.com.cn/es/,2026-09-10T06:52:26.609617+00:00,China National Petroleum Corporation,1589508
1.0,STARTUP,Wikidata,http://www.cnpc.com.cn/ru/,2026-09-10T06:52:26.611496+00:00,China National Petroleum Corporation,1589508
1.0,STARTUP,Wikidata,http://www.milkywayimage.com/,2026-09-10T06:52:26.613220+00:00,Milkyway Image,
1.0,STARTUP,Wikidata,https://www.bnymellon.com/,2026-09-10T06:52:26.614979+00:00,The Bank of New York Mellon,
1.0,STARTUP,Wikidata,https://www.myheritage.com/,2026-09-10T06:52:26.616923+00:00,MyHeritage,430
1.0,STARTUP,Wikidata,https://www.myheritage.fr/,2026-09-10T06:52:26.618645+00:00,MyHeritage,430
1.0,STARTUP,Wikidata,http://www.lotusbakeries.com/,2026-09-10T06:52:26.620400+00:00,Lotus Bakeries,
1.0,STARTUP,Wikidata,http://www.heldwein.at/,2026-09-10T06:52:26.622108+00:00,Anton Heldwein,
1.0,STARTUP,Wikidata,https://www.ib.barclays,2026-09-10T06:52:26.623808+00:00,Barclays Investment Bank,25000
1.0,STARTUP,Wikidata,https://www.intercity.pl/,2026-09-10T06:52:26.625542+00:00,PKP Intercity,8936
1.0,STARTUP,Wikidata,http://www.anton-haering.de/,2026-09-10T06:52:26.627288+00:00,Anton Häring KG,
1.0,STARTUP,Wikidata,http://www.ica.com.mx,2026-09-10T06:52:26.629222+00:00,Empresas ICA,
1.0,STARTUP,Wikidata,http://www.cheryinternational.com/,2026-09-10T06:52:26.630984+00:00,Chery Automobile,48000
1.0,STARTUP,Wikidata,https://www.chery.cn/,2026-09-10T06:52:26.632741+00:00,Chery Automobile,48000
1.0,STARTUP,Wikidata,http://www.barrattdevelopments.co.uk/,2026-09-10T06:52:26.634464+00:00,Barratt Developments,
1.0,STARTUP,Wikidata,https://www.steyr-arms.com/de/,2026-09-10T06:52:26.636396+00:00,Steyr Arms,150
1.0,STARTUP,Wikidata,https://www.steyr-arms.com/en/,2026-09-10T06:52:26.638167+00:00,Steyr Arms,150
1.0,STARTUP,Wikidata,https://www.argentina.citibank.com/ARGCB/JPS/portal/Index.do,2026-09-10T06:52:26.639893+00:00,Citibank Argentina,
1.0,STARTUP,Wikidata,http://belarus-tractor.com,2026-09-10T06:52:26.641612+00:00,Minsk Tractor Works,15377
1.0,STARTUP,Wikidata,https://www.eizo.co.jp/,2026-09-10T06:52:26.643420+00:00,Eizo,
1.0,STARTUP,Wikidata,http://zepter.com,2026-09-10T06:52:26.645467+00:00,Zepter International,
1.0,STARTUP,Wikidata,http://www.prowrestlingguerrilla.com/,2026-09-10T06:52:26.647515+00:00,Pro Wrestling Guerrilla,
1.0,STARTUP,Wikidata,https://www.anton-paar.com/,2026-09-10T06:52:26.649400+00:00,Anton Paar,
1.0,STARTUP,Wikidata,http://www.riemerschmid.de,2026-09-10T06:52:26.651318+00:00,Ehemalige Likörfabrik Anton Riemerschmid,
1.0,STARTUP,Wikidata,https://www.borsalino.com,2026-09-10T06:52:26.653455+00:00,Borsalino,
1.0,STARTUP,Wikidata,http://en.nioc.ir/Portal/Home/,2026-09-10T06:52:26.655227+00:00,National Iranian Oil Company,
1.0,STARTUP,Wikidata,http://www.datel.co.uk,2026-09-10T06:52:26.656949+00:00,Datel,
1.0,STARTUP,Wikidata,http://www.bt.com/about,2026-09-10T06:52:26.658753+00:00,BT Group,104399
1.0,STARTUP,Wikidata,https://www.htv.jp/,2026-09-10T06:52:26.660554+00:00,Hiroshima Telecasting,
1.0,STARTUP,Wikidata,http://www.nbliquor.com/,2026-09-10T06:52:26.662391+00:00,New Brunswick Liquor Corporation,
1.0,STARTUP,Wikidata,http://www.arisem.com/en,2026-09-10T06:52:26.664118+00:00,Arisem,
1.0,STARTUP,Wikidata,http://www.globalcrossing.com/,2026-09-10T06:52:26.671672+00:00,Global Crossing,
1.0,STARTUP,Wikidata,https://www.preem.com,2026-09-10T06:52:26.673148+00:00,Preem,
1.0,STARTUP,Wikidata,http://www.start.it.pl/,2026-09-10T06:52:26.674969+00:00,Start International Polska,
1.0,STARTUP,Wikidata,https://www.garnierusa.com/,2026-09-10T06:52:26.676815+00:00,Garnier,
1.0,STARTUP,Wikidata,http://www.carmeuse.com/,2026-09-10T06:52:26.678642+00:00,Carmeuse,4000
1.0,STARTUP,Wikidata,http://www.memz.com.ua,2026-09-10T06:52:26.680702+00:00,MeMZ,
1.0,STARTUP,Wikidata,http://www.thtf.com.cn/,2026-09-10T06:52:26.682732+00:00,Tsinghua Tongfang Company,14700
1.0,STARTUP,Wikidata,http://www.hsbc.com.hk,2026-09-10T06:52:26.684585+00:00,The Hongkong and Shanghai Banking Corporation Limited,20000
1.0,STARTUP,Wikidata,http://www.chtz-uraltrac.ru,2026-09-10T06:52:26.686342+00:00,Chelyabinsk Tractor Plant,
1.0,STARTUP,Wikidata,https://www.saras.it/,2026-09-10T06:52:26.688131+00:00,Saras,
1.0,STARTUP,Wikidata,http://www.permasteelisagroup.com/,2026-09-10T06:52:26.689895+00:00,Permasteelisa,
1.0,STARTUP,Wikidata,https://www.nasdaqbaltic.com,2026-09-10T06:52:26.691670+00:00,"Nasdaq Vilnius, AB",
1.0,STARTUP,Wikidata,https://www.digi-communications.ro/,2026-09-10T06:52:34.301500+00:00,Digi,16912
1.0,STARTUP,Wikidata,http://www.bavaria-petrol.de/,2026-09-10T06:52:34.308983+00:00,Bavaria Petrol,
1.0,STARTUP,Wikidata,http://www.bavaria-synchron.de,2026-09-10T06:52:34.313062+00:00,Münchner Synchron,
1.0,STARTUP,Wikidata,http://www.bavaria-studios.de/,2026-09-10T06:52:34.316890+00:00,Bavaria Studios & Production Services,
1.0,STARTUP,Wikidata,https://www.bavaria-studios.de/,2026-09-10T06:52:34.319788+00:00,Bavaria Studios & Production Services,
1.0,STARTUP,Wikidata,https://www.bavarian-nordic.com,2026-09-10T06:52:34.322448+00:00,Bavarian Nordic,1653
1.0,STARTUP,Wikidata,https://www.baywa.com/,2026-09-10T06:52:34.324877+00:00,BayWa,
1.0,STARTUP,Wikidata,http://www.bayerbbs.de,2026-09-10T06:52:34.327412+00:00,Bayer Business Services,
1.0,STARTUP,Wikidata,http://www.cropscience.bayer.com,2026-09-10T06:52:34.329941+00:00,Bayer CropScience,
1.0,STARTUP,Wikidata,http://www.bayerhealthcare.com/,2026-09-10T06:52:34.332049+00:00,Bayer HealthCare,
1.0,STARTUP,Wikidata,http://www.bayertechnology.com,2026-09-10T06:52:34.334132+00:00,Bayer Technology Services,
1.0,STARTUP,Wikidata,https://www.covestro.com,2026-09-10T06:52:34.336299+00:00,Covestro,16501
1.0,STARTUP,Wikidata,http://beg.bahnland-bayern.de/,2026-09-10T06:52:34.338487+00:00,Bayerische Eisenbahngesellschaft,44
1.0,STARTUP,Wikidata,https://www.hausbau.de,2026-09-10T06:52:34.340448+00:00,Bayerische Hausbau,
1.0,STARTUP,Wikidata,http://www.hypo.de/,2026-09-10T06:52:34.342339+00:00,Bayerische Hypotheken- und Wechsel-Bank,15000
1.0,STARTUP,Wikidata,https://www.bayerngas.de,2026-09-10T06:52:34.344288+00:00,Bayerngas,252
1.0,STARTUP,Wikidata,https://www.bayernland.de/,2026-09-10T06:52:34.346174+00:00,Bayernland,700
1.0,STARTUP,Wikidata,http://www.bayernoil.de/,2026-09-10T06:52:34.348071+00:00,Bayernoil,
1.0,STARTUP,Wikidata,http://www.baygon.com/,2026-09-10T06:52:34.349912+00:00,Baygon,
1.0,STARTUP,Wikidata,https://bbg-eg.de/,2026-09-10T06:52:34.351811+00:00,Bbg Berliner Baugenossenschaft,
1.0,STARTUP,Wikidata,http://www.bbv-ls.de/,2026-09-10T06:52:34.353756+00:00,Bbv-LandSiedlung,
1.0,STARTUP,Wikidata,http://www.bburago.com/,2026-09-10T06:52:34.355557+00:00,Bburago,
1.0,STARTUP,Wikidata,https://beamish.ie/,2026-09-10T06:52:34.357407+00:00,Beamish and Crawford,
1.0,STARTUP,Wikidata,https://www.bvv.de/,2026-09-10T06:52:34.359221+00:00,Beamtenversicherungsverein,
1.0,STARTUP,Wikidata,http://www.bearingpoint.com,2026-09-10T06:52:34.360996+00:00,BearingPoint,3500
1.0,STARTUP,Wikidata,https://www.beatport.com,2026-09-10T06:52:34.362731+00:00,Beatport,
1.0,STARTUP,Wikidata,http://www.bechtel.com,2026-09-10T06:52:34.364729+00:00,Bechtel,44000
