canonicalId,canonicalName,rawEntityName,employeeCount,sourceName,sourceUrl,collectedAt,matchStrategy,confidence
,,Google,187000,Wikidata,https://about.google/,2026-09-10T04:39:50.773910+00:00,UNRESOLVED,0.0
,,Intel,121100,Wikidata,https://www.intel.com,2026-09-10T04:39:50.784257+00:00,UNRESOLVED,0.0
,,Apple Inc.,164000,Wikidata,https://apple.com.cn/,2026-09-10T04:39:50.787567+00:00,UNRESOLVED,0.0
,,Apple Inc.,164000,Wikidata,https://apple.com/,2026-09-10T04:39:50.790417+00:00,UNRESOLVED,0.0
,,Apple Inc.,164000,Wikidata,https://apple.com/ae-ar/,2026-09-10T04:39:50.793240+00:00,UNRESOLVED,0.0
,,Apple Inc.,164000,Wikidata,https://apple.com/ae/,2026-09-10T04:39:50.795765+00:00,UNRESOLVED,0.0
,,Apple Inc.,164000,Wikidata,https://apple.com/am/,2026-09-10T04:39:50.798044+00:00,UNRESOLVED,0.0
,,Apple Inc.,164000,Wikidata,https://apple.com/at/,2026-09-10T04:39:50.800124+00:00,UNRESOLVED,0.0
,,Apple Inc.,164000,Wikidata,https://apple.com/au/,2026-09-10T04:39:50.802175+00:00,UNRESOLVED,0.0
,,Apple Inc.,164000,Wikidata,https://apple.com/az/,2026-09-10T04:39:50.804144+00:00,UNRESOLVED,0.0
,,Apple Inc.,164000,Wikidata,https://apple.com/befr/,2026-09-10T04:39:50.805970+00:00,UNRESOLVED,0.0
,,Apple Inc.,164000,Wikidata,https://apple.com/benl/,2026-09-10T04:39:50.807795+00:00,UNRESOLVED,0.0
,,Apple Inc.,164000,Wikidata,https://apple.com/bg/,2026-09-10T04:39:50.809746+00:00,UNRESOLVED,0.0
,,Apple Inc.,164000,Wikidata,https://apple.com/bh-ar/,2026-09-10T04:39:50.812187+00:00,UNRESOLVED,0.0
,,Apple Inc.,164000,Wikidata,https://apple.com/bh/,2026-09-10T04:39:50.814156+00:00,UNRESOLVED,0.0
,,Apple Inc.,164000,Wikidata,https://apple.com/br/,2026-09-10T04:39:50.815992+00:00,UNRESOLVED,0.0
,,Apple Inc.,164000,Wikidata,https://apple.com/bw/,2026-09-10T04:39:50.817730+00:00,UNRESOLVED,0.0
,,Apple Inc.,164000,Wikidata,https://apple.com/by/,2026-09-10T04:39:50.819518+00:00,UNRESOLVED,0.0
,,Apple Inc.,164000,Wikidata,https://apple.com/ca/,2026-09-10T04:39:50.821375+00:00,UNRESOLVED,0.0
,,Apple Inc.,164000,Wikidata,https://apple.com/ca/fr/,2026-09-10T04:39:50.823314+00:00,UNRESOLVED,0.0
,,Viverso,,Wikidata,http://www.viverso.com/,2026-09-10T04:43:56.631150+00:00,UNRESOLVED,0.0
,,Banco Comercial Português,,Wikidata,http://www.millenniumbcp.pt,2026-09-10T04:43:56.644060+00:00,UNRESOLVED,0.0
,,Baldwin Piano Company,,Wikidata,http://www.baldwinpiano.com,2026-09-10T04:43:56.648352+00:00,UNRESOLVED,0.0
,,Konica Minolta,36000,Wikidata,https://kmbs.konicaminolta.us/,2026-09-10T04:43:56.651928+00:00,UNRESOLVED,0.0
,,Kyosho,,Wikidata,https://www.kyosho.com/,2026-09-10T04:43:56.655475+00:00,UNRESOLVED,0.0
,,TGW Logistics Group,2000,Wikidata,http://www.tgw-group.com/,2026-09-10T04:43:56.659024+00:00,UNRESOLVED,0.0
,,APA Corporation,,Wikidata,http://www.apachecorp.com,2026-09-10T04:43:56.662038+00:00,UNRESOLVED,0.0
,,New York Mercantile Exchange,,Wikidata,https://www.nymex.com,2026-09-10T04:43:56.666245+00:00,UNRESOLVED,0.0
,,Finix Comics,,Wikidata,https://www.finix-comics.de/,2026-09-10T04:43:56.669605+00:00,UNRESOLVED,0.0
,,Agrosuper,,Wikidata,http://www.agrosuper.cl,2026-09-10T04:43:56.672199+00:00,UNRESOLVED,0.0
,,Riedel,,Wikidata,https://www.riedel.com/,2026-09-10T04:43:56.675345+00:00,UNRESOLVED,0.0
,,Vodafone,96506,Wikidata,https://www.vodafone.com/,2026-09-10T04:43:56.677651+00:00,UNRESOLVED,0.0
,,Shochiku,,Wikidata,https://www.shochiku.co.jp/,2026-09-10T04:43:56.680621+00:00,UNRESOLVED,0.0
,,Shochiku,,Wikidata,https://www.shochikufilms.com/,2026-09-10T04:43:56.684564+00:00,UNRESOLVED,0.0
,,Vínbúð,,Wikidata,http://www.vinbud.is/,2026-09-10T04:43:56.687255+00:00,UNRESOLVED,0.0
,,Istithmar World,,Wikidata,http://www.istithmarworld.com/,2026-09-10T04:43:56.690203+00:00,UNRESOLVED,0.0
,,Coal India,,Wikidata,http://www.coalindia.in/,2026-09-10T04:43:56.693076+00:00,UNRESOLVED,0.0
,,Anheuser-Busch,30849,Wikidata,https://www.anheuser-busch.com/,2026-09-10T04:43:56.695577+00:00,UNRESOLVED,0.0
,,Long Island Rail Road,,Wikidata,https://www.mta.info/lirr/,2026-09-10T04:43:56.697633+00:00,UNRESOLVED,0.0
,,Credicorp,,Wikidata,http://www.credicorpnet.com,2026-09-10T04:43:56.700776+00:00,UNRESOLVED,0.0
,,Institute of Physics and Power Engineering JSC,,Wikidata,http://www.ippe.ru,2026-09-10T04:43:56.703085+00:00,UNRESOLVED,0.0
,,arsEdition,,Wikidata,http://www.arsedition.de/,2026-09-10T04:43:56.705680+00:00,UNRESOLVED,0.0
,,Körting Hannover,,Wikidata,http://www.koerting.de/,2026-09-10T04:43:56.708505+00:00,UNRESOLVED,0.0
,,Voith Group,,Wikidata,http://www.voith.com,2026-09-10T04:43:56.710816+00:00,UNRESOLVED,0.0
,,Albemarle Corporation,,Wikidata,http://www.albemarle.com/,2026-09-10T04:43:56.712669+00:00,UNRESOLVED,0.0
,,Fitness First,,Wikidata,https://www.dwfitnessfirst.com,2026-09-10T04:43:56.715501+00:00,UNRESOLVED,0.0
,,Mynewsdesk,,Wikidata,https://www.mynewsdesk.com/,2026-09-10T04:43:56.718513+00:00,UNRESOLVED,0.0
,,Paulaner Brewery,,Wikidata,https://www.paulaner-gruppe.de,2026-09-10T04:43:56.720869+00:00,UNRESOLVED,0.0
,,Paulaner Brewery,,Wikidata,https://www.paulaner.de,2026-09-10T04:43:56.723161+00:00,UNRESOLVED,0.0
,,Belk,,Wikidata,https://www.belk.com/,2026-09-10T04:43:56.725411+00:00,UNRESOLVED,0.0
,,Pixar,1233,Wikidata,https://www.pixar.com/,2026-09-10T04:43:56.727795+00:00,UNRESOLVED,0.0
,,Levi Strauss & Co.,,Wikidata,https://www.levi.com/,2026-09-10T04:43:56.730079+00:00,UNRESOLVED,0.0
,,NHN Service Technology,,Wikidata,http://www.nhnst.com/,2026-09-10T04:43:56.732608+00:00,UNRESOLVED,0.0
,,Anheuser-Busch InBev,166632,Wikidata,https://www.ab-inbev.com/,2026-09-10T04:43:56.734853+00:00,UNRESOLVED,0.0
,,AMD,15500,Wikidata,https://www.amd.com/,2026-09-10T04:43:56.736873+00:00,UNRESOLVED,0.0
,,MTU Aero Engines,10313,Wikidata,https://www.mtu.de,2026-09-10T04:43:56.738760+00:00,UNRESOLVED,0.0
,,Kostal,,Wikidata,https://www.kostal.com/,2026-09-10T04:43:56.741594+00:00,UNRESOLVED,0.0
,,Scandic Hotels Group,10003,Wikidata,https://www.scandichotelsgroup.com/,2026-09-10T04:43:56.744025+00:00,UNRESOLVED,0.0
,,World Championship Wrestling,150,Wikidata,http://www.wwe.com/classics/wcw/,2026-09-10T04:43:56.745847+00:00,UNRESOLVED,0.0
,,Norwegian Cruise Line,,Wikidata,https://www.ncl.com/,2026-09-10T04:43:56.747567+00:00,UNRESOLVED,0.0
,,KuibyshevAzot,5500,Wikidata,http://www.kuazot.ru,2026-09-10T04:43:56.749975+00:00,UNRESOLVED,0.0
,,Reuters,2500,Wikidata,https://www.reuters.com/,2026-09-10T04:43:56.752025+00:00,UNRESOLVED,0.0
,,Longyuan Power,,Wikidata,http://www.clypg.com.cn/,2026-09-10T04:43:56.753910+00:00,UNRESOLVED,0.0
,,Total Nonstop Action Wrestling,,Wikidata,https://tnawrestling.com/,2026-09-10T04:43:56.755946+00:00,UNRESOLVED,0.0
,,Schecter Guitar Research,,Wikidata,http://www.schecterguitars.com,2026-09-10T04:43:56.758239+00:00,UNRESOLVED,0.0
,,HTM Personenvervoer,,Wikidata,https://www.htm.nl/,2026-09-10T04:43:56.760172+00:00,UNRESOLVED,0.0
,,Epoch Co.,,Wikidata,https://epoch.jp,2026-09-10T04:43:56.761942+00:00,UNRESOLVED,0.0
,,CD-adapco,,Wikidata,http://www.cd-adapco.com/,2026-09-10T04:43:56.764017+00:00,UNRESOLVED,0.0
,,CCM,,Wikidata,https://ccmhockey.com/,2026-09-10T04:43:56.766403+00:00,UNRESOLVED,0.0
,,Bodenbearbeitungsgerätewerk Leipzig,,Wikidata,http://www.amazone.de/,2026-09-10T04:43:56.768492+00:00,UNRESOLVED,0.0
,,Alexander & Baldwin,,Wikidata,https://www.alexanderbaldwin.com,2026-09-10T04:43:56.770676+00:00,UNRESOLVED,0.0
,,Alcoa,61000,Wikidata,http://www.alcoa.com,2026-09-10T04:43:56.772842+00:00,UNRESOLVED,0.0
,,ZAG – Zeitarbeits-Gesellschaft,8464,Wikidata,http://www.zag.de,2026-09-10T04:43:56.774996+00:00,UNRESOLVED,0.0
,,ZAP,,Wikidata,http://www.zapworld.com/,2026-09-10T04:43:56.776866+00:00,UNRESOLVED,0.0
,,ZEAG Energie,,Wikidata,https://www.zeag-energie.de,2026-09-10T04:43:56.778575+00:00,UNRESOLVED,0.0
,,ZEMAG,,Wikidata,http://www.zemag-zeitz.com/,2026-09-10T04:43:56.780259+00:00,UNRESOLVED,0.0
,,Zürcher Frauenverein für alkoholfreie Wirtschaften,,Wikidata,http://zfv.ch/de/unternehmen/,2026-09-10T04:43:56.782538+00:00,UNRESOLVED,0.0
,,Cherry SE,,Wikidata,https://www.cherry.de/,2026-09-10T04:43:56.784618+00:00,UNRESOLVED,0.0
,,Robert Bosch Automotive Steering,,Wikidata,http://www.bosch-automotive-steering.com/,2026-09-10T04:43:56.786475+00:00,UNRESOLVED,0.0
,,ZF Passau,,Wikidata,http://www.zf.com/,2026-09-10T04:43:56.788155+00:00,UNRESOLVED,0.0
,,Apple Inc.,164000,Wikidata,https://apple.com/tn/,2026-09-10T04:43:56.790306+00:00,UNRESOLVED,0.0
,,Apple Inc.,164000,Wikidata,https://apple.com/tr/,2026-09-10T04:43:56.792340+00:00,UNRESOLVED,0.0
,,Apple Inc.,164000,Wikidata,https://apple.com/tw/,2026-09-10T04:43:56.794206+00:00,UNRESOLVED,0.0
,,Apple Inc.,164000,Wikidata,https://apple.com/ua/,2026-09-10T04:43:56.795920+00:00,UNRESOLVED,0.0
,,Apple Inc.,164000,Wikidata,https://apple.com/ug/,2026-09-10T04:43:56.797663+00:00,UNRESOLVED,0.0
,,Apple Inc.,164000,Wikidata,https://apple.com/uk/,2026-09-10T04:43:56.800055+00:00,UNRESOLVED,0.0
,,Apple Inc.,164000,Wikidata,https://apple.com/uz/,2026-09-10T04:43:56.802290+00:00,UNRESOLVED,0.0
,,Apple Inc.,164000,Wikidata,https://apple.com/vn/,2026-09-10T04:43:56.804187+00:00,UNRESOLVED,0.0
,,Apple Inc.,164000,Wikidata,https://apple.com/za/,2026-09-10T04:43:56.806003+00:00,UNRESOLVED,0.0
,,Apple Inc.,164000,Wikidata,https://www.apple.com/tw,2026-09-10T04:43:56.808386+00:00,UNRESOLVED,0.0
,,Meta Platforms,58604,Wikidata,https://www.meta.com/,2026-09-10T04:43:56.810670+00:00,UNRESOLVED,0.0
,,TogliattiAzot,5000,Wikidata,http://www.toaz.ru/eng/,2026-09-10T04:43:56.812524+00:00,UNRESOLVED,0.0
,,Nokia,103083,Wikidata,https://www.nokia.com/,2026-09-10T04:43:56.814305+00:00,UNRESOLVED,0.0
,,Juventus FC,,Wikidata,https://www.juventus.com,2026-09-10T04:43:56.816716+00:00,UNRESOLVED,0.0
,,Mercedes-Benz Mobility Services,,Wikidata,https://group.mercedes-benz.com/karriere/ueber-uns/standorte/standort-detailseite-18160.html,2026-09-10T04:43:56.819007+00:00,UNRESOLVED,0.0
,,Gyldendal,350,Wikidata,https://gyldendal.dk,2026-09-10T04:43:56.820870+00:00,UNRESOLVED,0.0
,,Microsoft,228000,Wikidata,https://www.microsoft.com/,2026-09-10T04:43:56.823066+00:00,UNRESOLVED,0.0
,,AvtoVAZ,,Wikidata,http://info.avtovaz.ru/,2026-09-10T04:43:56.825151+00:00,UNRESOLVED,0.0
,,Airbus,156921,Wikidata,https://airbus.com,2026-09-10T04:43:56.826981+00:00,UNRESOLVED,0.0
,,Home Instead Senior Care,,Wikidata,http://www.homeinstead.com/,2026-09-10T04:43:56.828608+00:00,UNRESOLVED,0.0
,,Home Instead Senior Care,,Wikidata,https://homeinstead.de/,2026-09-10T04:43:56.830303+00:00,UNRESOLVED,0.0
,,SAKO,,Wikidata,https://www.sako.global/,2026-09-10T04:43:56.832441+00:00,UNRESOLVED,0.0
,,Piraeus Bank,,Wikidata,https://www.piraeusbank.gr/,2026-09-10T04:43:56.834546+00:00,UNRESOLVED,0.0
,,Amazon,1500000,Wikidata,https://www.amazon.com/,2026-09-10T04:43:56.836407+00:00,UNRESOLVED,0.0
,,Adidas AG,59030,Wikidata,https://www.adidas.com/,2026-09-10T04:43:56.838147+00:00,UNRESOLVED,0.0
,,Facit catalog,,Wikidata,https://www.facit.se/,2026-09-10T04:43:56.840390+00:00,UNRESOLVED,0.0
,,CouchSurfing,,Wikidata,https://www.couchsurfing.com,2026-09-10T04:43:56.842938+00:00,UNRESOLVED,0.0
,,Ursus Breweries,,Wikidata,http://ursus.ro/,2026-09-10T04:43:56.844836+00:00,UNRESOLVED,0.0
,,SABMiller,70000,Wikidata,http://www.sabmiller.com/,2026-09-10T04:43:56.846566+00:00,UNRESOLVED,0.0
,,Yandex,26700,Wikidata,https://yandex.com,2026-09-10T04:43:56.848788+00:00,UNRESOLVED,0.0
,,Hamburger Hochbahn AG,5300,Wikidata,https://www.hochbahn.de/hochbahn/hamburg/de/,2026-09-10T04:43:56.850865+00:00,UNRESOLVED,0.0
,,Dresden Porcelain,20,Wikidata,http://www.dresdner-porzellan.com/,2026-09-10T04:43:56.852822+00:00,UNRESOLVED,0.0
,,The Walt Disney Company,201000,Wikidata,https://thewaltdisneycompany.com/,2026-09-10T04:43:56.854726+00:00,UNRESOLVED,0.0
,,The Walt Disney Company,201000,Wikidata,https://www.disney.com/,2026-09-10T04:43:56.856936+00:00,UNRESOLVED,0.0
,,Oaklandish,,Wikidata,https://oaklandish.com/,2026-09-10T04:43:56.859032+00:00,UNRESOLVED,0.0
,,DNA,1427,Wikidata,http://www.dna.fi/,2026-09-10T04:43:56.860799+00:00,UNRESOLVED,0.0
,,Airbnb,5597,Wikidata,https://www.airbnb.com/,2026-09-10T04:43:57.986314+00:00,UNRESOLVED,0.0
,,Foot Locker,,Wikidata,https://www.footlocker-inc.com,2026-09-10T04:43:57.992523+00:00,UNRESOLVED,0.0
,,Westermo,,Wikidata,https://www.westermo.com,2026-09-10T04:43:57.996822+00:00,UNRESOLVED,0.0
,,Baseball Prospectus,,Wikidata,http://www.baseballprospectus.com/,2026-09-10T04:43:58.001142+00:00,UNRESOLVED,0.0
,,Hasselblad,200,Wikidata,https://www.hasselblad.com/,2026-09-10T04:43:58.004296+00:00,UNRESOLVED,0.0
,,XMOS,,Wikidata,http://www.xmos.com,2026-09-10T04:43:58.007223+00:00,UNRESOLVED,0.0
,,Plansee Group,,Wikidata,http://www.plansee-group.com/,2026-09-10T04:43:58.010033+00:00,UNRESOLVED,0.0
,,Gallup,,Wikidata,https://www.gallup.com/,2026-09-10T04:43:58.012302+00:00,UNRESOLVED,0.0
,,AK Steel Holding,,Wikidata,http://www.aksteel.com/,2026-09-10T04:43:58.014317+00:00,UNRESOLVED,0.0
,,U.S. Steel,85000,Wikidata,http://www.ussteel.com,2026-09-10T04:43:58.016696+00:00,UNRESOLVED,0.0
,,Extreme Championship Wrestling,,Wikidata,http://www.wwe.com/shows/ecw,2026-09-10T04:43:58.019192+00:00,UNRESOLVED,0.0
,,Schwinn Bicycle Company,,Wikidata,http://www.schwinnbikes.com,2026-09-10T04:43:58.021331+00:00,UNRESOLVED,0.0
,,Symrise,,Wikidata,http://www.symrise.com/,2026-09-10T04:43:58.023431+00:00,UNRESOLVED,0.0
,,Stiebel Eltron,2825,Wikidata,http://www.stiebel-eltron.de/,2026-09-10T04:43:58.025621+00:00,UNRESOLVED,0.0
,,Stiebel Eltron,2825,Wikidata,https://www.stiebel-eltron.fr/,2026-09-10T04:43:58.027597+00:00,UNRESOLVED,0.0
,,Kaplan International Languages,,Wikidata,http://www.kaplaninternational.com/,2026-09-10T04:43:58.029394+00:00,UNRESOLVED,0.0
,,Bratislava Stock Exchange,,Wikidata,https://www.bsse.sk,2026-09-10T04:43:58.031266+00:00,UNRESOLVED,0.0
,,Grass Valley K.K.,,Wikidata,https://www.grassvalley.jp/,2026-09-10T04:43:58.033577+00:00,UNRESOLVED,0.0
,,Nordsee,6000,Wikidata,https://www.nordsee.com/,2026-09-10T04:43:58.035847+00:00,UNRESOLVED,0.0
,,Tnuva,6630,Wikidata,http://en.tnuva.co.il/,2026-09-10T04:43:58.037718+00:00,UNRESOLVED,0.0
,,Tnuva,6630,Wikidata,https://www.tnuva.co.il/,2026-09-10T04:43:58.039525+00:00,UNRESOLVED,0.0
,,Fox Sports,,Wikidata,http://www.foxsports.com,2026-09-10T04:43:58.041723+00:00,UNRESOLVED,0.0
,,Hudson's Bay Company,70000,Wikidata,https://www.hbc.com,2026-09-10T04:43:58.043616+00:00,UNRESOLVED,0.0
,,Kings Bay,41,Wikidata,https://kingsbay.no,2026-09-10T04:43:58.045385+00:00,UNRESOLVED,0.0
,,1C Company,1100,Wikidata,http://1c.ru,2026-09-10T04:43:58.047042+00:00,UNRESOLVED,0.0
,,Libyan Foreign Bank,,Wikidata,http://www.lfbank.ly/,2026-09-10T04:43:58.049044+00:00,UNRESOLVED,0.0
,,AMT Coffee,,Wikidata,https://amtcoffee.co.uk/,2026-09-10T04:43:58.051232+00:00,UNRESOLVED,0.0
,,FPT,,Wikidata,http://www.fptindustrial.com/,2026-09-10T04:43:58.053171+00:00,UNRESOLVED,0.0
,,ATFBank,,Wikidata,http://www.atfbank.kz/,2026-09-10T04:43:58.055007+00:00,UNRESOLVED,0.0
,,Ab Etiproducts Oy,,Wikidata,http://www.etimaden.gov.tr,2026-09-10T04:43:58.056814+00:00,UNRESOLVED,0.0
,,Airgas,17000,Wikidata,https://www.airgas.com/,2026-09-10T04:43:58.058891+00:00,UNRESOLVED,0.0
,,DNB Bank,9020,Wikidata,https://www.dnb.no/,2026-09-10T04:43:58.060811+00:00,UNRESOLVED,0.0
,,Hewlett-Packard,48000,Wikidata,https://www.hp.com/,2026-09-10T04:43:58.062558+00:00,UNRESOLVED,0.0
,,Excalibur Almaz,,Wikidata,http://www.excaliburalmaz.com/,2026-09-10T04:43:58.064358+00:00,UNRESOLVED,0.0
,,Istituto Poligrafico e Zecca dello Stato,1833,Wikidata,http://www.ipzs.it/,2026-09-10T04:43:58.066540+00:00,UNRESOLVED,0.0
,,Siemens,320000,Wikidata,https://www.siemens.com/,2026-09-10T04:43:58.068684+00:00,UNRESOLVED,0.0
,,Cambior,,Wikidata,http://www.cambior.com/,2026-09-10T04:43:58.070505+00:00,UNRESOLVED,0.0
,,Continental Barum,4289,Wikidata,http://www.barum-online.com/,2026-09-10T04:43:58.072200+00:00,UNRESOLVED,0.0
,,Fokus Bank,,Wikidata,http://www.danskebank.no/,2026-09-10T04:43:58.074284+00:00,UNRESOLVED,0.0
,,General Motors,164000,Wikidata,https://www.gm.com/,2026-09-10T04:43:58.076692+00:00,UNRESOLVED,0.0
,,Arauco,,Wikidata,https://arauco.com/europe/?r=1,2026-09-10T04:43:58.078984+00:00,UNRESOLVED,0.0
,,Pure,,Wikidata,https://www.pure.com/,2026-09-10T04:43:58.081079+00:00,UNRESOLVED,0.0
,,Aquatica,,Wikidata,http://aquaticabyseaworld.com/en/orlando/,2026-09-10T04:43:58.083107+00:00,UNRESOLVED,0.0
,,Stena Sphere,,Wikidata,https://stenasessan.se,2026-09-10T04:43:58.085406+00:00,UNRESOLVED,0.0
,,Zakłady Azotowe Puławy,,Wikidata,https://pulawy.grupaazoty.com/en/,2026-09-10T04:43:58.087311+00:00,UNRESOLVED,0.0
,,Alkaloid,1105,Wikidata,http://www.alkaloid.com.mk,2026-09-10T04:43:58.089164+00:00,UNRESOLVED,0.0
,,A+E Global Media,,Wikidata,http://www.aenetworks.com,2026-09-10T04:43:58.091182+00:00,UNRESOLVED,0.0
,,Desigual,2700,Wikidata,https://www.desigual.com/,2026-09-10T04:43:58.093130+00:00,UNRESOLVED,0.0
,,Austrian Federal Railways,40265,Wikidata,https://konzern.oebb.at/,2026-09-10T04:43:58.094989+00:00,UNRESOLVED,0.0
,,Austrian Federal Railways,40265,Wikidata,https://www.oebb.at/,2026-09-10T04:43:58.096787+00:00,UNRESOLVED,0.0
,,Ferrovie dello Stato Italiane,,Wikidata,https://www.fsitaliane.it/,2026-09-10T04:43:58.098689+00:00,UNRESOLVED,0.0
,,Ferrovie dello Stato Italiane,,Wikidata,https://fsnews.it/,2026-09-10T04:43:58.100873+00:00,UNRESOLVED,0.0
,,DSB,6866,Wikidata,http://www.dsb.dk,2026-09-10T04:43:58.102868+00:00,UNRESOLVED,0.0
,,Vy,11484,Wikidata,https://www.vy.no,2026-09-10T04:43:58.104557+00:00,UNRESOLVED,0.0
,,Linden Lab,,Wikidata,https://www.lindenlab.com/,2026-09-10T04:43:58.110158+00:00,UNRESOLVED,0.0
,,Stowa,,Wikidata,http://www.stowa.com/,2026-09-10T04:43:58.112282+00:00,UNRESOLVED,0.0
,,Ukrainian Arbitration Association,,Wikidata,http://arbitration.kiev.ua,2026-09-10T04:43:58.114173+00:00,UNRESOLVED,0.0
,,ASRock,190,Wikidata,https://www.asrock.com/,2026-09-10T04:43:58.116272+00:00,UNRESOLVED,0.0
,,Bharti Enterprises,,Wikidata,https://www.bharti.com/,2026-09-10T04:43:58.118297+00:00,UNRESOLVED,0.0
,,Barq's,,Wikidata,https://www.barqs.com/,2026-09-10T04:43:58.120246+00:00,UNRESOLVED,0.0
,,Eckes AG,,Wikidata,http://www.eckes-granini.com,2026-09-10T04:43:58.122022+00:00,UNRESOLVED,0.0
,,Delta Lloyd Group,,Wikidata,http://www.deltalloyd.com,2026-09-10T04:43:58.123962+00:00,UNRESOLVED,0.0
,,Arcandor,,Wikidata,http://www.arcandor.com/,2026-09-10T04:43:58.125894+00:00,UNRESOLVED,0.0
,,ZG Raiffeisen,,Wikidata,https://www.zg-raiffeisen.de,2026-09-10T04:43:58.127641+00:00,UNRESOLVED,0.0
,,Analytik Jena,,Wikidata,http://www.analytik-jena.de/,2026-09-10T04:43:58.129389+00:00,UNRESOLVED,0.0
,,ZKW,,Wikidata,http://www.zkw-group.com/,2026-09-10T04:43:58.131126+00:00,UNRESOLVED,0.0
,,Cph Deutschland,,Wikidata,http://cph-group.com/,2026-09-10T04:43:58.133325+00:00,UNRESOLVED,0.0
,,NOS,1909,Wikidata,https://www.nos.pt/,2026-09-10T04:43:58.135283+00:00,UNRESOLVED,0.0
,,ZTE,69093,Wikidata,https://www.zte.com.cn/,2026-09-10T04:43:58.137091+00:00,UNRESOLVED,0.0
,,Mango,16000,Wikidata,https://www.mango.com/,2026-09-10T04:43:58.139032+00:00,UNRESOLVED,0.0
,,Hochtief,41575,Wikidata,https://www.hochtief.com/,2026-09-10T04:43:58.140998+00:00,UNRESOLVED,0.0
,,Hochtief,41575,Wikidata,https://www.hochtief.de/,2026-09-10T04:43:58.142903+00:00,UNRESOLVED,0.0
,,Mothercare,,Wikidata,https://www.mothercareplc.com,2026-09-10T04:43:58.144607+00:00,UNRESOLVED,0.0
,,Medion,1007,Wikidata,https://www.medion.com/,2026-09-10T04:43:58.146342+00:00,UNRESOLVED,0.0
,,International Lease Finance Corporation,170,Wikidata,http://www.ilfc.com,2026-09-10T04:43:58.148109+00:00,UNRESOLVED,0.0
,,Primark,78000,Wikidata,https://www.primark.com/en-gb,2026-09-10T04:43:58.150557+00:00,UNRESOLVED,0.0
,,Funke Mediengruppe,,Wikidata,http://www.funke-mediengruppe.de,2026-09-10T04:43:58.152690+00:00,UNRESOLVED,0.0
,,Sumitomo Chemical,30745,Wikidata,https://www.sumitomo-chem.co.jp/,2026-09-10T04:43:58.154511+00:00,UNRESOLVED,0.0
,,World Surf League,,Wikidata,http://www.worldsurfleague.com/,2026-09-10T04:43:58.156406+00:00,UNRESOLVED,0.0
,,thyssenkrupp AG,98120,Wikidata,https://www.thyssenkrupp.com/,2026-09-10T04:43:58.158353+00:00,UNRESOLVED,0.0
,,Baume et Mercier,,Wikidata,https://www.baume-et-mercier.com,2026-09-10T04:43:58.160351+00:00,UNRESOLVED,0.0
,,RWE,18246,Wikidata,https://www.rwe.com/en/,2026-09-10T04:43:58.162153+00:00,UNRESOLVED,0.0
,,RWE,18246,Wikidata,https://www.rwe.com/,2026-09-10T04:43:58.163885+00:00,UNRESOLVED,0.0
,,Schoeps,,Wikidata,http://www.schoeps.de,2026-09-10T04:43:58.166342+00:00,UNRESOLVED,0.0
,,QBE Insurance,14000,Wikidata,http://www.qbe.com/,2026-09-10T04:43:58.168418+00:00,UNRESOLVED,0.0
,,Aperam South America,,Wikidata,http://www.aperam.com/brazil/ing/home/,2026-09-10T04:43:58.170219+00:00,UNRESOLVED,0.0
,,Jysk,30000,Wikidata,https://www.jysk.com/,2026-09-10T04:43:58.171965+00:00,UNRESOLVED,0.0
,,Klauser Schuhe,1900,Wikidata,http://www.klauser-schuhe.de/,2026-09-10T04:43:58.173698+00:00,UNRESOLVED,0.0
,,Apple Inc.,164000,Wikidata,https://apple.com/cf/,2026-09-10T04:43:58.270488+00:00,UNRESOLVED,0.0
,,Apple Inc.,164000,Wikidata,https://apple.com/chde/,2026-09-10T04:43:58.276779+00:00,UNRESOLVED,0.0
,,Apple Inc.,164000,Wikidata,https://apple.com/chfr/,2026-09-10T04:43:58.280661+00:00,UNRESOLVED,0.0
,,Apple Inc.,164000,Wikidata,https://apple.com/ci/,2026-09-10T04:43:58.284938+00:00,UNRESOLVED,0.0
,,Apple Inc.,164000,Wikidata,https://apple.com/cl/,2026-09-10T04:43:58.288134+00:00,UNRESOLVED,0.0
,,Apple Inc.,164000,Wikidata,https://apple.com/cm/,2026-09-10T04:43:58.291206+00:00,UNRESOLVED,0.0
,,Apple Inc.,164000,Wikidata,https://apple.com/co/,2026-09-10T04:43:58.293883+00:00,UNRESOLVED,0.0
,,Apple Inc.,164000,Wikidata,https://apple.com/cz/,2026-09-10T04:43:58.296009+00:00,UNRESOLVED,0.0
,,Apple Inc.,164000,Wikidata,https://apple.com/de/,2026-09-10T04:43:58.298142+00:00,UNRESOLVED,0.0
,,Apple Inc.,164000,Wikidata,https://apple.com/dk/,2026-09-10T04:43:58.300900+00:00,UNRESOLVED,0.0
,,Apple Inc.,164000,Wikidata,https://apple.com/ee/,2026-09-10T04:43:58.303285+00:00,UNRESOLVED,0.0
,,Apple Inc.,164000,Wikidata,https://apple.com/eg-ar/,2026-09-10T04:43:58.305319+00:00,UNRESOLVED,0.0
,,Apple Inc.,164000,Wikidata,https://apple.com/eg/,2026-09-10T04:43:58.307364+00:00,UNRESOLVED,0.0
,,Apple Inc.,164000,Wikidata,https://apple.com/es/,2026-09-10T04:43:58.309368+00:00,UNRESOLVED,0.0
,,Apple Inc.,164000,Wikidata,https://apple.com/fr/,2026-09-10T04:43:58.311324+00:00,UNRESOLVED,0.0
,,Apple Inc.,164000,Wikidata,https://apple.com/ge/,2026-09-10T04:43:58.313151+00:00,UNRESOLVED,0.0
,,Apple Inc.,164000,Wikidata,https://apple.com/gn/,2026-09-10T04:43:58.315130+00:00,UNRESOLVED,0.0
,,Apple Inc.,164000,Wikidata,https://apple.com/gq/,2026-09-10T04:43:58.317500+00:00,UNRESOLVED,0.0
,,Apple Inc.,164000,Wikidata,https://apple.com/gr/,2026-09-10T04:43:58.319630+00:00,UNRESOLVED,0.0
,,Apple Inc.,164000,Wikidata,https://apple.com/gw/,2026-09-10T04:43:58.321392+00:00,UNRESOLVED,0.0
,,Apple Inc.,164000,Wikidata,https://apple.com/hk/,2026-09-10T04:43:58.323146+00:00,UNRESOLVED,0.0
,,Apple Inc.,164000,Wikidata,https://apple.com/hk/en/,2026-09-10T04:43:58.325301+00:00,UNRESOLVED,0.0
,,Apple Inc.,164000,Wikidata,https://apple.com/hr/,2026-09-10T04:43:58.327234+00:00,UNRESOLVED,0.0
,,Apple Inc.,164000,Wikidata,https://apple.com/hu/,2026-09-10T04:43:58.329041+00:00,UNRESOLVED,0.0
,,Apple Inc.,164000,Wikidata,https://apple.com/id/,2026-09-10T04:43:58.330876+00:00,UNRESOLVED,0.0
,,Apple Inc.,164000,Wikidata,https://apple.com/ie/,2026-09-10T04:43:58.332952+00:00,UNRESOLVED,0.0
,,Apple Inc.,164000,Wikidata,https://apple.com/il/,2026-09-10T04:43:58.335046+00:00,UNRESOLVED,0.0
,,Apple Inc.,164000,Wikidata,https://apple.com/in/,2026-09-10T04:43:58.336931+00:00,UNRESOLVED,0.0
,,Apple Inc.,164000,Wikidata,https://apple.com/it/,2026-09-10T04:43:58.338729+00:00,UNRESOLVED,0.0
,,Apple Inc.,164000,Wikidata,https://apple.com/jo-ar/,2026-09-10T04:43:58.340544+00:00,UNRESOLVED,0.0
,,Apple Inc.,164000,Wikidata,https://apple.com/jo/,2026-09-10T04:43:58.342424+00:00,UNRESOLVED,0.0
,,Apple Inc.,164000,Wikidata,https://apple.com/jp/,2026-09-10T04:43:58.344294+00:00,UNRESOLVED,0.0
,,Apple Inc.,164000,Wikidata,https://apple.com/ke/,2026-09-10T04:43:58.345991+00:00,UNRESOLVED,0.0
,,Apple Inc.,164000,Wikidata,https://apple.com/kg/,2026-09-10T04:43:58.347708+00:00,UNRESOLVED,0.0
,,Apple Inc.,164000,Wikidata,https://apple.com/kr/,2026-09-10T04:43:58.349946+00:00,UNRESOLVED,0.0
,,Apple Inc.,164000,Wikidata,https://apple.com/kw-ar/,2026-09-10T04:43:58.351986+00:00,UNRESOLVED,0.0
,,Apple Inc.,164000,Wikidata,https://apple.com/kw/,2026-09-10T04:43:58.353802+00:00,UNRESOLVED,0.0
,,Apple Inc.,164000,Wikidata,https://apple.com/kz/,2026-09-10T04:43:58.355524+00:00,UNRESOLVED,0.0
,,Apple Inc.,164000,Wikidata,https://apple.com/la/,2026-09-10T04:43:58.357515+00:00,UNRESOLVED,0.0
,,Apple Inc.,164000,Wikidata,https://apple.com/lae/,2026-09-10T04:43:58.359449+00:00,UNRESOLVED,0.0
,,Apple Inc.,164000,Wikidata,https://apple.com/li/,2026-09-10T04:43:58.361290+00:00,UNRESOLVED,0.0
,,Apple Inc.,164000,Wikidata,https://apple.com/lt/,2026-09-10T04:43:58.363055+00:00,UNRESOLVED,0.0
,,Apple Inc.,164000,Wikidata,https://apple.com/lu/,2026-09-10T04:43:58.364693+00:00,UNRESOLVED,0.0
,,Apple Inc.,164000,Wikidata,https://apple.com/lv/,2026-09-10T04:43:58.366906+00:00,UNRESOLVED,0.0
,,Apple Inc.,164000,Wikidata,https://apple.com/ma/,2026-09-10T04:43:58.368994+00:00,UNRESOLVED,0.0
,,Apple Inc.,164000,Wikidata,https://apple.com/md/,2026-09-10T04:43:58.370881+00:00,UNRESOLVED,0.0
,,Apple Inc.,164000,Wikidata,https://apple.com/me/,2026-09-10T04:43:58.372852+00:00,UNRESOLVED,0.0
,,Apple Inc.,164000,Wikidata,https://apple.com/mg/,2026-09-10T04:43:58.375212+00:00,UNRESOLVED,0.0
,,Apple Inc.,164000,Wikidata,https://apple.com/mk/,2026-09-10T04:43:58.377045+00:00,UNRESOLVED,0.0
,,Apple Inc.,164000,Wikidata,https://apple.com/ml/,2026-09-10T04:43:58.378683+00:00,UNRESOLVED,0.0
,,Apple Inc.,164000,Wikidata,https://apple.com/mo/,2026-09-10T04:43:58.380365+00:00,UNRESOLVED,0.0
,,Apple Inc.,164000,Wikidata,https://apple.com/mt/,2026-09-10T04:43:58.382350+00:00,UNRESOLVED,0.0
,,Apple Inc.,164000,Wikidata,https://apple.com/mu/,2026-09-10T04:43:58.384508+00:00,UNRESOLVED,0.0
,,Apple Inc.,164000,Wikidata,https://apple.com/mx/,2026-09-10T04:43:58.386389+00:00,UNRESOLVED,0.0
,,Apple Inc.,164000,Wikidata,https://apple.com/my/,2026-09-10T04:43:58.388154+00:00,UNRESOLVED,0.0
,,Apple Inc.,164000,Wikidata,https://apple.com/mz/,2026-09-10T04:43:58.390056+00:00,UNRESOLVED,0.0
,,Apple Inc.,164000,Wikidata,https://apple.com/ne/,2026-09-10T04:43:58.392068+00:00,UNRESOLVED,0.0
,,Apple Inc.,164000,Wikidata,https://apple.com/ng/,2026-09-10T04:43:58.393816+00:00,UNRESOLVED,0.0
,,Apple Inc.,164000,Wikidata,https://apple.com/nl/,2026-09-10T04:43:58.395519+00:00,UNRESOLVED,0.0
,,Apple Inc.,164000,Wikidata,https://apple.com/no/,2026-09-10T04:43:58.397341+00:00,UNRESOLVED,0.0
,,Apple Inc.,164000,Wikidata,https://apple.com/nz/,2026-09-10T04:43:58.399064+00:00,UNRESOLVED,0.0
,,Apple Inc.,164000,Wikidata,https://apple.com/om-ar/,2026-09-10T04:43:58.401321+00:00,UNRESOLVED,0.0
,,Apple Inc.,164000,Wikidata,https://apple.com/om/,2026-09-10T04:43:58.403363+00:00,UNRESOLVED,0.0
,,Apple Inc.,164000,Wikidata,https://apple.com/ph/,2026-09-10T04:43:58.405122+00:00,UNRESOLVED,0.0
,,Apple Inc.,164000,Wikidata,https://apple.com/pl/,2026-09-10T04:43:58.406973+00:00,UNRESOLVED,0.0
,,Apple Inc.,164000,Wikidata,https://apple.com/pt/,2026-09-10T04:43:58.409017+00:00,UNRESOLVED,0.0
,,Apple Inc.,164000,Wikidata,https://apple.com/qa-ar/,2026-09-10T04:43:58.410807+00:00,UNRESOLVED,0.0
,,Apple Inc.,164000,Wikidata,https://apple.com/qa/,2026-09-10T04:43:58.412588+00:00,UNRESOLVED,0.0
,,Apple Inc.,164000,Wikidata,https://apple.com/ro/,2026-09-10T04:43:58.414405+00:00,UNRESOLVED,0.0
,,Apple Inc.,164000,Wikidata,https://apple.com/ru/,2026-09-10T04:43:58.416248+00:00,UNRESOLVED,0.0
,,Apple Inc.,164000,Wikidata,https://apple.com/sa-ar/,2026-09-10T04:43:58.418553+00:00,UNRESOLVED,0.0
,,Apple Inc.,164000,Wikidata,https://apple.com/sa/,2026-09-10T04:43:58.420366+00:00,UNRESOLVED,0.0
,,Apple Inc.,164000,Wikidata,https://apple.com/se/,2026-09-10T04:43:58.422124+00:00,UNRESOLVED,0.0
,,Apple Inc.,164000,Wikidata,https://apple.com/sg/,2026-09-10T04:43:58.424056+00:00,UNRESOLVED,0.0
,,Apple Inc.,164000,Wikidata,https://apple.com/si/,2026-09-10T04:43:58.425956+00:00,UNRESOLVED,0.0
,,Apple Inc.,164000,Wikidata,https://apple.com/sk/,2026-09-10T04:43:58.427727+00:00,UNRESOLVED,0.0
,,Apple Inc.,164000,Wikidata,https://apple.com/sn/,2026-09-10T04:43:58.429508+00:00,UNRESOLVED,0.0
,,Apple Inc.,164000,Wikidata,https://apple.com/th/,2026-09-10T04:43:58.431208+00:00,UNRESOLVED,0.0
,,Apple Inc.,164000,Wikidata,https://apple.com/tj/,2026-09-10T04:43:58.433413+00:00,UNRESOLVED,0.0
,,Apple Inc.,164000,Wikidata,https://apple.com/tm/,2026-09-10T04:43:58.435517+00:00,UNRESOLVED,0.0
,,Škoda Auto,34006,Wikidata,https://www.skoda-auto.com/,2026-09-10T04:43:58.437410+00:00,UNRESOLVED,0.0
,,Isuzu,8111,Wikidata,https://www.isuzu.co.jp/world/,2026-09-10T04:43:58.439169+00:00,UNRESOLVED,0.0
,,Cage Warriors,,Wikidata,https://www.cagewarriors.com/,2026-09-10T04:43:58.441044+00:00,UNRESOLVED,0.0
,,Jeep,,Wikidata,https://www.jeep.com/,2026-09-10T04:43:58.442841+00:00,UNRESOLVED,0.0
,,Kaipan,,Wikidata,https://www.kaipan.cz/,2026-09-10T04:43:58.444588+00:00,UNRESOLVED,0.0
,,Kamaz,,Wikidata,https://kamaz.ru/,2026-09-10T04:43:58.446305+00:00,UNRESOLVED,0.0
,,Kamaz,,Wikidata,https://kamaz.ru/en/,2026-09-10T04:43:58.448016+00:00,UNRESOLVED,0.0
,,Dell,165000,Wikidata,https://www.dell.com/,2026-09-10T04:43:58.450164+00:00,UNRESOLVED,0.0
,,GE Energy,,Wikidata,http://www.ge-energy.com,2026-09-10T04:43:58.452205+00:00,UNRESOLVED,0.0
,,MWM Studios,,Wikidata,http://www.oddlotentertainment.com/Ent/About/About.asp,2026-09-10T04:43:58.454099+00:00,UNRESOLVED,0.0
,,Virgin Atlantic,8875,Wikidata,https://www.virginatlantic.com/,2026-09-10T04:43:58.455899+00:00,UNRESOLVED,0.0
,,MPL Communications,,Wikidata,https://www.mplcommunications.com,2026-09-10T04:43:58.457881+00:00,UNRESOLVED,0.0
,,Saint-Gobain Building Distribution Germany,5500,Wikidata,https://www.sgbd-deutschland.de/,2026-09-10T04:43:58.459878+00:00,UNRESOLVED,0.0
,,Lite-On Technology,,Wikidata,https://www.liteon.com,2026-09-10T04:43:58.461691+00:00,UNRESOLVED,0.0
,,Karosa,,Wikidata,http://www.karosa.cz,2026-09-10T04:43:58.463384+00:00,UNRESOLVED,0.0
,,WWE,,Wikidata,https://www.wwe.com/,2026-09-10T04:43:58.465325+00:00,UNRESOLVED,0.0
,,Kia,,Wikidata,https://kia.com,2026-09-10T04:43:58.467513+00:00,UNRESOLVED,0.0
,,AT&T,202600,Wikidata,https://www.att.com,2026-09-10T04:43:58.469505+00:00,UNRESOLVED,0.0
,,Koenigsegg,400,Wikidata,https://koenigsegg.com,2026-09-10T04:43:58.471250+00:00,UNRESOLVED,0.0
,,Lamborghini,1779,Wikidata,https://www.lamborghini.com/en-en,2026-09-10T04:43:58.473050+00:00,UNRESOLVED,0.0
,,Reliance Infrastructure,8988,Wikidata,https://www.rinfra.com/,2026-09-10T04:43:59.077413+00:00,UNRESOLVED,0.0
,,Associated British Foods,102000,Wikidata,http://abf.co.uk,2026-09-10T04:43:59.083731+00:00,UNRESOLVED,0.0
,,"China Ocean Shipping Co., Ltd.",,Wikidata,https://lines.coscoshipping.com/home/,2026-09-10T04:43:59.087560+00:00,UNRESOLVED,0.0
,,Atomic Skis,600,Wikidata,https://www.atomic.com/,2026-09-10T04:43:59.090433+00:00,UNRESOLVED,0.0
,,NamWater,,Wikidata,http://www.namwater.com.na,2026-09-10T04:43:59.093388+00:00,UNRESOLVED,0.0
,,Carphone Warehouse,,Wikidata,https://www.carphonewarehouse.com/,2026-09-10T04:43:59.095809+00:00,UNRESOLVED,0.0
,,Lancia,,Wikidata,https://www.lancia.com/,2026-09-10T04:43:59.101907+00:00,UNRESOLVED,0.0
,,LIAZ,3390,Wikidata,http://www.liaz.cz/,2026-09-10T04:43:59.104542+00:00,UNRESOLVED,0.0
,,Maserati,,Wikidata,https://www.maserati.com/,2026-09-10T04:43:59.106873+00:00,UNRESOLVED,0.0
,,Mercedes-Benz,,Wikidata,https://www.mercedes-benz.com/en/,2026-09-10T04:43:59.109044+00:00,UNRESOLVED,0.0
,,IBM,352600,Wikidata,https://www.ibm.com/,2026-09-10T04:43:59.111041+00:00,UNRESOLVED,0.0
,,IBM Global Services,,Wikidata,http://www-05.ibm.com/employment/fr,2026-09-10T04:43:59.112943+00:00,UNRESOLVED,0.0
,,McDonald's,200000,Wikidata,https://www.mcdonalds.com,2026-09-10T04:43:59.114807+00:00,UNRESOLVED,0.0
,,Agnico Eagle Mines,,Wikidata,http://www.agnico-eagle.com/,2026-09-10T04:43:59.117335+00:00,UNRESOLVED,0.0
,,PNC Financial Services,52906,Wikidata,https://www.pnc.com/,2026-09-10T04:43:59.122443+00:00,UNRESOLVED,0.0
,,Atmosphere Visual Effects,,Wikidata,http://www.atmosphere-vfx.com,2026-09-10T04:44:00.891640+00:00,UNRESOLVED,0.0
,,Image Engine,,Wikidata,http://www.image-engine.com,2026-09-10T04:44:00.894893+00:00,UNRESOLVED,0.0
,,Pan Am,,Wikidata,http://www.panam.org,2026-09-10T04:44:00.897257+00:00,UNRESOLVED,0.0
,,International Airlines Group,71000,Wikidata,https://www.iairgroup.com,2026-09-10T04:44:00.905877+00:00,UNRESOLVED,0.0
,,Oneworld,,Wikidata,https://www.oneworld.com/,2026-09-10T04:44:00.908688+00:00,UNRESOLVED,0.0
,,Boeing Commercial Airplanes,,Wikidata,http://www.boeing.com/commercial,2026-09-10T04:44:00.912697+00:00,UNRESOLVED,0.0
,,Deutsche Telekom,199652,Wikidata,https://www.telekom.com/,2026-09-10T04:44:00.932038+00:00,UNRESOLVED,0.0
,,BASF,111991,Wikidata,https://www.basf.com,2026-09-10T04:44:00.934864+00:00,UNRESOLVED,0.0
,,Arri,1161,Wikidata,https://www.arri.com/en,2026-09-10T04:44:00.937435+00:00,UNRESOLVED,0.0
,,Panavision,1200,Wikidata,https://www.panavision.com,2026-09-10T04:44:00.939666+00:00,UNRESOLVED,0.0
,,Panavision,1200,Wikidata,https://en-gb.panavision.com,2026-09-10T04:44:00.941931+00:00,UNRESOLVED,0.0
,,Panavision,1200,Wikidata,https://fr.panavision.com,2026-09-10T04:44:00.943884+00:00,UNRESOLVED,0.0
,,Panavision,1200,Wikidata,https://cs.panavision.com,2026-09-10T04:44:00.945772+00:00,UNRESOLVED,0.0
,,VMware,24200,Wikidata,https://www.vmware.com/,2026-09-10T04:44:00.947738+00:00,UNRESOLVED,0.0
,,Adobe,25988,Wikidata,https://www.adobe.com/,2026-09-10T04:44:00.950002+00:00,UNRESOLVED,0.0
,,Starobrno Brewery,,Wikidata,http://www.starobrno.com,2026-09-10T04:44:00.952033+00:00,UNRESOLVED,0.0
,,Starobrno Brewery,,Wikidata,https://www.starobrno.cz,2026-09-10T04:44:00.953919+00:00,UNRESOLVED,0.0
,,NYSE Euronext Liffe,,Wikidata,http://www.nyx.com/,2026-09-10T04:44:00.955651+00:00,UNRESOLVED,0.0
,,Room to Read,,Wikidata,http://www.roomtoread.org,2026-09-10T04:44:00.957477+00:00,UNRESOLVED,0.0
,,Bloomberg L.P.,20000,Wikidata,https://www.bloomberg.com/,2026-09-10T04:44:00.959366+00:00,UNRESOLVED,0.0
,,Sun Microsystems,34600,Wikidata,https://www.sun.com/,2026-09-10T04:44:00.961171+00:00,UNRESOLVED,0.0
,,Baidu,31000,Wikidata,https://www.baidu.com/,2026-09-10T04:44:00.962888+00:00,UNRESOLVED,0.0
,,Lenovo,77000,Wikidata,https://www.lenovo.com/,2026-09-10T04:44:00.964588+00:00,UNRESOLVED,0.0
,,Hutchison Whampoa,,Wikidata,http://www.hutchison-whampoa.com/,2026-09-10T04:44:00.966681+00:00,UNRESOLVED,0.0
,,Lonely Planet,400,Wikidata,https://www.lonelyplanet.com/,2026-09-10T04:44:00.968836+00:00,UNRESOLVED,0.0
,,Maersk,80220,Wikidata,https://www.maersk.com/,2026-09-10T04:44:00.970671+00:00,UNRESOLVED,0.0
,,Major League Soccer,,Wikidata,https://www.mlssoccer.com,2026-09-10T04:44:00.972450+00:00,UNRESOLVED,0.0
,,Dixons Retail,38000,Wikidata,http://www.dsgiplc.com/,2026-09-10T04:44:00.974378+00:00,UNRESOLVED,0.0
,,Oracle Corporation,162000,Wikidata,https://www.oracle.com/,2026-09-10T04:44:00.976239+00:00,UNRESOLVED,0.0
,,Samsung Electronics,109541,Wikidata,https://samsung.com/,2026-09-10T04:44:00.978042+00:00,UNRESOLVED,0.0
,,Samsung Electronics,109541,Wikidata,https://www.samsungsales.co.kr,2026-09-10T04:44:00.979756+00:00,UNRESOLVED,0.0
,,Bitly,,Wikidata,https://bitly.com/,2026-09-10T04:44:00.981524+00:00,UNRESOLVED,0.0
,,Audi AG,84435,Wikidata,https://www.audi.co.za/,2026-09-10T04:44:00.983720+00:00,UNRESOLVED,0.0
,,Audi AG,84435,Wikidata,https://www.audi.com,2026-09-10T04:44:00.985812+00:00,UNRESOLVED,0.0
,,Audi AG,84435,Wikidata,https://www.audi.de/,2026-09-10T04:44:00.987728+00:00,UNRESOLVED,0.0
,,Audi AG,84435,Wikidata,https://www.audi.fr/,2026-09-10T04:44:00.989576+00:00,UNRESOLVED,0.0
,,Kuala Lumpur Kepong Berhad,,Wikidata,http://www.klk.com.my/,2026-09-10T04:44:00.991523+00:00,UNRESOLVED,0.0
,,Star One,,Wikidata,https://www.embratel.com.br/,2026-09-10T04:44:00.993441+00:00,UNRESOLVED,0.0
,,Swingline,,Wikidata,https://www.swingline.com/,2026-09-10T04:44:00.995320+00:00,UNRESOLVED,0.0
,,Affiliated Managers Group,,Wikidata,http://www.amg.com/,2026-09-10T04:44:00.997142+00:00,UNRESOLVED,0.0
,,AGL Resources,,Wikidata,https://www.aglresources.com/,2026-09-10T04:44:00.999191+00:00,UNRESOLVED,0.0
,,Memorex,,Wikidata,https://memorex.com,2026-09-10T04:44:01.001373+00:00,UNRESOLVED,0.0
,,Hopson Development,7001,Wikidata,http://www.hopson.com.cn/,2026-09-10T04:44:01.003261+00:00,UNRESOLVED,0.0
,,Aetna,47950,Wikidata,https://www.aetna.com/,2026-09-10T04:44:01.005089+00:00,UNRESOLVED,0.0
,,Uniqlo,20853,Wikidata,https://www.uniqlo.com/,2026-09-10T04:44:01.006953+00:00,UNRESOLVED,0.0
,,Agricultural Bank of China,503082,Wikidata,https://www.abchina.com,2026-09-10T04:44:01.009074+00:00,UNRESOLVED,0.0
,,Aflac,12003,Wikidata,https://www.aflac.com,2026-09-10T04:44:01.010909+00:00,UNRESOLVED,0.0
,,Industrial and Commercial Bank of China,439787,Wikidata,https://www.icbc.com.cn,2026-09-10T04:44:01.012724+00:00,UNRESOLVED,0.0
,,Industrial and Commercial Bank of China,439787,Wikidata,https://www.icbc.com.cn/ICBC/en/,2026-09-10T04:44:01.014575+00:00,UNRESOLVED,0.0
,,Outokumpu,,Wikidata,https://www.outokumpu.com,2026-09-10T04:44:01.016745+00:00,UNRESOLVED,0.0
,,Abarth,,Wikidata,https://www.abarth.com/,2026-09-10T04:44:01.018728+00:00,UNRESOLVED,0.0
,,Alfa Romeo,,Wikidata,https://www.alfaromeo.com/,2026-09-10T04:44:01.020608+00:00,UNRESOLVED,0.0
,,Mercedes-AMG,1500,Wikidata,http://www.mercedes-amg.com/,2026-09-10T04:44:01.022347+00:00,UNRESOLVED,0.0
,,Infosys limited,200364,Wikidata,http://www.infosys.com/jp,2026-09-10T04:44:01.024316+00:00,UNRESOLVED,0.0
,,Infosys limited,200364,Wikidata,https://www.infosys.com/,2026-09-10T04:44:01.026261+00:00,UNRESOLVED,0.0
,,Gogo Inflight Internet,,Wikidata,http://www.gogoair.com/,2026-09-10T04:44:01.028072+00:00,UNRESOLVED,0.0
,,Aston Martin Lagonda,3000,Wikidata,https://www.astonmartinlagonda.com/,2026-09-10T04:44:01.029898+00:00,UNRESOLVED,0.0
,,Avia,,Wikidata,http://www.avia.cz/,2026-09-10T04:44:01.031860+00:00,UNRESOLVED,0.0
,,Dong Woo Animation,,Wikidata,http://anidong.com/,2026-09-10T04:44:01.034166+00:00,UNRESOLVED,0.0
,,SGL Carbon SE,4193,Wikidata,https://www.sglcarbon.com/,2026-09-10T04:44:01.983620+00:00,UNRESOLVED,0.0
,,Ibanez,,Wikidata,https://www.ibanez.com/,2026-09-10T04:44:01.989965+00:00,UNRESOLVED,0.0
,,GEA Westfalia Separator,,Wikidata,http://www.westfalia-separator.com/de/start.html,2026-09-10T04:44:01.994186+00:00,UNRESOLVED,0.0
,,Maurer Söhne,484,Wikidata,http://www.maurer-soehne.com/,2026-09-10T04:44:01.998128+00:00,UNRESOLVED,0.0
,,Franz Haniel & Cie.,20295,Wikidata,http://www.haniel.com,2026-09-10T04:44:02.001465+00:00,UNRESOLVED,0.0
,,Pioneer Investments,,Wikidata,http://www.pioneerinvestments.com/,2026-09-10T04:44:02.005097+00:00,UNRESOLVED,0.0
,,Semikron,3000,Wikidata,https://www.semikron-danfoss.com/,2026-09-10T04:44:02.007948+00:00,UNRESOLVED,0.0
,,Trilux,,Wikidata,http://www.trilux.com,2026-09-10T04:44:02.010483+00:00,UNRESOLVED,0.0
,,Abieta Chemie,,Wikidata,http://www.abieta.de/,2026-09-10T04:44:02.012676+00:00,UNRESOLVED,0.0
,,SEW Eurodrive,,Wikidata,http://www.sew-eurodrive.de/,2026-09-10T04:44:02.014772+00:00,UNRESOLVED,0.0
,,Neptun Werft,,Wikidata,http://www.neptunwerft.de,2026-09-10T04:44:02.016996+00:00,UNRESOLVED,0.0
,,Northern & Shell,,Wikidata,https://www.northernandshell.co.uk/,2026-09-10T04:44:02.019499+00:00,UNRESOLVED,0.0
,,Eheim,,Wikidata,http://www.eheim.com/,2026-09-10T04:44:02.021702+00:00,UNRESOLVED,0.0
,,Pascha,,Wikidata,https://www.pascha.de/,2026-09-10T04:44:02.023799+00:00,UNRESOLVED,0.0
,,Daewoo,320000,Wikidata,https://web.archive.org/web/19990208003956/http://daewoo.com,2026-09-10T04:44:02.025953+00:00,UNRESOLVED,0.0
,,Körber,,Wikidata,https://www.koerber.com,2026-09-10T04:44:02.027905+00:00,UNRESOLVED,0.0
,,Babcock Borsig Service,,Wikidata,http://www.bbs.bilfinger.com,2026-09-10T04:44:02.029809+00:00,UNRESOLVED,0.0
,,Eaton Industries,8600,Wikidata,http://www.eaton.de,2026-09-10T04:44:02.032107+00:00,UNRESOLVED,0.0
,,Eaton Industries,8600,Wikidata,http://www.moeller.net,2026-09-10T04:44:02.034205+00:00,UNRESOLVED,0.0
,,VAUDE,1600,Wikidata,https://www.vaude.com,2026-09-10T04:44:02.036481+00:00,UNRESOLVED,0.0
,,Level 3 Communications,,Wikidata,http://www.level3.com,2026-09-10T04:44:02.038424+00:00,UNRESOLVED,0.0
,,Klöckner & Co SE,,Wikidata,http://www.kloeckner.com/en/,2026-09-10T04:44:02.040229+00:00,UNRESOLVED,0.0
,,Ableton,,Wikidata,https://www.ableton.com/,2026-09-10T04:44:02.042313+00:00,UNRESOLVED,0.0
,,United Internet,,Wikidata,http://united-internet.de/,2026-09-10T04:44:02.044209+00:00,UNRESOLVED,0.0
,,United Internet,,Wikidata,http://www.united-internet.com,2026-09-10T04:44:02.045993+00:00,UNRESOLVED,0.0
,,Seiko,,Wikidata,https://www.seiko.co.jp/,2026-09-10T04:44:02.047826+00:00,UNRESOLVED,0.0
,,MBDA Deutschland GmbH,,Wikidata,http://www.mbda-deutschland.de/,2026-09-10T04:44:02.049758+00:00,UNRESOLVED,0.0
,,Metzeler,,Wikidata,https://www.metzeler.com,2026-09-10T04:44:02.051904+00:00,UNRESOLVED,0.0
,,Nokia Networks,,Wikidata,https://www.nokia.com/networks/,2026-09-10T04:44:02.054009+00:00,UNRESOLVED,0.0
,,Stäubli,,Wikidata,https://www.staubli.com/,2026-09-10T04:44:02.055746+00:00,UNRESOLVED,0.0
,,Garanti BBVA,209,Wikidata,https://www.garantibbva.com.tr/,2026-09-10T04:44:02.057734+00:00,UNRESOLVED,0.0
,,Deuter Sport,86,Wikidata,http://www.deuter.com/,2026-09-10T04:44:02.059586+00:00,UNRESOLVED,0.0
,,DHL Aviation,,Wikidata,https://aviationcargo.dhl.com/,2026-09-10T04:44:02.061428+00:00,UNRESOLVED,0.0
,,Pilz,,Wikidata,https://www.pilz.com,2026-09-10T04:44:02.063182+00:00,UNRESOLVED,0.0
,,Sektenmuzik,,Wikidata,http://www.sektenmuzik.net/,2026-09-10T04:44:02.064949+00:00,UNRESOLVED,0.0
,,DYWIDAG Systems International,,Wikidata,https://www.dywidag-systems.fr/,2026-09-10T04:44:02.066851+00:00,UNRESOLVED,0.0
,,Carl Sauter Pianofortemanufaktur,,Wikidata,http://www.sauter-pianos.de/de,2026-09-10T04:44:02.069092+00:00,UNRESOLVED,0.0
,,Wacker Neuson SE,,Wikidata,http://www.wackerneuson.com,2026-09-10T04:44:02.071010+00:00,UNRESOLVED,0.0
,,Habermaass,1900,Wikidata,https://www.haba.de/,2026-09-10T04:44:02.072808+00:00,UNRESOLVED,0.0
,,LaserSoft Imaging,,Wikidata,http://www.silverfast.com/show/lasersoftimaging/en.html,2026-09-10T04:44:02.074894+00:00,UNRESOLVED,0.0
,,Volkswind,,Wikidata,https://volkswind.de,2026-09-10T04:44:02.076802+00:00,UNRESOLVED,0.0
,,Hays plc,,Wikidata,https://www.hays.com,2026-09-10T04:44:02.078660+00:00,UNRESOLVED,0.0
,,Harsco Infrastructure Deutschland GmbH,,Wikidata,http://www.harsco-i.de/,2026-09-10T04:44:02.080370+00:00,UNRESOLVED,0.0
,,Benelli Armi,,Wikidata,https://benelli.it/,2026-09-10T04:44:02.082300+00:00,UNRESOLVED,0.0
,,Motoman,,Wikidata,http://www.motoman.com/,2026-09-10T04:44:02.085143+00:00,UNRESOLVED,0.0
,,Severin Elektro,,Wikidata,https://severin.com,2026-09-10T04:44:02.087602+00:00,UNRESOLVED,0.0
,,Severin Elektro,,Wikidata,https://www.severin.se,2026-09-10T04:44:02.089886+00:00,UNRESOLVED,0.0
,,Glen Dimplex,,Wikidata,http://www.glendimplex.com/,2026-09-10T04:44:02.092082+00:00,UNRESOLVED,0.0
,,Compaq,,Wikidata,https://www.compaq.com/,2026-09-10T04:44:02.093874+00:00,UNRESOLVED,0.0
,,Ingram Micro,,Wikidata,http://www.ingrammicro.com/,2026-09-10T04:44:02.095652+00:00,UNRESOLVED,0.0
,,Omegle,,Wikidata,https://www-omegle.com,2026-09-10T04:44:02.097427+00:00,UNRESOLVED,0.0
,,Toni & Guy,,Wikidata,https://variahairstudio.com/,2026-09-10T04:44:02.099284+00:00,UNRESOLVED,0.0
,,magnussoft,,Wikidata,http://www.magnussoft.com/,2026-09-10T04:44:02.101448+00:00,UNRESOLVED,0.0
,,Transcend Information,,Wikidata,http://de.transcend-info.com,2026-09-10T04:44:02.103380+00:00,UNRESOLVED,0.0
,,Transcend Information,,Wikidata,https://fr.transcend-info.com/,2026-09-10T04:44:02.105163+00:00,UNRESOLVED,0.0
,,Transcend Information,,Wikidata,https://us.transcend-info.com/,2026-09-10T04:44:02.106966+00:00,UNRESOLVED,0.0
,,Dow Corning,,Wikidata,http://www.dowcorning.com/,2026-09-10T04:44:02.109063+00:00,UNRESOLVED,0.0
,,Phone House,,Wikidata,https://www.phonehouse.es/,2026-09-10T04:44:02.110949+00:00,UNRESOLVED,0.0
,,Línea Directa Aseguradora,,Wikidata,https://www.lineadirecta.com,2026-09-10T04:44:02.112842+00:00,UNRESOLVED,0.0
,,Schlaich Bergermann Partner,,Wikidata,http://www.sbp.de,2026-09-10T04:44:02.114582+00:00,UNRESOLVED,0.0
,,Chronoswiss,,Wikidata,http://www.chronoswiss.com/,2026-09-10T04:44:02.116455+00:00,UNRESOLVED,0.0
,,Telefunken,,Wikidata,http://www.telefunken.com/,2026-09-10T04:44:02.118624+00:00,UNRESOLVED,0.0
,,Acme Markets,,Wikidata,https://www.acmemarkets.com/,2026-09-10T04:44:02.120594+00:00,UNRESOLVED,0.0
,,Đuro Đaković,992,Wikidata,https://duro-dakovic.com/,2026-09-10T04:44:02.122351+00:00,UNRESOLVED,0.0
,,Đuro Đaković,992,Wikidata,https://duro-dakovic.com/en/,2026-09-10T04:44:02.124361+00:00,UNRESOLVED,0.0
,,Acorn Computers,,Wikidata,http://www.acorncomputers.com/,2026-09-10T04:44:02.126328+00:00,UNRESOLVED,0.0
,,Acronis,2000,Wikidata,https://www.acronis.com/,2026-09-10T04:44:02.128201+00:00,UNRESOLVED,0.0
,,ROMI S.A.,,Wikidata,http://www.romi.com/,2026-09-10T04:44:02.129970+00:00,UNRESOLVED,0.0
,,Actavis,,Wikidata,http://www.actavis.com/,2026-09-10T04:44:02.131836+00:00,UNRESOLVED,0.0
,,Actebis,,Wikidata,http://www.also.de/,2026-09-10T04:44:02.133774+00:00,UNRESOLVED,0.0
,,Actelion,,Wikidata,http://www.actelion.com/,2026-09-10T04:44:02.135918+00:00,UNRESOLVED,0.0
,,Active Power,,Wikidata,http://www.activepower.com/,2026-09-10T04:44:02.137788+00:00,UNRESOLVED,0.0
,,Activision Blizzard,9000,Wikidata,https://www.activisionblizzard.com/,2026-09-10T04:44:02.139826+00:00,UNRESOLVED,0.0
,,Actual,390,Wikidata,http://www.actual.at/unternehmen/,2026-09-10T04:44:02.141869+00:00,UNRESOLVED,0.0
,,Acushnet Company,,Wikidata,http://www.acushnet.com/,2026-09-10T04:44:02.143713+00:00,UNRESOLVED,0.0
,,Acxiom,,Wikidata,http://www.acxiom.com/,2026-09-10T04:44:02.145469+00:00,UNRESOLVED,0.0
,,Ad pepper media,,Wikidata,http://www.adpepper.com/,2026-09-10T04:44:02.147166+00:00,UNRESOLVED,0.0
,,Adam Aircraft Industries,,Wikidata,http://www.adamaircraft.com/,2026-09-10T04:44:02.152506+00:00,UNRESOLVED,0.0
,,Hachette,,Wikidata,https://www.hachette.fr/,2026-09-10T04:44:02.154716+00:00,UNRESOLVED,0.0
,,Hachette,,Wikidata,http://www.hachette.com,2026-09-10T04:44:02.156629+00:00,UNRESOLVED,0.0
,,Adam Motor Company,,Wikidata,http://www.adammotor.com/,2026-09-10T04:44:02.158746+00:00,UNRESOLVED,0.0
,,Thorens,,Wikidata,http://www.thorens.com/,2026-09-10T04:44:02.160538+00:00,UNRESOLVED,0.0
,,Adaptec,1470,Wikidata,http://www.adaptec.com,2026-09-10T04:44:02.162404+00:00,UNRESOLVED,0.0
,,ADATA,,Wikidata,https://www.adata.com/,2026-09-10T04:44:02.164256+00:00,UNRESOLVED,0.0
,,AddThis,,Wikidata,http://www.addthis.com/,2026-09-10T04:44:02.166152+00:00,UNRESOLVED,0.0
,,GMX,,Wikidata,https://www.gmx.com/,2026-09-10T04:44:02.168387+00:00,UNRESOLVED,0.0
,,GMX,,Wikidata,https://www.gmx.es/,2026-09-10T04:44:02.170353+00:00,UNRESOLVED,0.0
,,GMX,,Wikidata,https://www.gmx.fr,2026-09-10T04:44:02.172021+00:00,UNRESOLVED,0.0
,,GMX,,Wikidata,https://www.gmx.net/,2026-09-10T04:44:02.173918+00:00,UNRESOLVED,0.0
,,The Adecco Group,,Wikidata,https://www.adeccogroup.com,2026-09-10T04:44:02.175886+00:00,UNRESOLVED,0.0
,,"Adecco Staffing, Germany",,Wikidata,https://www.adecco.com/,2026-09-10T04:44:02.177727+00:00,UNRESOLVED,0.0
,,Konica,,Wikidata,https://web.archive.org/web/20010404225631/http://www.konica.co.jp/,2026-09-10T04:44:02.179467+00:00,UNRESOLVED,0.0
,,JBoss,,Wikidata,https://www.jboss.org,2026-09-10T04:44:02.181233+00:00,UNRESOLVED,0.0
,,Minolta,,Wikidata,http://www.minolta.com,2026-09-10T04:44:02.183161+00:00,UNRESOLVED,0.0
,,Telent,,Wikidata,https://telent.com/,2026-09-10T04:44:02.185158+00:00,UNRESOLVED,0.0
,,Foveon,,Wikidata,http://www.foveon.com/,2026-09-10T04:44:02.187243+00:00,UNRESOLVED,0.0
,,Sigma Corporation,,Wikidata,https://www.sigmaphoto.com/,2026-09-10T04:44:02.189068+00:00,UNRESOLVED,0.0
,,Fotki,,Wikidata,http://www.fotki.com/,2026-09-10T04:44:02.191088+00:00,UNRESOLVED,0.0
,,The Royal Bank of Scotland,82400,Wikidata,https://www.rbs.co.uk/,2026-09-10T04:44:02.272674+00:00,UNRESOLVED,0.0
,,Telefónica,104124,Wikidata,https://www.telefonica.com/,2026-09-10T04:44:02.277370+00:00,UNRESOLVED,0.0
,,Diageo,29860,Wikidata,http://www.diageo.com,2026-09-10T04:44:02.281059+00:00,UNRESOLVED,0.0
,,Leica Camera,2300,Wikidata,https://www.leica-camera.com,2026-09-10T04:44:02.284355+00:00,UNRESOLVED,0.0
,,"Oakley, Inc.",,Wikidata,https://www.oakley.com/,2026-09-10T04:44:02.287508+00:00,UNRESOLVED,0.0
,,Lufthansa CityLine,2236,Wikidata,https://www.lufthansacityline.com/,2026-09-10T04:44:02.290071+00:00,UNRESOLVED,0.0
,,Komatsu Limited,,Wikidata,https://www.komatsu.jp/en,2026-09-10T04:44:02.292430+00:00,UNRESOLVED,0.0
,,LG Electronics,90578,Wikidata,https://lg.com/de,2026-09-10T04:44:02.294613+00:00,UNRESOLVED,0.0
,,LG Electronics,90578,Wikidata,https://www.lge.co.kr/,2026-09-10T04:44:02.296640+00:00,UNRESOLVED,0.0
,,LG Electronics,90578,Wikidata,https://www.lgservice.co.kr,2026-09-10T04:44:02.298839+00:00,UNRESOLVED,0.0
,,LG Electronics,90578,Wikidata,https://live.lge.co.kr/,2026-09-10T04:44:02.301112+00:00,UNRESOLVED,0.0
,,LG Electronics,90578,Wikidata,https://lg.com/global/,2026-09-10T04:44:02.303296+00:00,UNRESOLVED,0.0
,,SeaWind Line,,Wikidata,http://www.seawind.fi/,2026-09-10T04:44:02.305349+00:00,UNRESOLVED,0.0
,,FK Příbram,7,Wikidata,https://www.fkpribram.cz/,2026-09-10T04:44:02.307403+00:00,UNRESOLVED,0.0
,,Gerstlauer Amusement Rides GmbH,,Wikidata,http://www.gerstlauer-rides.de/home/,2026-09-10T04:44:02.309447+00:00,UNRESOLVED,0.0
,,SurveyMonkey,,Wikidata,https://www.surveymonkey.com/,2026-09-10T04:44:02.311250+00:00,UNRESOLVED,0.0
,,SurveyMonkey,,Wikidata,http://de.surveymonkey.com,2026-09-10T04:44:02.313022+00:00,UNRESOLVED,0.0
,,SurveyMonkey,,Wikidata,http://fr.surveymonkey.com/,2026-09-10T04:44:02.314712+00:00,UNRESOLVED,0.0
,,SurveyMonkey,,Wikidata,http://nl.surveymonkey.com/,2026-09-10T04:44:02.316725+00:00,UNRESOLVED,0.0
,,SurveyMonkey,,Wikidata,http://es.surveymonkey.com/,2026-09-10T04:44:02.318839+00:00,UNRESOLVED,0.0
,,SurveyMonkey,,Wikidata,http://pt.surveymonkey.com/,2026-09-10T04:44:02.320907+00:00,UNRESOLVED,0.0
,,SurveyMonkey,,Wikidata,https://jp.surveymonkey.com/,2026-09-10T04:44:02.322655+00:00,UNRESOLVED,0.0
,,SurveyMonkey,,Wikidata,https://it.surveymonkey.com/,2026-09-10T04:44:02.324624+00:00,UNRESOLVED,0.0
,,SurveyMonkey,,Wikidata,https://da.surveymonkey.com/,2026-09-10T04:44:02.326552+00:00,UNRESOLVED,0.0
,,SurveyMonkey,,Wikidata,https://sv.surveymonkey.com/,2026-09-10T04:44:02.328326+00:00,UNRESOLVED,0.0
,,SurveyMonkey,,Wikidata,https://no.surveymonkey.com/,2026-09-10T04:44:02.330115+00:00,UNRESOLVED,0.0
,,SurveyMonkey,,Wikidata,https://fi.surveymonkey.com/,2026-09-10T04:44:02.331862+00:00,UNRESOLVED,0.0
,,SurveyMonkey,,Wikidata,https://ko.surveymonkey.com/,2026-09-10T04:44:02.333735+00:00,UNRESOLVED,0.0
,,SurveyMonkey,,Wikidata,https://tr.surveymonkey.com/,2026-09-10T04:44:02.335983+00:00,UNRESOLVED,0.0
,,SurveyMonkey,,Wikidata,https://zh.surveymonkey.com/,2026-09-10T04:44:02.337789+00:00,UNRESOLVED,0.0
,,SurveyMonkey,,Wikidata,https://ru.surveymonkey.com/,2026-09-10T04:44:02.339470+00:00,UNRESOLVED,0.0
,,Orascom Construction Limited,,Wikidata,http://www.orascom.com/,2026-09-10T04:44:02.341492+00:00,UNRESOLVED,0.0
,,Mondragon Corporation,81507,Wikidata,https://www.mondragon-corporation.com/,2026-09-10T04:44:02.343388+00:00,UNRESOLVED,0.0
,,Yates Racing,,Wikidata,http://www.yatesracing.com/,2026-09-10T04:44:02.345206+00:00,UNRESOLVED,0.0
,,KUKA,,Wikidata,https://www.kuka.com/,2026-09-10T04:44:02.346973+00:00,UNRESOLVED,0.0
,,AB Volvo,102000,Wikidata,https://www.volvogroup.com/en/,2026-09-10T04:44:02.348821+00:00,UNRESOLVED,0.0
,,Fujitsu Technology Solutions,13000,Wikidata,http://de.fujitsu.com/,2026-09-10T04:44:02.350884+00:00,UNRESOLVED,0.0
,,Hornby Hobbies Limited,,Wikidata,https://uk.hornby.com/,2026-09-10T04:44:02.352988+00:00,UNRESOLVED,0.0
,,Maxdata,,Wikidata,http://www.maxdata.de/,2026-09-10T04:44:02.354873+00:00,UNRESOLVED,0.0
,,Fujifilm Corporation,75845,Wikidata,https://www.fujifilm.com/,2026-09-10T04:44:02.356817+00:00,UNRESOLVED,0.0
,,"Lietuvos geležinkeliai, AB",,Wikidata,http://www.litrail.lt/,2026-09-10T04:44:02.358894+00:00,UNRESOLVED,0.0
,,IBX Group,,Wikidata,http://www.ibxplatform.com/,2026-09-10T04:44:02.360742+00:00,UNRESOLVED,0.0
,,Rogers Communications,,Wikidata,https://www.rogers.com/,2026-09-10T04:44:02.362546+00:00,UNRESOLVED,0.0
,,Jura Elektroapparate,,Wikidata,http://www.jura.com/,2026-09-10T04:44:02.364301+00:00,UNRESOLVED,0.0
,,Telus Communications,28000,Wikidata,https://www.telus.com/en/,2026-09-10T04:44:02.366297+00:00,UNRESOLVED,0.0
,,Sennheiser,2100,Wikidata,https://www.sennheiser.com/en-gb,2026-09-10T04:44:02.368454+00:00,UNRESOLVED,0.0
,,Sennheiser,2100,Wikidata,https://www.sennheiser.com/de-de,2026-09-10T04:44:02.370309+00:00,UNRESOLVED,0.0
,,Sennheiser,2100,Wikidata,https://www.sennheiser.com/en-us,2026-09-10T04:44:02.372121+00:00,UNRESOLVED,0.0
,,Sennheiser,2100,Wikidata,https://www.sennheiser.com/es-mx,2026-09-10T04:44:02.374026+00:00,UNRESOLVED,0.0
,,Otto Fuchs,,Wikidata,http://www.otto-fuchs.com/,2026-09-10T04:44:02.376053+00:00,UNRESOLVED,0.0
,,MeteoGroup,,Wikidata,http://www.meteogroup.com/,2026-09-10T04:44:02.377803+00:00,UNRESOLVED,0.0
,,Toray Industries,,Wikidata,http://www.toray.co.jp/,2026-09-10T04:44:02.379592+00:00,UNRESOLVED,0.0
,,OMV,22544,Wikidata,https://www.omv.com/,2026-09-10T04:44:02.381367+00:00,UNRESOLVED,0.0
,,Gaz de France,,Wikidata,http://www.gazdefrance.com/,2026-09-10T04:44:02.383199+00:00,UNRESOLVED,0.0
,,Yodobashi Camera,,Wikidata,https://www.yodobashi.com/,2026-09-10T04:44:02.385221+00:00,UNRESOLVED,0.0
,,Narodowy Bank Polski,3355,Wikidata,https://www.nbp.pl/,2026-09-10T04:44:02.387347+00:00,UNRESOLVED,0.0
,,METRO Group,94944,Wikidata,https://www.metroag.de/,2026-09-10T04:44:02.389124+00:00,UNRESOLVED,0.0
,,Glencore,156468,Wikidata,https://www.glencore.com/,2026-09-10T04:44:02.391073+00:00,UNRESOLVED,0.0
,,Zebralution,17,Wikidata,http://www.zebralution.com/,2026-09-10T04:44:02.392972+00:00,UNRESOLVED,0.0
,,Haribo,7000,Wikidata,https://www.haribo.com,2026-09-10T04:44:02.394716+00:00,UNRESOLVED,0.0
,,Mozilla Corporation,,Wikidata,https://www.mozilla.org,2026-09-10T04:44:02.396410+00:00,UNRESOLVED,0.0
,,Märklin,,Wikidata,https://www.maerklin.de/,2026-09-10T04:44:02.398119+00:00,UNRESOLVED,0.0
,,Amazonen-Werke,,Wikidata,https://amazone.de,2026-09-10T04:44:02.399931+00:00,UNRESOLVED,0.0
,,Ambac,,Wikidata,http://www.ambac.com/,2026-09-10T04:44:02.402123+00:00,UNRESOLVED,0.0
,,Teldec,,Wikidata,https://www.warnerclassics.com,2026-09-10T04:44:02.404005+00:00,UNRESOLVED,0.0
,,Senvion SE,2000,Wikidata,http://www.repower.de,2026-09-10T04:44:02.405807+00:00,UNRESOLVED,0.0
,,Senvion SE,2000,Wikidata,https://www.senvion.com/global/de/,2026-09-10T04:44:02.407846+00:00,UNRESOLVED,0.0
,,Senvion SE,2000,Wikidata,https://www.senvion.com/global/en/,2026-09-10T04:44:02.409738+00:00,UNRESOLVED,0.0
,,Amberger Kaolinwerke Eduard Kick,448,Wikidata,https://www.quarzwerke.com/amberger-kaolinwerke/,2026-09-10T04:44:02.411516+00:00,UNRESOLVED,0.0
,,Metabo,,Wikidata,https://www.metabo.com/,2026-09-10T04:44:02.413313+00:00,UNRESOLVED,0.0
,,M. M. Warburg & Co.,,Wikidata,http://www.mmwarburg.com/,2026-09-10T04:44:02.415209+00:00,UNRESOLVED,0.0
,,Fielmann,23412,Wikidata,https://www.fielmann.de/,2026-09-10T04:44:02.417290+00:00,UNRESOLVED,0.0
,,Bâloise,,Wikidata,https://www.baloise.de/,2026-09-10T04:44:02.419498+00:00,UNRESOLVED,0.0
,,VF Corporation,,Wikidata,https://vfc.com/,2026-09-10T04:44:02.421366+00:00,UNRESOLVED,0.0
,,Surrey Satellite Technology,,Wikidata,http://www.sstl.co.uk/,2026-09-10T04:44:02.423223+00:00,UNRESOLVED,0.0
,,Metaplan,,Wikidata,https://www.metaplan.com/,2026-09-10T04:44:02.425256+00:00,UNRESOLVED,0.0
,,Cosmic Air,,Wikidata,http://www.cosmicair.com/,2026-09-10T04:44:02.427134+00:00,UNRESOLVED,0.0
,,Marathon Petroleum,,Wikidata,https://www.marathonpetroleum.com/,2026-09-10T04:44:02.428871+00:00,UNRESOLVED,0.0
,,Dortmunder Actien Brauerei,,Wikidata,http://www.dab.de,2026-09-10T04:44:02.430651+00:00,UNRESOLVED,0.0
,,Magyar Telekom,6931,Wikidata,https://www.telekom.hu/,2026-09-10T04:44:02.432510+00:00,UNRESOLVED,0.0
,,Hubert Burda Media Holding,11918,Wikidata,https://www.burda.com/,2026-09-10T04:44:02.434618+00:00,UNRESOLVED,0.0
,,Hubert Burda Media Holding,11918,Wikidata,https://www.burda.com/de/,2026-09-10T04:44:02.436557+00:00,UNRESOLVED,0.0
,,Hymer,,Wikidata,http://www.hymer.com/,2026-09-10T04:44:02.438371+00:00,UNRESOLVED,0.0
,,Wilhelm Heckel GmbH,,Wikidata,https://heckel.de,2026-09-10T04:44:02.440126+00:00,UNRESOLVED,0.0
,,Schaeffler Group,,Wikidata,https://www.schaeffler.com/,2026-09-10T04:44:02.442128+00:00,UNRESOLVED,0.0
,,FedEx,400000,Wikidata,https://www.fedex.com/,2026-09-10T04:44:02.443952+00:00,UNRESOLVED,0.0
,,Iglo,,Wikidata,https://www.nomadfoods.com/,2026-09-10T04:44:02.445651+00:00,UNRESOLVED,0.0
,,Ambu,4500,Wikidata,https://www.ambu.com/,2026-09-10T04:44:02.447377+00:00,UNRESOLVED,0.0
,,Caterpillar Inc.,104000,Wikidata,https://www.caterpillar.com/,2026-09-10T04:44:02.449384+00:00,UNRESOLVED,0.0
,,Ambuja Cements,,Wikidata,http://www.ambujacement.com/,2026-09-10T04:44:02.451301+00:00,UNRESOLVED,0.0
,,Holsten Brewery,,Wikidata,http://www.holsten.de/,2026-09-10T04:44:02.453319+00:00,UNRESOLVED,0.0
,,Amcor,,Wikidata,http://www.amcor.com,2026-09-10T04:44:02.455100+00:00,UNRESOLVED,0.0
,,Amdocs,,Wikidata,http://www.amdocs.com/,2026-09-10T04:44:02.456853+00:00,UNRESOLVED,0.0
,,The Tussauds Group,,Wikidata,http://www.tussauds.com/,2026-09-10T04:44:02.458974+00:00,UNRESOLVED,0.0
,,Amedis,,Wikidata,http://www.amedis.ch/,2026-09-10T04:44:02.460906+00:00,UNRESOLVED,0.0
,,Nordzucker,,Wikidata,http://www.nordzucker.com/,2026-09-10T04:44:02.462596+00:00,UNRESOLVED,0.0
,,Nordzucker,,Wikidata,http://www.nordzucker.de/,2026-09-10T04:44:02.464366+00:00,UNRESOLVED,0.0
,,Schuberth,300,Wikidata,http://schuberth.de,2026-09-10T04:44:02.466203+00:00,UNRESOLVED,0.0
,,AMC Theatres,34000,Wikidata,https://www.amctheatres.com,2026-09-10T04:44:02.581143+00:00,UNRESOLVED,0.0
,,Öko-Box,,Wikidata,http://www.oekobox.at/,2026-09-10T04:44:02.585369+00:00,UNRESOLVED,0.0
,,Comet Group,,Wikidata,https://www.comet.co.uk,2026-09-10T04:44:02.588757+00:00,UNRESOLVED,0.0
,,Amec Foster Wheeler,,Wikidata,http://www.amecfw.com/,2026-09-10T04:44:02.592066+00:00,UNRESOLVED,0.0
,,AMF-Bruns,,Wikidata,http://www.amf-bruns.de/,2026-09-10T04:44:02.594624+00:00,UNRESOLVED,0.0
,,AMK GmbH,,Wikidata,http://www.amk-group.com/,2026-09-10T04:44:02.596732+00:00,UNRESOLVED,0.0
,,AMP Limited,5400,Wikidata,https://www.amp.com.au/,2026-09-10T04:44:02.598922+00:00,UNRESOLVED,0.0
,,AMR Corporation,,Wikidata,http://www.amrcorp.com/,2026-09-10T04:44:02.601153+00:00,UNRESOLVED,0.0
,,Ökoregion Kaindorf,,Wikidata,http://www.oekoregion-kaindorf.at/,2026-09-10T04:44:02.603852+00:00,UNRESOLVED,0.0
,,ANAS,,Wikidata,https://www.stradeanas.it,2026-09-10T04:44:02.605987+00:00,UNRESOLVED,0.0
,,ANEK Lines,,Wikidata,http://www.anek.gr,2026-09-10T04:44:02.608118+00:00,UNRESOLVED,0.0
,,ANZ Bank New Zealand,,Wikidata,http://www.anz.co.nz/,2026-09-10T04:44:02.610105+00:00,UNRESOLVED,0.0
,,AOL-Verlag,,Wikidata,http://www.aol-verlag.de,2026-09-10T04:44:02.611950+00:00,UNRESOLVED,0.0
,,AOpen,,Wikidata,https://www.aopen.com/US_en/index.html,2026-09-10T04:44:02.613751+00:00,UNRESOLVED,0.0
,,AOpen,,Wikidata,https://www.aopen.com/IT_it/index.html,2026-09-10T04:44:02.615744+00:00,UNRESOLVED,0.0
,,AOpen,,Wikidata,https://www.aopen.com/DE_de/index.html,2026-09-10T04:44:02.617747+00:00,UNRESOLVED,0.0
,,AOpen,,Wikidata,https://www.aopen.com/FR_fr/index.html,2026-09-10T04:44:02.619791+00:00,UNRESOLVED,0.0
,,AOpen,,Wikidata,https://www.aopen.com/ES_es/index.html,2026-09-10T04:44:02.621575+00:00,UNRESOLVED,0.0
,,APL Logistics,,Wikidata,http://www.apllogistics.com/wps/portal/apll,2026-09-10T04:44:02.623404+00:00,UNRESOLVED,0.0
,,APN News & Media,,Wikidata,http://www.apnnews.com,2026-09-10T04:44:02.625422+00:00,UNRESOLVED,0.0
,,ARC Resources,,Wikidata,http://www.arcresources.com/,2026-09-10T04:44:02.627267+00:00,UNRESOLVED,0.0
,,Ardex,,Wikidata,http://www.ardex.de,2026-09-10T04:44:02.628947+00:00,UNRESOLVED,0.0
,,ARGO SpA,,Wikidata,http://www.argospa.com,2026-09-10T04:44:02.630721+00:00,UNRESOLVED,0.0
,,Association of Radio Industries and Businesses,,Wikidata,https://arib.or.jp/,2026-09-10T04:44:02.632559+00:00,UNRESOLVED,0.0
,,Arm Holdings,3294,Wikidata,https://www.arm.com/,2026-09-10T04:44:02.634453+00:00,UNRESOLVED,0.0
,,ARO Heimtextilien,,Wikidata,http://www.aro.de/,2026-09-10T04:44:02.636585+00:00,UNRESOLVED,0.0
,,ARS Altmann,1010,Wikidata,http://www.ars-altmann.de/,2026-09-10T04:44:02.643441+00:00,UNRESOLVED,0.0
,,Ölmühle Caspar Thywissen,,Wikidata,http://www.c-thywissen.de,2026-09-10T04:44:02.645716+00:00,UNRESOLVED,0.0
,,ASB Bank,,Wikidata,http://www.asb.co.nz/,2026-09-10T04:44:02.647551+00:00,UNRESOLVED,0.0
,,ASCII Corporation,,Wikidata,http://www.ascii.co.jp/,2026-09-10T04:44:02.649450+00:00,UNRESOLVED,0.0
,,ASCII Media Works,349,Wikidata,https://asciimw.kadokawa.co.jp/,2026-09-10T04:44:02.651606+00:00,UNRESOLVED,0.0
,,ASFiNAG,,Wikidata,https://www.asfinag.at/,2026-09-10T04:44:02.653860+00:00,UNRESOLVED,0.0
,,ASFiNAG,,Wikidata,https://www.asfinag.at/en/,2026-09-10T04:44:02.655729+00:00,UNRESOLVED,0.0
,,Imgur,,Wikidata,https://imgur.com/,2026-09-10T04:44:04.040688+00:00,UNRESOLVED,0.0
,,Mformation,,Wikidata,http://www.mformation.com,2026-09-10T04:44:04.045816+00:00,UNRESOLVED,0.0
,,HMT Limited,,Wikidata,http://www.hmtindia.com/index.htm,2026-09-10T04:44:04.049859+00:00,UNRESOLVED,0.0
,,Nussli Group,,Wikidata,http://nussli.com,2026-09-10T04:44:04.053534+00:00,UNRESOLVED,0.0
,,Fossil,,Wikidata,https://www.fossil.com/,2026-09-10T04:44:04.056282+00:00,UNRESOLVED,0.0
adept_ai,Adept AI,Adept Technology,,Wikidata,http://www.adept.com,2026-09-10T04:44:04.059156+00:00,CONSERVATIVE_TOKEN_MATCH,0.9
,,International Fairtrade Certification Mark,,Wikidata,http://www.sellocomerciojusto.org,2026-09-10T04:44:04.061543+00:00,UNRESOLVED,0.0
,,Adesso,,Wikidata,https://www.adesso.de/,2026-09-10T04:44:04.063639+00:00,UNRESOLVED,0.0
,,Schweizer Radio DRS,,Wikidata,http://www.drs.ch,2026-09-10T04:44:04.065797+00:00,UNRESOLVED,0.0
,,Schweizer Radio DRS,,Wikidata,http://www.sf.tv/archiv/,2026-09-10T04:44:04.068323+00:00,UNRESOLVED,0.0
,,Skyguide,,Wikidata,https://www.skyguide.ch/,2026-09-10T04:44:04.070703+00:00,UNRESOLVED,0.0
,,Hindustan Aeronautics Limited,,Wikidata,https://hal-india.co.in/,2026-09-10T04:44:04.072969+00:00,UNRESOLVED,0.0
,,Hindustan Aeronautics Limited,,Wikidata,https://hal-india.co.in/hindi/index.aspx,2026-09-10T04:44:04.075263+00:00,UNRESOLVED,0.0
,,Adio,,Wikidata,http://www.adiofootwear.com,2026-09-10T04:44:04.077104+00:00,UNRESOLVED,0.0
,,Aditya Birla Group,,Wikidata,http://www.adityabirla.com,2026-09-10T04:44:04.078954+00:00,UNRESOLVED,0.0
,,Adler-Werk Lackfabrik Johann Berghofer,,Wikidata,http://www.adler-lacke.com/,2026-09-10T04:44:04.080723+00:00,UNRESOLVED,0.0
,,Adler Modemärkte,,Wikidata,https://adler.de/,2026-09-10T04:44:04.082933+00:00,UNRESOLVED,0.0
,,Adly,,Wikidata,http://ad.ly,2026-09-10T04:44:04.085073+00:00,UNRESOLVED,0.0
,,Adm – Agentur für Dialogmarketing,,Wikidata,http://www.callcenterkompetenz.de/,2026-09-10T04:44:04.087229+00:00,UNRESOLVED,0.0
,,Admiral Sportwetten,,Wikidata,https://sports.admiral.at/,2026-09-10T04:44:04.089810+00:00,UNRESOLVED,0.0
,,Adolf Darbo AG,,Wikidata,http://www.darbo.at/,2026-09-10T04:44:04.092036+00:00,UNRESOLVED,0.0
,,Holland Casino,,Wikidata,https://www.hollandcasino.nl/,2026-09-10T04:44:04.093890+00:00,UNRESOLVED,0.0
,,Yogi Tea,,Wikidata,http://www.yogiproducts.com/,2026-09-10T04:44:04.095801+00:00,UNRESOLVED,0.0
,,UPC Switzerland,,Wikidata,http://www.upc.ch,2026-09-10T04:44:04.097592+00:00,UNRESOLVED,0.0
,,EganaGoldpfeil (Holdings) Ltd.,,Wikidata,http://www.egana.com/,2026-09-10T04:44:04.099771+00:00,UNRESOLVED,0.0
,,Saurer,,Wikidata,http://www.saurer.com,2026-09-10T04:44:04.101870+00:00,UNRESOLVED,0.0
,,Canadian Arrow,,Wikidata,http://www.canadianarrow.com/,2026-09-10T04:44:04.103782+00:00,UNRESOLVED,0.0
,,Magnepan,,Wikidata,http://www.magnepan.com,2026-09-10T04:44:04.105541+00:00,UNRESOLVED,0.0
,,General Logistics Systems,23000,Wikidata,https://gls-group.eu/,2026-09-10T04:44:04.107576+00:00,UNRESOLVED,0.0
,,Bowers & Wilkins,,Wikidata,https://www.bowerswilkins.com/,2026-09-10T04:44:04.109636+00:00,UNRESOLVED,0.0
,,B92,,Wikidata,https://www.b92.net/,2026-09-10T04:44:04.111383+00:00,UNRESOLVED,0.0
,,Pink (Serbia),,Wikidata,https://pink.rs/,2026-09-10T04:44:04.113123+00:00,UNRESOLVED,0.0
,,"Audible, Inc.",,Wikidata,https://www.audible.com,2026-09-10T04:44:04.114978+00:00,UNRESOLVED,0.0
,,Danieli,9732,Wikidata,https://www.danieli.com/,2026-09-10T04:44:04.117226+00:00,UNRESOLVED,0.0
,,Adria Mobil,800,Wikidata,http://adria-mobil.com,2026-09-10T04:44:04.119091+00:00,UNRESOLVED,0.0
,,Razer Inc.,,Wikidata,https://www.razer.com/,2026-09-10T04:44:04.120843+00:00,UNRESOLVED,0.0
,,Yanagisawa Wind Instruments,,Wikidata,http://www.yanagisawasax.co.jp,2026-09-10T04:44:04.122661+00:00,UNRESOLVED,0.0
,,Mediaset,,Wikidata,https://www.mfemediaforeurope.com/it/,2026-09-10T04:44:04.124774+00:00,UNRESOLVED,0.0
,,Vornado Realty Trust,,Wikidata,http://www.vno.com/,2026-09-10T04:44:04.126773+00:00,UNRESOLVED,0.0
,,Brandt,,Wikidata,https://www.brandt-gruppe.de/,2026-09-10T04:44:04.128553+00:00,UNRESOLVED,0.0
,,Four Music,,Wikidata,https://www.fourmusic.com/,2026-09-10T04:44:04.130194+00:00,UNRESOLVED,0.0
,,Hoya Corporation,34635,Wikidata,https://www.hoya.com/,2026-09-10T04:44:04.132179+00:00,UNRESOLVED,0.0
,,Artemide,,Wikidata,http://www.artemide.it/,2026-09-10T04:44:04.134430+00:00,UNRESOLVED,0.0
,,Western Wireless Corporation,,Wikidata,http://www.wwireless.com/,2026-09-10T04:44:04.136366+00:00,UNRESOLVED,0.0
,,HannStar Display Corporation,,Wikidata,http://www.hannstar.com,2026-09-10T04:44:04.138088+00:00,UNRESOLVED,0.0
,,General Tire,,Wikidata,http://www.generaltire.com/,2026-09-10T04:44:04.139888+00:00,UNRESOLVED,0.0
,,International Student Exchange Programs,,Wikidata,http://www.isep.org,2026-09-10T04:44:04.141836+00:00,UNRESOLVED,0.0
,,McKesson Europe AG,,Wikidata,http://www.mckesson.eu/,2026-09-10T04:44:04.143739+00:00,UNRESOLVED,0.0
,,McKesson Europe AG,,Wikidata,https://www.mckesson.eu/mck-en,2026-09-10T04:44:04.145515+00:00,UNRESOLVED,0.0
,,Ganz Works,,Wikidata,https://www.ganz-holding.hu/en/,2026-09-10T04:44:04.147223+00:00,UNRESOLVED,0.0
,,Aardvark Records,,Wikidata,http://www.aardvarkrecords.co.uk/,2026-09-10T04:44:04.149322+00:00,UNRESOLVED,0.0
,,Forum Media Group,,Wikidata,http://www.forum-media.com/,2026-09-10T04:44:04.151400+00:00,UNRESOLVED,0.0
,,Amstrad,,Wikidata,http://www.amstrad.com/,2026-09-10T04:44:04.153293+00:00,UNRESOLVED,0.0
,,Aarikka,,Wikidata,https://www.aarikka.fi/,2026-09-10T04:44:04.155102+00:00,UNRESOLVED,0.0
,,Walibi Group,,Wikidata,http://www.walibi.com,2026-09-10T04:44:04.156899+00:00,UNRESOLVED,0.0
,,Steelcase,,Wikidata,http://www.steelcase.com,2026-09-10T04:44:04.158983+00:00,UNRESOLVED,0.0
,,SIGMA Elektro,,Wikidata,http://www.sigmasport.com/fr/startseite/,2026-09-10T04:44:04.160851+00:00,UNRESOLVED,0.0
,,SIGMA Elektro,,Wikidata,https://sigma.bike,2026-09-10T04:44:04.162579+00:00,UNRESOLVED,0.0
,,Citect,,Wikidata,https://sw.aveva.com/monitor-and-control/hmi-supervisory-and-control/citect-scada,2026-09-10T04:44:04.164367+00:00,UNRESOLVED,0.0
,,HAWE Hydraulik SE,,Wikidata,https://www.hawe.com/,2026-09-10T04:44:04.166432+00:00,UNRESOLVED,0.0
,,Beckman Coulter,,Wikidata,https://www.beckmancoulter.com/,2026-09-10T04:44:04.168459+00:00,UNRESOLVED,0.0
,,DB Cargo Polska,,Wikidata,http://pl.dbcargo.com,2026-09-10T04:44:04.170379+00:00,UNRESOLVED,0.0
,,AGCO GmbH,,Wikidata,https://fella.eu/,2026-09-10T04:44:04.172202+00:00,UNRESOLVED,0.0
,,IG Group,,Wikidata,https://www.ig.com,2026-09-10T04:44:04.174462+00:00,UNRESOLVED,0.0
,,LoveFilm,,Wikidata,http://lovefilm.de,2026-09-10T04:44:04.176542+00:00,UNRESOLVED,0.0
,,Sappi,,Wikidata,http://www.sappi.com/,2026-09-10T04:44:04.178392+00:00,UNRESOLVED,0.0
,,Acer,7240,Wikidata,https://www.acer-group.com/,2026-09-10T04:44:04.180134+00:00,UNRESOLVED,0.0
,,América Móvil,176083,Wikidata,http://www.americamovil.com/amx/en/,2026-09-10T04:44:04.182092+00:00,UNRESOLVED,0.0
,,An Post,11832,Wikidata,https://www.anpost.com/,2026-09-10T04:44:04.184403+00:00,UNRESOLVED,0.0
,,An Post,11832,Wikidata,https://www.anpost.com/?lang=ga-ie,2026-09-10T04:44:04.186293+00:00,UNRESOLVED,0.0
,,"Fila, Inc.",,Wikidata,https://www.fila.com/regionselector,2026-09-10T04:44:04.187965+00:00,UNRESOLVED,0.0
,,Hancom,,Wikidata,https://office.hancom.com,2026-09-10T04:44:04.189793+00:00,UNRESOLVED,0.0
,,Softmax,,Wikidata,http://www.softmax.co.kr,2026-09-10T04:44:04.191850+00:00,UNRESOLVED,0.0
,,LG Display,,Wikidata,http://www.lgdisplay.com/,2026-09-10T04:44:04.193581+00:00,UNRESOLVED,0.0
,,Hyundai Hysco,,Wikidata,http://www.hysco.com/,2026-09-10T04:44:04.195351+00:00,UNRESOLVED,0.0
,,KR Motors,,Wikidata,http://www.krmotors.com/,2026-09-10T04:44:04.197077+00:00,UNRESOLVED,0.0
,,HD Hyundai Heavy Industries,24400,Wikidata,http://english.hhi.co.kr/,2026-09-10T04:44:04.199167+00:00,UNRESOLVED,0.0
,,HD Hyundai Heavy Industries,24400,Wikidata,https://www.hhi.co.kr/,2026-09-10T04:44:04.201258+00:00,UNRESOLVED,0.0
,,Korea Post,,Wikidata,http://www.koreapost.go.kr/,2026-09-10T04:44:04.203205+00:00,UNRESOLVED,0.0
,,Anadarko Petroleum,6100,Wikidata,http://www.anadarko.com/,2026-09-10T04:44:04.205062+00:00,UNRESOLVED,0.0
,,Humax,,Wikidata,https://www.humaxdigital.com,2026-09-10T04:44:04.206879+00:00,UNRESOLVED,0.0
,,Industrial Bank of Korea,,Wikidata,https://www.ibk.co.kr/,2026-09-10T04:44:04.208863+00:00,UNRESOLVED,0.0
,,Pyeonghwa Motors,,Wikidata,http://www.pyeonghwamotors.com/,2026-09-10T04:44:04.210691+00:00,UNRESOLVED,0.0
,,Nike,76700,Wikidata,https://www.nike.com/,2026-09-10T04:44:04.212384+00:00,UNRESOLVED,0.0
,,POSCO,37225,Wikidata,http://www.posco.com,2026-09-10T04:44:04.214099+00:00,UNRESOLVED,0.0
,,Stone Music Entertainment,,Wikidata,http://stonemusicent.net/,2026-09-10T04:44:04.216182+00:00,UNRESOLVED,0.0
,,Hana Bank,,Wikidata,https://www.hanabank.com/,2026-09-10T04:44:04.218169+00:00,UNRESOLVED,0.0
,,Woori Financial Group,,Wikidata,https://www.woorifg.com/eng/main/index.do,2026-09-10T04:44:04.219946+00:00,UNRESOLVED,0.0
,,ZeroTurnaround,,Wikidata,http://zeroturnaround.com,2026-09-10T04:44:04.221661+00:00,UNRESOLVED,0.0
,,Analog Devices,9200,Wikidata,https://www.analog.com/,2026-09-10T04:44:04.223434+00:00,UNRESOLVED,0.0
,,SNT Motiv,,Wikidata,http://www.sntmotiv.com/eng/main/main.html,2026-09-10T04:44:04.225623+00:00,UNRESOLVED,0.0
,,Analytica,,Wikidata,https://analytica.de/,2026-09-10T04:44:04.227533+00:00,UNRESOLVED,0.0
,,Red Hat,19000,Wikidata,https://www.redhat.com/,2026-09-10T04:44:04.229334+00:00,UNRESOLVED,0.0
,,Soribada,,Wikidata,http://www.soribada.com/,2026-09-10T04:44:04.231003+00:00,UNRESOLVED,0.0
,,MAIET Entertainment,,Wikidata,http://www.maiet.co.kr/,2026-09-10T04:44:04.233033+00:00,UNRESOLVED,0.0
,,KT Corporation,,Wikidata,http://www.kt.com/eng/,2026-09-10T04:44:04.235298+00:00,UNRESOLVED,0.0
,,KT Corporation,,Wikidata,https://www.kt.com/,2026-09-10T04:44:04.237118+00:00,UNRESOLVED,0.0
,,Radiotjänst i Kiruna,,Wikidata,https://www.radiotjanst.se/,2026-09-10T04:44:05.427001+00:00,UNRESOLVED,0.0
,,"Allergan, Inc.",,Wikidata,http://www.allergan.com/,2026-09-10T04:44:05.431189+00:00,UNRESOLVED,0.0
,,Electrolux,47543,Wikidata,https://www.electroluxgroup.com/,2026-09-10T04:44:05.435585+00:00,UNRESOLVED,0.0
,,Land Securities,,Wikidata,http://www.landsecurities.co.uk,2026-09-10T04:44:05.438724+00:00,UNRESOLVED,0.0
,,Vapiano,,Wikidata,https://cz.vapiano.com,2026-09-10T04:44:05.441821+00:00,UNRESOLVED,0.0
,,Vapiano,,Wikidata,https://uk.vapiano.com,2026-09-10T04:44:05.444383+00:00,UNRESOLVED,0.0
,,Vapiano,,Wikidata,https://vapiano.com,2026-09-10T04:44:05.446447+00:00,UNRESOLVED,0.0
,,Vapiano,,Wikidata,https://vapiano.ee,2026-09-10T04:44:05.448474+00:00,UNRESOLVED,0.0
,,Vapiano,,Wikidata,https://vapiano.fi,2026-09-10T04:44:05.451056+00:00,UNRESOLVED,0.0
,,Vapiano,,Wikidata,https://vapiano.lt,2026-09-10T04:44:05.453520+00:00,UNRESOLVED,0.0
,,Vapiano,,Wikidata,https://vapiano.se,2026-09-10T04:44:05.455649+00:00,UNRESOLVED,0.0
,,Vapiano,,Wikidata,https://vapianorestaurants.nl,2026-09-10T04:44:05.457697+00:00,UNRESOLVED,0.0
,,Vapiano,,Wikidata,https://www.vapiano.de,2026-09-10T04:44:05.459715+00:00,UNRESOLVED,0.0
,,Vapiano,,Wikidata,https://www.vapiano.fr,2026-09-10T04:44:05.461505+00:00,UNRESOLVED,0.0
,,Vapiano,,Wikidata,https://www.vapiano.lu,2026-09-10T04:44:05.463274+00:00,UNRESOLVED,0.0
,,Vapiano,,Wikidata,https://www.vapiano.warszawa.pl,2026-09-10T04:44:05.465436+00:00,UNRESOLVED,0.0
,,Latvijas Gāze,115,Wikidata,https://lg.lv/majoklim,2026-09-10T04:44:05.467721+00:00,UNRESOLVED,0.0
,,Cretacolor,,Wikidata,http://www.cretacolor.com,2026-09-10T04:44:05.469819+00:00,UNRESOLVED,0.0
,,EBX Group,13000,Wikidata,http://www.ebx.com.br/,2026-09-10T04:44:05.471591+00:00,UNRESOLVED,0.0
,,EBX Group,13000,Wikidata,http://www.osx.com.br/cgi/cgilua.exe/sys/start.htm?sid=146&lng=us,2026-09-10T04:44:05.473415+00:00,UNRESOLVED,0.0
,,Novartis,119418,Wikidata,http://www.novartis.com/,2026-09-10T04:44:05.475589+00:00,UNRESOLVED,0.0
,,Bandai,810,Wikidata,https://www.bandai.co.jp/,2026-09-10T04:44:05.477376+00:00,UNRESOLVED,0.0
,,LM Wind Power,,Wikidata,http://lmwindpower.com,2026-09-10T04:44:05.479140+00:00,UNRESOLVED,0.0
,,Valiant Comics,,Wikidata,http://valiantuniverse.com/,2026-09-10T04:44:05.480931+00:00,UNRESOLVED,0.0
,,Aeroprakt,,Wikidata,http://aeroprakt.kiev.ua/,2026-09-10T04:44:05.483089+00:00,UNRESOLVED,0.0
,,Andrew Weir Shipping,,Wikidata,http://awshipmanagement.com/,2026-09-10T04:44:05.485170+00:00,UNRESOLVED,0.0
,,Enercon,,Wikidata,https://www.enercon.de,2026-09-10T04:44:05.487028+00:00,UNRESOLVED,0.0
,,Inmobiliaria Colonial,234,Wikidata,http://www.inmocolonial.com/,2026-09-10T04:44:05.488807+00:00,UNRESOLVED,0.0
,,Google Workspace,,Wikidata,https://workspace.google.com/,2026-09-10T04:44:05.490672+00:00,UNRESOLVED,0.0
,,Fernandes Guitars,,Wikidata,http://www.fernandes.co.jp/,2026-09-10T04:44:05.492552+00:00,UNRESOLVED,0.0
,,Givaudan S.A.,,Wikidata,http://www.givaudan.com/,2026-09-10T04:44:05.494270+00:00,UNRESOLVED,0.0
,,Oticon,,Wikidata,https://www.oticon.com,2026-09-10T04:44:05.495953+00:00,UNRESOLVED,0.0
,,Boudin Bakery,,Wikidata,http://www.boudinbakery.com,2026-09-10T04:44:05.497559+00:00,UNRESOLVED,0.0
,,Fun Factory,120,Wikidata,http://www.funfactory.com/,2026-09-10T04:44:05.499365+00:00,UNRESOLVED,0.0
,,Pearltrees,,Wikidata,https://pearltrees.com/,2026-09-10T04:44:05.501453+00:00,UNRESOLVED,0.0
,,WIRCON Group,,Wikidata,http://www.wirsol.de/,2026-09-10T04:44:05.503380+00:00,UNRESOLVED,0.0
,,Norsk Hydro,31000,Wikidata,https://hydro.com,2026-09-10T04:44:05.505130+00:00,UNRESOLVED,0.0
,,Snøhetta,350,Wikidata,https://snohetta.com,2026-09-10T04:44:05.507059+00:00,UNRESOLVED,0.0
,,Ingenic Semiconductor,,Wikidata,http://www.ingenic.cn/,2026-09-10T04:44:05.509116+00:00,UNRESOLVED,0.0
,,Andritz Hydro,,Wikidata,http://www.andritz.com/hydro,2026-09-10T04:44:05.510874+00:00,UNRESOLVED,0.0
,,IOSYS,,Wikidata,https://www.iosysos.com/,2026-09-10T04:44:05.512577+00:00,UNRESOLVED,0.0
,,Sovcomflot,,Wikidata,http://www.sovcomflot.ru,2026-09-10T04:44:05.514231+00:00,UNRESOLVED,0.0
,,United Bank for Africa,,Wikidata,https://www.ubagroup.com/,2026-09-10T04:44:05.516611+00:00,UNRESOLVED,0.0
,,Central Japan Railway Company,18148,Wikidata,https://global.jr-central.co.jp/de/,2026-09-10T04:44:05.518653+00:00,UNRESOLVED,0.0
,,Central Japan Railway Company,18148,Wikidata,https://global.jr-central.co.jp/en/,2026-09-10T04:44:05.523775+00:00,UNRESOLVED,0.0
,,Central Japan Railway Company,18148,Wikidata,https://global.jr-central.co.jp/fr/,2026-09-10T04:44:05.526139+00:00,UNRESOLVED,0.0
,,Central Japan Railway Company,18148,Wikidata,https://global.jr-central.co.jp/ko/,2026-09-10T04:44:05.528006+00:00,UNRESOLVED,0.0
,,Central Japan Railway Company,18148,Wikidata,https://global.jr-central.co.jp/th/,2026-09-10T04:44:05.529923+00:00,UNRESOLVED,0.0
,,Central Japan Railway Company,18148,Wikidata,https://global.jr-central.co.jp/zh-CN/,2026-09-10T04:44:05.532001+00:00,UNRESOLVED,0.0
,,Central Japan Railway Company,18148,Wikidata,https://global.jr-central.co.jp/zh-TW/,2026-09-10T04:44:05.534416+00:00,UNRESOLVED,0.0
,,Central Japan Railway Company,18148,Wikidata,https://jr-central.co.jp/,2026-09-10T04:44:05.536364+00:00,UNRESOLVED,0.0
,,Pony Canyon,,Wikidata,https://www.ponycanyon.biz/,2026-09-10T04:44:05.538025+00:00,UNRESOLVED,0.0
,,Pony Canyon,,Wikidata,https://www.ponycanyon.co.jp/,2026-09-10T04:44:05.539880+00:00,UNRESOLVED,0.0
,,Vattenfall Nederland,,Wikidata,https://www.vattenfall.nl,2026-09-10T04:44:05.544075+00:00,UNRESOLVED,0.0
,,Tibco Software,4200,Wikidata,https://www.tibco.com/,2026-09-10T04:44:05.546023+00:00,UNRESOLVED,0.0
,,DHL Global Forwarding,38000,Wikidata,http://www.dhl.com,2026-09-10T04:44:05.547876+00:00,UNRESOLVED,0.0
,,Rosatom,256600,Wikidata,http://www.rosatom.ru/en/,2026-09-10T04:44:05.550498+00:00,UNRESOLVED,0.0
,,Vitakraft,,Wikidata,http://www.vitakraft.de,2026-09-10T04:44:05.552940+00:00,UNRESOLVED,0.0
,,Tsunashimaen,,Wikidata,http://www.tsunashimaen.co.jp/,2026-09-10T04:44:05.555311+00:00,UNRESOLVED,0.0
,,Questar Corporation,,Wikidata,http://www.questarcorporation.com,2026-09-10T04:44:05.557754+00:00,UNRESOLVED,0.0
,,HYDAC,,Wikidata,https://www.hydac.com/de-de/start.html,2026-09-10T04:44:05.560016+00:00,UNRESOLVED,0.0
,,Starz Entertainment,,Wikidata,http://www.lionsgate.com,2026-09-10T04:44:05.561878+00:00,UNRESOLVED,0.0
,,African Minerals,,Wikidata,http://www.african-minerals.com/,2026-09-10T04:44:05.563639+00:00,UNRESOLVED,0.0
,,African Rainbow Minerals,10281,Wikidata,http://www.arm.co.za/,2026-09-10T04:44:05.565340+00:00,UNRESOLVED,0.0
,,Oji Holdings,,Wikidata,http://www.ojiholdings.co.jp/,2026-09-10T04:44:05.567595+00:00,UNRESOLVED,0.0
,,Avid Technology,,Wikidata,http://www.avid.com,2026-09-10T04:44:05.569714+00:00,UNRESOLVED,0.0
,,Birel,,Wikidata,http://www.birel.it,2026-09-10T04:44:05.571487+00:00,UNRESOLVED,0.0
,,SK Sigma Olomouc,12,Wikidata,http://www.sigmafotbal.cz/,2026-09-10T04:44:05.573342+00:00,UNRESOLVED,0.0
,,Nullsoft,,Wikidata,http://www.nullsoft.com/,2026-09-10T04:44:05.575307+00:00,UNRESOLVED,0.0
,,Osaka Gas,21250,Wikidata,https://www.osakagas.co.jp/,2026-09-10T04:44:05.577087+00:00,UNRESOLVED,0.0
,,10-Gruppen,,Wikidata,http://www.tiogruppen.com/en/Designers/Designers.aspx,2026-09-10T04:44:05.578735+00:00,UNRESOLVED,0.0
,,Valtra,,Wikidata,http://www.valtra.com/,2026-09-10T04:44:05.580513+00:00,UNRESOLVED,0.0
,,Air Zermatt,,Wikidata,http://www.air-zermatt.ch/,2026-09-10T04:44:05.582459+00:00,UNRESOLVED,0.0
,,Coeur Mining,1967,Wikidata,http://www.coeur.com,2026-09-10T04:44:05.585132+00:00,UNRESOLVED,0.0
,,Otsuka Pharmaceutical,,Wikidata,http://www.otsuka.co.jp/,2026-09-10T04:44:05.587403+00:00,UNRESOLVED,0.0
,,Washington National Opera,,Wikidata,https://washnatopera.org/,2026-09-10T04:44:05.589561+00:00,UNRESOLVED,0.0
,,Korg,288,Wikidata,http://www.korg.com,2026-09-10T04:44:05.591557+00:00,UNRESOLVED,0.0
,,Arctic,,Wikidata,https://www.arctic.de/,2026-09-10T04:44:05.593504+00:00,UNRESOLVED,0.0
,,Butler Capital Partners,,Wikidata,http://www.butlercapitalpartners.com/,2026-09-10T04:44:05.595285+00:00,UNRESOLVED,0.0
,,Meteor Mobile Communications,,Wikidata,http://www.meteor.ie,2026-09-10T04:44:05.597000+00:00,UNRESOLVED,0.0
,,UniSoft,,Wikidata,http://unisoft.com/,2026-09-10T04:44:05.599100+00:00,UNRESOLVED,0.0
,,Condor Ferries,,Wikidata,http://www.condorferries.fr/,2026-09-10T04:44:05.601776+00:00,UNRESOLVED,0.0
,,Smyril Line,,Wikidata,https://www.smyrilline.fo/,2026-09-10T04:44:05.603635+00:00,UNRESOLVED,0.0
,,Smyril Line,,Wikidata,https://www.smyrilline.com/,2026-09-10T04:44:05.605451+00:00,UNRESOLVED,0.0
,,Romaero,,Wikidata,http://www.romaero.com,2026-09-10T04:44:05.607415+00:00,UNRESOLVED,0.0
,,Afriso-Euro-Index,,Wikidata,http://www.afriso.de/,2026-09-10T04:44:05.609522+00:00,UNRESOLVED,0.0
,,Iskra,,Wikidata,https://www.iskra.eu/,2026-09-10T04:44:05.611305+00:00,UNRESOLVED,0.0
,,Iskra,,Wikidata,https://www.iskra.si/,2026-09-10T04:44:05.613157+00:00,UNRESOLVED,0.0
,,Premier Rides,,Wikidata,http://www.premier-rides.com,2026-09-10T04:44:05.614912+00:00,UNRESOLVED,0.0
,,MOESK,16000,Wikidata,http://www.moesk.ru/,2026-09-10T04:44:05.617068+00:00,UNRESOLVED,0.0
,,Metrovías,4500,Wikidata,https://www.metrovias.com.ar/,2026-09-10T04:44:05.619136+00:00,UNRESOLVED,0.0
,,SyQuest Technology,,Wikidata,http://www.syquest.com,2026-09-10T04:44:05.620893+00:00,UNRESOLVED,0.0
,,Privateer Press,,Wikidata,http://www.privateerpress.com,2026-09-10T04:44:05.622588+00:00,UNRESOLVED,0.0
,,SEA Group,,Wikidata,http://sea-camper.com/site/,2026-09-10T04:44:05.624618+00:00,UNRESOLVED,0.0
,,LGT Group,,Wikidata,http://www.lgt.com,2026-09-10T04:44:05.626611+00:00,UNRESOLVED,0.0
,,Rottefella,35,Wikidata,https://rottefella.no,2026-09-10T04:44:05.628462+00:00,UNRESOLVED,0.0
,,Crelan,,Wikidata,https://www.crelan.be/,2026-09-10T04:44:05.630170+00:00,UNRESOLVED,0.0
,,Dialog,,Wikidata,http://www.proquest.com/products-services/ProQuest-Dialog.html,2026-09-10T04:44:05.632146+00:00,UNRESOLVED,0.0
,,Ubisoft Japan,,Wikidata,http://www.ubisoft.co.jp/,2026-09-10T04:44:08.474577+00:00,UNRESOLVED,0.0
,,Ubisoft Japan,,Wikidata,https://Twitch.tv/UbisoftKK,2026-09-10T04:44:08.479113+00:00,UNRESOLVED,0.0
,,Playlife,,Wikidata,http://www.playlife.com/,2026-09-10T04:44:08.482879+00:00,UNRESOLVED,0.0
,,Mercedes F1 Team,,Wikidata,https://www.mercedesamgf1.com,2026-09-10T04:44:08.486560+00:00,UNRESOLVED,0.0
,,Pratt & Whitney,,Wikidata,https://www.prattwhitney.com,2026-09-10T04:44:08.489219+00:00,UNRESOLVED,0.0
,,Techniques d'Avant Garde,,Wikidata,http://www.tagaviation.com,2026-09-10T04:44:08.491991+00:00,UNRESOLVED,0.0
,,Ilmor,,Wikidata,http://www.ilmor.co.uk/,2026-09-10T04:44:08.494390+00:00,UNRESOLVED,0.0
,,Cisco,66639,Wikidata,https://www.cisco.com/,2026-09-10T04:44:08.496478+00:00,UNRESOLVED,0.0
,,Cummins,,Wikidata,https://www.cummins.com,2026-09-10T04:44:08.498668+00:00,UNRESOLVED,0.0
,,Formula One Group,,Wikidata,https://www.libertymedia.com/formula-one-group,2026-09-10T04:44:08.501344+00:00,UNRESOLVED,0.0
,,Meiji Yasuda Life,,Wikidata,https://www.meijiyasuda.co.jp/,2026-09-10T04:44:08.503736+00:00,UNRESOLVED,0.0
,,Gartner,,Wikidata,https://www.gartner.com/,2026-09-10T04:44:08.505724+00:00,UNRESOLVED,0.0
,,OAG,,Wikidata,https://www.oag.com/,2026-09-10T04:44:08.507736+00:00,UNRESOLVED,0.0
,,Nordstrom,72501,Wikidata,http://www.nordstrom.com,2026-09-10T04:44:08.509701+00:00,UNRESOLVED,0.0
,,Petrol Group,1525,Wikidata,http://www.petrol.eu,2026-09-10T04:44:08.511515+00:00,UNRESOLVED,0.0
,,Petrol Group,1525,Wikidata,https://www.petrol.eu/sl,2026-09-10T04:44:08.513347+00:00,UNRESOLVED,0.0
,,Petrol Group,1525,Wikidata,https://www.petrol.si/,2026-09-10T04:44:08.515311+00:00,UNRESOLVED,0.0
,,Versant Corporation,,Wikidata,http://www.versant.com/,2026-09-10T04:44:08.517655+00:00,UNRESOLVED,0.0
,,Tim Hortons,,Wikidata,https://www.timhortons.com,2026-09-10T04:44:08.519595+00:00,UNRESOLVED,0.0
,,Aabar Investments,,Wikidata,http://www.aabar.ae/,2026-09-10T04:44:08.521333+00:00,UNRESOLVED,0.0
,,Fender Musical Instruments Corporation,,Wikidata,https://www.fender.com/,2026-09-10T04:44:08.523014+00:00,UNRESOLVED,0.0
,,Blu,,Wikidata,http://www.blu.it/,2026-09-10T04:44:08.525040+00:00,UNRESOLVED,0.0
,,Alpine Holding,,Wikidata,http://www.alpine.at/,2026-09-10T04:44:08.526982+00:00,UNRESOLVED,0.0
,,Sartorius AG,,Wikidata,http://www.sartorius.com/,2026-09-10T04:44:08.528701+00:00,UNRESOLVED,0.0
,,"Lietuvos paštas, AB",2711,Wikidata,https://www.post.lt/en/,2026-09-10T04:44:08.530344+00:00,UNRESOLVED,0.0
,,BAX Global,,Wikidata,http://www.dbschenkerusa.com,2026-09-10T04:44:08.532167+00:00,UNRESOLVED,0.0
,,Weekendavisen,,Wikidata,https://www.weekendavisen.dk/,2026-09-10T04:44:08.534266+00:00,UNRESOLVED,0.0
,,Phoenix Contact,20300,Wikidata,http://www.phoenixcontact.com/,2026-09-10T04:44:08.536259+00:00,UNRESOLVED,0.0
,,Horiba,,Wikidata,http://www.jp.horiba.com/,2026-09-10T04:44:08.538093+00:00,UNRESOLVED,0.0
,,Check Point,,Wikidata,https://www.checkpoint.com,2026-09-10T04:44:08.539892+00:00,UNRESOLVED,0.0
,,Computershare,,Wikidata,http://www.computershare.com/,2026-09-10T04:44:08.542037+00:00,UNRESOLVED,0.0
,,Atlas Elektronik,,Wikidata,http://www.atlas-elektronik.com/,2026-09-10T04:44:08.543943+00:00,UNRESOLVED,0.0
,,Maurice Lacroix,,Wikidata,http://www.mauricelacroix.com,2026-09-10T04:44:08.545790+00:00,UNRESOLVED,0.0
,,Radio Televisyen Malaysia,,Wikidata,http://www.rtm.gov.my,2026-09-10T04:44:08.547592+00:00,UNRESOLVED,0.0
,,Gardena AG,,Wikidata,https://www.gardena.com/,2026-09-10T04:44:08.549587+00:00,UNRESOLVED,0.0
,,Gucci,20711,Wikidata,https://www.gucci.com/,2026-09-10T04:44:08.551742+00:00,UNRESOLVED,0.0
,,Qingling Motors,,Wikidata,http://www.qingling.com.cn/,2026-09-10T04:44:08.553663+00:00,UNRESOLVED,0.0
,,Ricoh,,Wikidata,http://www.ricoh.com/,2026-09-10T04:44:08.555468+00:00,UNRESOLVED,0.0
,,Ricoh,,Wikidata,https://jp.ricoh.com/,2026-09-10T04:44:08.557452+00:00,UNRESOLVED,0.0
,,Kearney,,Wikidata,http://www.atkearney.com/,2026-09-10T04:44:08.559379+00:00,UNRESOLVED,0.0
,,Metro-Goldwyn-Mayer,,Wikidata,https://mgm.com/,2026-09-10T04:44:08.561136+00:00,UNRESOLVED,0.0
,,Ornua,,Wikidata,http://www.idb.ie/,2026-09-10T04:44:08.562849+00:00,UNRESOLVED,0.0
,,Bridgestone,,Wikidata,https://www.bridgestone.com/,2026-09-10T04:44:08.564711+00:00,UNRESOLVED,0.0
,,Odebrecht Engenharia & Construção,,Wikidata,http://www.odebrecht-ec.com/,2026-09-10T04:44:08.566989+00:00,UNRESOLVED,0.0
,,Rendition,,Wikidata,http://www.rendition.com,2026-09-10T04:44:08.569047+00:00,UNRESOLVED,0.0
,,Rado,,Wikidata,https://www.rado.com,2026-09-10T04:44:08.570851+00:00,UNRESOLVED,0.0
,,Owens-Illinois,,Wikidata,http://www.o-i.com,2026-09-10T04:44:08.572582+00:00,UNRESOLVED,0.0
,,Fensterfabrik Gebrüder Neuffer,,Wikidata,http://www.neuffer.de,2026-09-10T04:44:08.574752+00:00,UNRESOLVED,0.0
,,Waterloo Maple,,Wikidata,http://www.maplesoft.com/,2026-09-10T04:44:08.576782+00:00,UNRESOLVED,0.0
,,Fahrzeugtechnik Dessau,,Wikidata,http://www.fahrzeugtechnik-dessau.de,2026-09-10T04:44:08.578611+00:00,UNRESOLVED,0.0
,,Alpina Watches,,Wikidata,http://www.alpina-watches.com/,2026-09-10T04:44:08.580315+00:00,UNRESOLVED,0.0
,,Heineken International,,Wikidata,https://www.heinekeninternational.com,2026-09-10T04:44:08.582440+00:00,UNRESOLVED,0.0
,,Heineken International,,Wikidata,https://www.theheinekencompany.com/,2026-09-10T04:44:08.584558+00:00,UNRESOLVED,0.0
,,CAE Inc.,,Wikidata,http://www.cae.com,2026-09-10T04:44:08.586443+00:00,UNRESOLVED,0.0
,,Nvidia Corp,,SEC EDGAR,https://www.sec.gov/edgar/browse/?CIK=0001045810,2026-09-10T04:44:15.531422+00:00,UNRESOLVED,0.0
,,Apple Inc.,,SEC EDGAR,https://www.sec.gov/edgar/browse/?CIK=0000320193,2026-09-10T04:44:15.544078+00:00,UNRESOLVED,0.0
,,Alphabet Inc.,,SEC EDGAR,https://www.sec.gov/edgar/browse/?CIK=0001652044,2026-09-10T04:44:15.546916+00:00,UNRESOLVED,0.0
,,Microsoft Corp,,SEC EDGAR,https://www.sec.gov/edgar/browse/?CIK=0000789019,2026-09-10T04:44:15.549449+00:00,UNRESOLVED,0.0
,,Amazon Com Inc,,SEC EDGAR,https://www.sec.gov/edgar/browse/?CIK=0001018724,2026-09-10T04:44:15.552345+00:00,UNRESOLVED,0.0
,,Broadcom Inc.,,SEC EDGAR,https://www.sec.gov/edgar/browse/?CIK=0001730168,2026-09-10T04:44:15.554824+00:00,UNRESOLVED,0.0
,,"Meta Platforms, Inc.",,SEC EDGAR,https://www.sec.gov/edgar/browse/?CIK=0001326801,2026-09-10T04:44:15.556944+00:00,UNRESOLVED,0.0
,,"Tesla, Inc.",,SEC EDGAR,https://www.sec.gov/edgar/browse/?CIK=0001318605,2026-09-10T04:44:15.559507+00:00,UNRESOLVED,0.0
,,Micron Technology Inc,,SEC EDGAR,https://www.sec.gov/edgar/browse/?CIK=0000723125,2026-09-10T04:44:15.561777+00:00,UNRESOLVED,0.0
,,Berkshire Hathaway Inc,,SEC EDGAR,https://www.sec.gov/edgar/browse/?CIK=0001067983,2026-09-10T04:44:15.563800+00:00,UNRESOLVED,0.0
,,Eli Lilly & Co,,SEC EDGAR,https://www.sec.gov/edgar/browse/?CIK=0000059478,2026-09-10T04:44:15.565675+00:00,UNRESOLVED,0.0
,,Jpmorgan Chase & Co,,SEC EDGAR,https://www.sec.gov/edgar/browse/?CIK=0000019617,2026-09-10T04:44:15.567723+00:00,UNRESOLVED,0.0
,,Walmart Inc.,,SEC EDGAR,https://www.sec.gov/edgar/browse/?CIK=0000104169,2026-09-10T04:44:15.570329+00:00,UNRESOLVED,0.0
,,Advanced Micro Devices Inc,,SEC EDGAR,https://www.sec.gov/edgar/browse/?CIK=0000002488,2026-09-10T04:44:15.572450+00:00,UNRESOLVED,0.0
,,Visa Inc.,,SEC EDGAR,https://www.sec.gov/edgar/browse/?CIK=0001403161,2026-09-10T04:44:15.574327+00:00,UNRESOLVED,0.0
,,Johnson & Johnson,,SEC EDGAR,https://www.sec.gov/edgar/browse/?CIK=0000200406,2026-09-10T04:44:15.576332+00:00,UNRESOLVED,0.0
,,Asml Holding Nv,,SEC EDGAR,https://www.sec.gov/edgar/browse/?CIK=0000937966,2026-09-10T04:44:15.578484+00:00,UNRESOLVED,0.0
,,Exxonmobil Holdings Corp,,SEC EDGAR,https://www.sec.gov/edgar/browse/?CIK=0002115436,2026-09-10T04:44:15.580475+00:00,UNRESOLVED,0.0
,,Mastercard Inc,,SEC EDGAR,https://www.sec.gov/edgar/browse/?CIK=0001141391,2026-09-10T04:44:15.582932+00:00,UNRESOLVED,0.0
,,Intel Corp,,SEC EDGAR,https://www.sec.gov/edgar/browse/?CIK=0000050863,2026-09-10T04:44:15.585298+00:00,UNRESOLVED,0.0
,,Oracle Corp,,SEC EDGAR,https://www.sec.gov/edgar/browse/?CIK=0001341439,2026-09-10T04:44:15.587595+00:00,UNRESOLVED,0.0
,,Abbvie Inc.,,SEC EDGAR,https://www.sec.gov/edgar/browse/?CIK=0001551152,2026-09-10T04:44:15.589669+00:00,UNRESOLVED,0.0
,,Bank Of America Corp /De/,,SEC EDGAR,https://www.sec.gov/edgar/browse/?CIK=0000070858,2026-09-10T04:44:15.591742+00:00,UNRESOLVED,0.0
,,"Cisco Systems, Inc.",,SEC EDGAR,https://www.sec.gov/edgar/browse/?CIK=0000858877,2026-09-10T04:44:15.593936+00:00,UNRESOLVED,0.0
,,Palantir Technologies Inc.,,SEC EDGAR,https://www.sec.gov/edgar/browse/?CIK=0001321655,2026-09-10T04:44:15.595955+00:00,UNRESOLVED,0.0
,,Chevron Corp,,SEC EDGAR,https://www.sec.gov/edgar/browse/?CIK=0000093410,2026-09-10T04:44:15.597831+00:00,UNRESOLVED,0.0
,,Costco Wholesale Corp /New,,SEC EDGAR,https://www.sec.gov/edgar/browse/?CIK=0000909832,2026-09-10T04:44:15.599675+00:00,UNRESOLVED,0.0
,,Lam Research Corp,,SEC EDGAR,https://www.sec.gov/edgar/browse/?CIK=0000707549,2026-09-10T04:44:15.601950+00:00,UNRESOLVED,0.0
,,Coca Cola Co,,SEC EDGAR,https://www.sec.gov/edgar/browse/?CIK=0000021344,2026-09-10T04:44:15.604186+00:00,UNRESOLVED,0.0
,,Caterpillar Inc,,SEC EDGAR,https://www.sec.gov/edgar/browse/?CIK=0000018230,2026-09-10T04:44:15.606179+00:00,UNRESOLVED,0.0
,,"Merck & Co., Inc.",,SEC EDGAR,https://www.sec.gov/edgar/browse/?CIK=0000310158,2026-09-10T04:44:15.608060+00:00,UNRESOLVED,0.0
,,Hsbc Holdings Plc,,SEC EDGAR,https://www.sec.gov/edgar/browse/?CIK=0001089113,2026-09-10T04:44:15.610059+00:00,UNRESOLVED,0.0
,,Applied Materials Inc /De,,SEC EDGAR,https://www.sec.gov/edgar/browse/?CIK=0000006951,2026-09-10T04:44:15.612117+00:00,UNRESOLVED,0.0
,,Unitedhealth Group Inc,,SEC EDGAR,https://www.sec.gov/edgar/browse/?CIK=0000731766,2026-09-10T04:44:15.614009+00:00,UNRESOLVED,0.0
,,General Electric Co,,SEC EDGAR,https://www.sec.gov/edgar/browse/?CIK=0000040545,2026-09-10T04:44:15.615800+00:00,UNRESOLVED,0.0
,,Morgan Stanley,,SEC EDGAR,https://www.sec.gov/edgar/browse/?CIK=0000895421,2026-09-10T04:44:15.617658+00:00,UNRESOLVED,0.0
,,Procter & Gamble Co,,SEC EDGAR,https://www.sec.gov/edgar/browse/?CIK=0000080424,2026-09-10T04:44:15.620109+00:00,UNRESOLVED,0.0
,,Dell Technologies Inc.,,SEC EDGAR,https://www.sec.gov/edgar/browse/?CIK=0001571996,2026-09-10T04:44:15.622287+00:00,UNRESOLVED,0.0
,,"Contemporary Amperex Technology Co., Limited/Adr",,SEC EDGAR,https://www.sec.gov/edgar/browse/?CIK=0002070829,2026-09-10T04:44:15.624312+00:00,UNRESOLVED,0.0
,,Netflix Inc,,SEC EDGAR,https://www.sec.gov/edgar/browse/?CIK=0001065280,2026-09-10T04:44:15.626413+00:00,UNRESOLVED,0.0
,,"Home Depot, Inc.",,SEC EDGAR,https://www.sec.gov/edgar/browse/?CIK=0000354950,2026-09-10T04:44:15.628832+00:00,UNRESOLVED,0.0
,,Novartis Ag,,SEC EDGAR,https://www.sec.gov/edgar/browse/?CIK=0001114448,2026-09-10T04:44:15.630779+00:00,UNRESOLVED,0.0
,,Goldman Sachs Group Inc,,SEC EDGAR,https://www.sec.gov/edgar/browse/?CIK=0000886982,2026-09-10T04:44:15.632570+00:00,UNRESOLVED,0.0
,,Royal Bank Of Canada,,SEC EDGAR,https://www.sec.gov/edgar/browse/?CIK=0001000275,2026-09-10T04:44:15.634448+00:00,UNRESOLVED,0.0
,,Philip Morris International Inc.,,SEC EDGAR,https://www.sec.gov/edgar/browse/?CIK=0001413329,2026-09-10T04:44:15.636856+00:00,UNRESOLVED,0.0
,,Alibaba Group Holding Ltd,,SEC EDGAR,https://www.sec.gov/edgar/browse/?CIK=0001577552,2026-09-10T04:44:15.639064+00:00,UNRESOLVED,0.0
,,Wells Fargo & Company/Mn,,SEC EDGAR,https://www.sec.gov/edgar/browse/?CIK=0000072971,2026-09-10T04:44:15.641088+00:00,UNRESOLVED,0.0
,,Palo Alto Networks Inc,,SEC EDGAR,https://www.sec.gov/edgar/browse/?CIK=0001327567,2026-09-10T04:44:15.643104+00:00,UNRESOLVED,0.0
,,Mitsubishi Ufj Financial Group Inc,,SEC EDGAR,https://www.sec.gov/edgar/browse/?CIK=0000067088,2026-09-10T04:44:15.645338+00:00,UNRESOLVED,0.0
,,Rtx Corp,,SEC EDGAR,https://www.sec.gov/edgar/browse/?CIK=0000101829,2026-09-10T04:44:15.647284+00:00,UNRESOLVED,0.0
,,Arm Holdings Plc /Uk,,SEC EDGAR,https://www.sec.gov/edgar/browse/?CIK=0001973239,2026-09-10T04:44:15.649218+00:00,UNRESOLVED,0.0
,,Shell Plc,,SEC EDGAR,https://www.sec.gov/edgar/browse/?CIK=0001306965,2026-09-10T04:44:15.651340+00:00,UNRESOLVED,0.0
,,Sandisk Corp,,SEC EDGAR,https://www.sec.gov/edgar/browse/?CIK=0002023554,2026-09-10T04:44:15.653827+00:00,UNRESOLVED,0.0
,,Astrazeneca Plc,,SEC EDGAR,https://www.sec.gov/edgar/browse/?CIK=0000901832,2026-09-10T04:44:15.655957+00:00,UNRESOLVED,0.0
,,Ge Vernova Inc.,,SEC EDGAR,https://www.sec.gov/edgar/browse/?CIK=0001996810,2026-09-10T04:44:15.658173+00:00,UNRESOLVED,0.0
,,Sap Se,,SEC EDGAR,https://www.sec.gov/edgar/browse/?CIK=0001000184,2026-09-10T04:44:15.660292+00:00,UNRESOLVED,0.0
,,"Arista Networks, Inc.",,SEC EDGAR,https://www.sec.gov/edgar/browse/?CIK=0001596532,2026-09-10T04:44:15.662367+00:00,UNRESOLVED,0.0
,,Kla Corp,,SEC EDGAR,https://www.sec.gov/edgar/browse/?CIK=0000319201,2026-09-10T04:44:15.668002+00:00,UNRESOLVED,0.0
,,Amgen Inc,,SEC EDGAR,https://www.sec.gov/edgar/browse/?CIK=0000318154,2026-09-10T04:44:15.671165+00:00,UNRESOLVED,0.0
,,Texas Instruments Inc,,SEC EDGAR,https://www.sec.gov/edgar/browse/?CIK=0000097476,2026-09-10T04:44:15.673339+00:00,UNRESOLVED,0.0
,,Toyota Motor Corp/,,SEC EDGAR,https://www.sec.gov/edgar/browse/?CIK=0001094517,2026-09-10T04:44:15.675175+00:00,UNRESOLVED,0.0
,,Citigroup Inc,,SEC EDGAR,https://www.sec.gov/edgar/browse/?CIK=0000831001,2026-09-10T04:44:15.677586+00:00,UNRESOLVED,0.0
,,Bhp Group Ltd,,SEC EDGAR,https://www.sec.gov/edgar/browse/?CIK=0000811809,2026-09-10T04:44:15.680349+00:00,UNRESOLVED,0.0
,,Thermo Fisher Scientific Inc.,,SEC EDGAR,https://www.sec.gov/edgar/browse/?CIK=0000097745,2026-09-10T04:44:15.682409+00:00,UNRESOLVED,0.0
,,International Business Machines Corp,,SEC EDGAR,https://www.sec.gov/edgar/browse/?CIK=0000051143,2026-09-10T04:44:15.684188+00:00,UNRESOLVED,0.0
,,American Express Co,,SEC EDGAR,https://www.sec.gov/edgar/browse/?CIK=0000004962,2026-09-10T04:44:15.686548+00:00,UNRESOLVED,0.0
,,Linde Plc,,SEC EDGAR,https://www.sec.gov/edgar/browse/?CIK=0001707925,2026-09-10T04:44:15.688658+00:00,UNRESOLVED,0.0
,,"Crowdstrike Holdings, Inc.",,SEC EDGAR,https://www.sec.gov/edgar/browse/?CIK=0001535527,2026-09-10T04:44:15.690575+00:00,UNRESOLVED,0.0
,,"Banco Santander, S.A.",,SEC EDGAR,https://www.sec.gov/edgar/browse/?CIK=0000891478,2026-09-10T04:44:15.692610+00:00,UNRESOLVED,0.0
,,"Salesforce, Inc.",,SEC EDGAR,https://www.sec.gov/edgar/browse/?CIK=0001108524,2026-09-10T04:44:15.694856+00:00,UNRESOLVED,0.0
,,Verizon Communications Inc,,SEC EDGAR,https://www.sec.gov/edgar/browse/?CIK=0000732712,2026-09-10T04:44:15.696969+00:00,UNRESOLVED,0.0
,,Rio Tinto Ltd,,SEC EDGAR,https://www.sec.gov/edgar/browse/?CIK=0000887028,2026-09-10T04:44:15.698800+00:00,UNRESOLVED,0.0
,,Novo Nordisk A S,,SEC EDGAR,https://www.sec.gov/edgar/browse/?CIK=0000353278,2026-09-10T04:44:15.700600+00:00,UNRESOLVED,0.0
,,Amphenol Corp /De/,,SEC EDGAR,https://www.sec.gov/edgar/browse/?CIK=0000820313,2026-09-10T04:44:15.702728+00:00,UNRESOLVED,0.0
,,"Marvell Technology, Inc.",,SEC EDGAR,https://www.sec.gov/edgar/browse/?CIK=0001835632,2026-09-10T04:44:15.705021+00:00,UNRESOLVED,0.0
,,Toronto Dominion Bank,,SEC EDGAR,https://www.sec.gov/edgar/browse/?CIK=0000947263,2026-09-10T04:44:15.707059+00:00,UNRESOLVED,0.0
,,Totalenergies Se,,SEC EDGAR,https://www.sec.gov/edgar/browse/?CIK=0000879764,2026-09-10T04:44:15.709063+00:00,UNRESOLVED,0.0
,,"T-Mobile Us, Inc.",,SEC EDGAR,https://www.sec.gov/edgar/browse/?CIK=0001283699,2026-09-10T04:44:15.711266+00:00,UNRESOLVED,0.0
,,Seagate Technology Holdings Plc,,SEC EDGAR,https://www.sec.gov/edgar/browse/?CIK=0001137789,2026-09-10T04:44:15.713226+00:00,UNRESOLVED,0.0
,,Schwab Charles Corp,,SEC EDGAR,https://www.sec.gov/edgar/browse/?CIK=0000316709,2026-09-10T04:44:15.715038+00:00,UNRESOLVED,0.0
,,Shopify Inc.,,SEC EDGAR,https://www.sec.gov/edgar/browse/?CIK=0001594805,2026-09-10T04:44:15.716994+00:00,UNRESOLVED,0.0
,,Pepsico Inc,,SEC EDGAR,https://www.sec.gov/edgar/browse/?CIK=0000077476,2026-09-10T04:44:15.719408+00:00,UNRESOLVED,0.0
,,Abbott Laboratories,,SEC EDGAR,https://www.sec.gov/edgar/browse/?CIK=0000001800,2026-09-10T04:44:15.721535+00:00,UNRESOLVED,0.0
,,"Gilead Sciences, Inc.",,SEC EDGAR,https://www.sec.gov/edgar/browse/?CIK=0000882095,2026-09-10T04:44:15.723443+00:00,UNRESOLVED,0.0
,,Deere & Co,,SEC EDGAR,https://www.sec.gov/edgar/browse/?CIK=0000315189,2026-09-10T04:44:15.725246+00:00,UNRESOLVED,0.0
,,"Blackrock, Inc.",,SEC EDGAR,https://www.sec.gov/edgar/browse/?CIK=0002012383,2026-09-10T04:44:15.727512+00:00,UNRESOLVED,0.0
,,Walt Disney Co,,SEC EDGAR,https://www.sec.gov/edgar/browse/?CIK=0001744489,2026-09-10T04:44:15.729484+00:00,UNRESOLVED,0.0
,,Mcdonalds Corp,,SEC EDGAR,https://www.sec.gov/edgar/browse/?CIK=0000063908,2026-09-10T04:44:15.731517+00:00,UNRESOLVED,0.0
,,Qualcomm Inc/De,,SEC EDGAR,https://www.sec.gov/edgar/browse/?CIK=0000804328,2026-09-10T04:44:15.733341+00:00,UNRESOLVED,0.0
,,At&T Inc.,,SEC EDGAR,https://www.sec.gov/edgar/browse/?CIK=0000732717,2026-09-10T04:44:15.735628+00:00,UNRESOLVED,0.0
,,Analog Devices Inc,,SEC EDGAR,https://www.sec.gov/edgar/browse/?CIK=0000006281,2026-09-10T04:44:15.737849+00:00,UNRESOLVED,0.0
,,Nextera Energy Inc,,SEC EDGAR,https://www.sec.gov/edgar/browse/?CIK=0000753308,2026-09-10T04:44:15.739733+00:00,UNRESOLVED,0.0
,,"Sumitomo Mitsui Financial Group, Inc.",,SEC EDGAR,https://www.sec.gov/edgar/browse/?CIK=0001022837,2026-09-10T04:44:15.741682+00:00,UNRESOLVED,0.0
,,Union Pacific Corp,,SEC EDGAR,https://www.sec.gov/edgar/browse/?CIK=0000100885,2026-09-10T04:44:15.743759+00:00,UNRESOLVED,0.0
,,Welltower Inc.,,SEC EDGAR,https://www.sec.gov/edgar/browse/?CIK=0000766704,2026-09-10T04:44:15.745728+00:00,UNRESOLVED,0.0
,,Ubs Group Ag,,SEC EDGAR,https://www.sec.gov/edgar/browse/?CIK=0001610520,2026-09-10T04:44:15.747605+00:00,UNRESOLVED,0.0
,,Western Digital Corp,,SEC EDGAR,https://www.sec.gov/edgar/browse/?CIK=0000106040,2026-09-10T04:44:15.749326+00:00,UNRESOLVED,0.0
,,Rio Tinto Plc,,SEC EDGAR,https://www.sec.gov/edgar/browse/?CIK=0000863064,2026-09-10T04:44:15.751133+00:00,UNRESOLVED,0.0
,,Southern Copper Corp/,,SEC EDGAR,https://www.sec.gov/edgar/browse/?CIK=0001001838,2026-09-10T04:44:15.753483+00:00,UNRESOLVED,0.0
,,Boeing Co,,SEC EDGAR,https://www.sec.gov/edgar/browse/?CIK=0000012927,2026-09-10T04:44:15.755760+00:00,UNRESOLVED,0.0
,,"Banco Bilbao Vizcaya Argentaria, S.A.",,SEC EDGAR,https://www.sec.gov/edgar/browse/?CIK=0000842180,2026-09-10T04:44:15.757793+00:00,UNRESOLVED,0.0
,,Blackstone Inc.,,SEC EDGAR,https://www.sec.gov/edgar/browse/?CIK=0001393818,2026-09-10T04:44:15.759721+00:00,UNRESOLVED,0.0
,,Pfizer Inc,,SEC EDGAR,https://www.sec.gov/edgar/browse/?CIK=0000078003,2026-09-10T04:44:15.761794+00:00,UNRESOLVED,0.0
,,Conocophillips,,SEC EDGAR,https://www.sec.gov/edgar/browse/?CIK=0001163165,2026-09-10T04:44:15.763932+00:00,UNRESOLVED,0.0
,,Eaton Corp Plc,,SEC EDGAR,https://www.sec.gov/edgar/browse/?CIK=0001551182,2026-09-10T04:44:15.765765+00:00,UNRESOLVED,0.0
,,Deutsche Telekom Ag,,SEC EDGAR,https://www.sec.gov/edgar/browse/?CIK=0000946770,2026-09-10T04:44:15.767623+00:00,UNRESOLVED,0.0
,,Anheuser-Busch Inbev Sa/Nv,,SEC EDGAR,https://www.sec.gov/edgar/browse/?CIK=0001668717,2026-09-10T04:44:15.769925+00:00,UNRESOLVED,0.0
,,"Interactive Brokers Group, Inc.",,SEC EDGAR,https://www.sec.gov/edgar/browse/?CIK=0001381197,2026-09-10T04:44:15.772047+00:00,UNRESOLVED,0.0
,,Advantest Corp,,SEC EDGAR,https://www.sec.gov/edgar/browse/?CIK=0001158838,2026-09-10T04:44:15.773892+00:00,UNRESOLVED,0.0
,,Hitachi Ltd,,SEC EDGAR,https://www.sec.gov/edgar/browse/?CIK=0000047710,2026-09-10T04:44:15.775704+00:00,UNRESOLVED,0.0
,,"Uber Technologies, Inc",,SEC EDGAR,https://www.sec.gov/edgar/browse/?CIK=0001543151,2026-09-10T04:44:15.777735+00:00,UNRESOLVED,0.0
,,"Servicenow, Inc.",,SEC EDGAR,https://www.sec.gov/edgar/browse/?CIK=0001373715,2026-09-10T04:44:15.779649+00:00,UNRESOLVED,0.0
,,Danaher Corp /De/,,SEC EDGAR,https://www.sec.gov/edgar/browse/?CIK=0000313616,2026-09-10T04:44:15.781483+00:00,UNRESOLVED,0.0
,,Tjx Companies Inc /De/,,SEC EDGAR,https://www.sec.gov/edgar/browse/?CIK=0000109198,2026-09-10T04:44:15.783372+00:00,UNRESOLVED,0.0
,,Booking Holdings Inc.,,SEC EDGAR,https://www.sec.gov/edgar/browse/?CIK=0001075531,2026-09-10T04:44:15.789241+00:00,UNRESOLVED,0.0
,,Siemens Energy Ag/Adr,,SEC EDGAR,https://www.sec.gov/edgar/browse/?CIK=0001830056,2026-09-10T04:44:15.791498+00:00,UNRESOLVED,0.0
,,Sony Group Corp,,SEC EDGAR,https://www.sec.gov/edgar/browse/?CIK=0000313838,2026-09-10T04:44:15.793662+00:00,UNRESOLVED,0.0
,,Vertex Pharmaceuticals Inc / Ma,,SEC EDGAR,https://www.sec.gov/edgar/browse/?CIK=0000875320,2026-09-10T04:44:15.795608+00:00,UNRESOLVED,0.0
,,Unilever Plc,,SEC EDGAR,https://www.sec.gov/edgar/browse/?CIK=0000217410,2026-09-10T04:44:15.797391+00:00,UNRESOLVED,0.0
,,Bristol Myers Squibb Co,,SEC EDGAR,https://www.sec.gov/edgar/browse/?CIK=0000014272,2026-09-10T04:44:15.799130+00:00,UNRESOLVED,0.0
,,Mizuho Financial Group Inc,,SEC EDGAR,https://www.sec.gov/edgar/browse/?CIK=0001335730,2026-09-10T04:44:15.800870+00:00,UNRESOLVED,0.0
,,Newmont Corp /De/,,SEC EDGAR,https://www.sec.gov/edgar/browse/?CIK=0001164727,2026-09-10T04:44:15.803119+00:00,UNRESOLVED,0.0
,,Capital One Financial Corp,,SEC EDGAR,https://www.sec.gov/edgar/browse/?CIK=0000927628,2026-09-10T04:44:15.805118+00:00,UNRESOLVED,0.0
,,"Prologis, Inc.",,SEC EDGAR,https://www.sec.gov/edgar/browse/?CIK=0001045609,2026-09-10T04:44:15.806917+00:00,UNRESOLVED,0.0
,,Corning Inc /Ny,,SEC EDGAR,https://www.sec.gov/edgar/browse/?CIK=0000024741,2026-09-10T04:44:15.808666+00:00,UNRESOLVED,0.0
,,Chubb Ltd,,SEC EDGAR,https://www.sec.gov/edgar/browse/?CIK=0000896159,2026-09-10T04:44:15.810805+00:00,UNRESOLVED,0.0
,,Intuitive Surgical Inc,,SEC EDGAR,https://www.sec.gov/edgar/browse/?CIK=0001035267,2026-09-10T04:44:15.812767+00:00,UNRESOLVED,0.0
,,S&P Global Inc.,,SEC EDGAR,https://www.sec.gov/edgar/browse/?CIK=0000064040,2026-09-10T04:44:15.814579+00:00,UNRESOLVED,0.0
,,Petrobras - Petroleo Brasileiro Sa,,SEC EDGAR,https://www.sec.gov/edgar/browse/?CIK=0001119639,2026-09-10T04:44:15.816336+00:00,UNRESOLVED,0.0
,,Progressive Corp/Oh/,,SEC EDGAR,https://www.sec.gov/edgar/browse/?CIK=0000080661,2026-09-10T04:44:15.818236+00:00,UNRESOLVED,0.0
,,Cvs Health Corp,,SEC EDGAR,https://www.sec.gov/edgar/browse/?CIK=0000064803,2026-09-10T04:44:15.820539+00:00,UNRESOLVED,0.0
,,Bank Of Montreal /Can/,,SEC EDGAR,https://www.sec.gov/edgar/browse/?CIK=0000927971,2026-09-10T04:44:15.822654+00:00,UNRESOLVED,0.0
,,Parker-Hannifin Corp,,SEC EDGAR,https://www.sec.gov/edgar/browse/?CIK=0000076334,2026-09-10T04:44:15.824573+00:00,UNRESOLVED,0.0
,,Lockheed Martin Corp,,SEC EDGAR,https://www.sec.gov/edgar/browse/?CIK=0000936468,2026-09-10T04:44:15.826452+00:00,UNRESOLVED,0.0
,,Medtronic Plc,,SEC EDGAR,https://www.sec.gov/edgar/browse/?CIK=0001613103,2026-09-10T04:44:15.828522+00:00,UNRESOLVED,0.0
,,British American Tobacco P.L.C.,,SEC EDGAR,https://www.sec.gov/edgar/browse/?CIK=0001303523,2026-09-10T04:44:15.830340+00:00,UNRESOLVED,0.0
,,Hdfc Bank Ltd,,SEC EDGAR,https://www.sec.gov/edgar/browse/?CIK=0001144967,2026-09-10T04:44:15.832210+00:00,UNRESOLVED,0.0
,,Starbucks Corp,,SEC EDGAR,https://www.sec.gov/edgar/browse/?CIK=0000829224,2026-09-10T04:44:15.834104+00:00,UNRESOLVED,0.0
,,Pdd Holdings Inc.,,SEC EDGAR,https://www.sec.gov/edgar/browse/?CIK=0001737806,2026-09-10T04:44:15.836304+00:00,UNRESOLVED,0.0
,,Snowflake Inc.,,SEC EDGAR,https://www.sec.gov/edgar/browse/?CIK=0001640147,2026-09-10T04:44:15.838381+00:00,UNRESOLVED,0.0
,,Stryker Corp,,SEC EDGAR,https://www.sec.gov/edgar/browse/?CIK=0000310764,2026-09-10T04:44:15.840190+00:00,UNRESOLVED,0.0
,,"Altria Group, Inc.",,SEC EDGAR,https://www.sec.gov/edgar/browse/?CIK=0000764180,2026-09-10T04:44:15.842115+00:00,UNRESOLVED,0.0
,,Lowes Companies Inc,,SEC EDGAR,https://www.sec.gov/edgar/browse/?CIK=0000060667,2026-09-10T04:44:15.844195+00:00,UNRESOLVED,0.0
,,"Fortinet, Inc.",,SEC EDGAR,https://www.sec.gov/edgar/browse/?CIK=0001262039,2026-09-10T04:44:15.850854+00:00,UNRESOLVED,0.0
,,Bank Of Nova Scotia,,SEC EDGAR,https://www.sec.gov/edgar/browse/?CIK=0000009631,2026-09-10T04:44:15.853926+00:00,UNRESOLVED,0.0
,,Accenture Plc,,SEC EDGAR,https://www.sec.gov/edgar/browse/?CIK=0001467373,2026-09-10T04:44:15.856377+00:00,UNRESOLVED,0.0
,,Bp Plc,,SEC EDGAR,https://www.sec.gov/edgar/browse/?CIK=0000313807,2026-09-10T04:44:15.858329+00:00,UNRESOLVED,0.0
,,Bank Of New York Mellon Corp,,SEC EDGAR,https://www.sec.gov/edgar/browse/?CIK=0001390777,2026-09-10T04:44:15.860604+00:00,UNRESOLVED,0.0
,,Spotify Technology S.A.,,SEC EDGAR,https://www.sec.gov/edgar/browse/?CIK=0001639920,2026-09-10T04:44:15.862649+00:00,UNRESOLVED,0.0
,,Automatic Data Processing Inc,,SEC EDGAR,https://www.sec.gov/edgar/browse/?CIK=0000008670,2026-09-10T04:44:15.864515+00:00,UNRESOLVED,0.0
,,"Robinhood Markets, Inc.",,SEC EDGAR,https://www.sec.gov/edgar/browse/?CIK=0001783879,2026-09-10T04:44:15.866333+00:00,UNRESOLVED,0.0
,,Enbridge Inc,,SEC EDGAR,https://www.sec.gov/edgar/browse/?CIK=0000895728,2026-09-10T04:44:15.868320+00:00,UNRESOLVED,0.0
,,Marathon Petroleum Corp,,SEC EDGAR,https://www.sec.gov/edgar/browse/?CIK=0001510295,2026-09-10T04:44:15.870701+00:00,UNRESOLVED,0.0
,,"Airbnb, Inc.",,SEC EDGAR,https://www.sec.gov/edgar/browse/?CIK=0001559720,2026-09-10T04:44:15.872832+00:00,UNRESOLVED,0.0
,,Icici Bank Ltd,,SEC EDGAR,https://www.sec.gov/edgar/browse/?CIK=0001103838,2026-09-10T04:44:15.874589+00:00,UNRESOLVED,0.0
,,Vertiv Holdings Co,,SEC EDGAR,https://www.sec.gov/edgar/browse/?CIK=0001674101,2026-09-10T04:44:15.876627+00:00,UNRESOLVED,0.0
,,Applovin Corp,,SEC EDGAR,https://www.sec.gov/edgar/browse/?CIK=0001751008,2026-09-10T04:44:15.878703+00:00,UNRESOLVED,0.0
,,Valero Energy Corp/Tx,,SEC EDGAR,https://www.sec.gov/edgar/browse/?CIK=0001035002,2026-09-10T04:44:15.880563+00:00,UNRESOLVED,0.0
,,Canadian Imperial Bank Of Commerce /Can/,,SEC EDGAR,https://www.sec.gov/edgar/browse/?CIK=0001045520,2026-09-10T04:44:15.882434+00:00,UNRESOLVED,0.0
,,Ing Groep Nv,,SEC EDGAR,https://www.sec.gov/edgar/browse/?CIK=0001039765,2026-09-10T04:44:15.884271+00:00,UNRESOLVED,0.0
,,Sanofi,,SEC EDGAR,https://www.sec.gov/edgar/browse/?CIK=0001121404,2026-09-10T04:44:15.886578+00:00,UNRESOLVED,0.0
,,Adobe Inc.,,SEC EDGAR,https://www.sec.gov/edgar/browse/?CIK=0000796343,2026-09-10T04:44:15.888607+00:00,UNRESOLVED,0.0
,,Constellation Energy Corp,,SEC EDGAR,https://www.sec.gov/edgar/browse/?CIK=0001868275,2026-09-10T04:44:15.890432+00:00,UNRESOLVED,0.0
,,Mckesson Corp,,SEC EDGAR,https://www.sec.gov/edgar/browse/?CIK=0000927653,2026-09-10T04:44:15.892333+00:00,UNRESOLVED,0.0
,,Freeport-Mcmoran Inc,,SEC EDGAR,https://www.sec.gov/edgar/browse/?CIK=0000831259,2026-09-10T04:44:15.894362+00:00,UNRESOLVED,0.0
,,Canadian Natural Resources Ltd,,SEC EDGAR,https://www.sec.gov/edgar/browse/?CIK=0001017413,2026-09-10T04:44:15.896291+00:00,UNRESOLVED,0.0
,,Agnico Eagle Mines Ltd,,SEC EDGAR,https://www.sec.gov/edgar/browse/?CIK=0000002809,2026-09-10T04:44:15.898227+00:00,UNRESOLVED,0.0
,,Howmet Aerospace Inc.,,SEC EDGAR,https://www.sec.gov/edgar/browse/?CIK=0000004281,2026-09-10T04:44:15.900147+00:00,UNRESOLVED,0.0
,,Phillips 66,,SEC EDGAR,https://www.sec.gov/edgar/browse/?CIK=0001534701,2026-09-10T04:44:15.902366+00:00,UNRESOLVED,0.0
,,Equinix Inc,,SEC EDGAR,https://www.sec.gov/edgar/browse/?CIK=0001101239,2026-09-10T04:44:15.904602+00:00,UNRESOLVED,0.0
,,Southern Co,,SEC EDGAR,https://www.sec.gov/edgar/browse/?CIK=0000092122,2026-09-10T04:44:15.906605+00:00,UNRESOLVED,0.0
,,Cme Group Inc.,,SEC EDGAR,https://www.sec.gov/edgar/browse/?CIK=0001156375,2026-09-10T04:44:15.908467+00:00,UNRESOLVED,0.0
,,Mercadolibre Inc,,SEC EDGAR,https://www.sec.gov/edgar/browse/?CIK=0001099590,2026-09-10T04:44:15.910616+00:00,UNRESOLVED,0.0
,,Gsk Plc,,SEC EDGAR,https://www.sec.gov/edgar/browse/?CIK=0001131399,2026-09-10T04:44:15.912663+00:00,UNRESOLVED,0.0
,,Equinor Asa,,SEC EDGAR,https://www.sec.gov/edgar/browse/?CIK=0001140625,2026-09-10T04:44:15.914578+00:00,UNRESOLVED,0.0
,,Kkr & Co. Inc.,,SEC EDGAR,https://www.sec.gov/edgar/browse/?CIK=0001404912,2026-09-10T04:44:15.916350+00:00,UNRESOLVED,0.0
,,"Cloudflare, Inc.",,SEC EDGAR,https://www.sec.gov/edgar/browse/?CIK=0001477333,2026-09-10T04:44:15.918490+00:00,UNRESOLVED,0.0
,,Us Bancorp \De\,,SEC EDGAR,https://www.sec.gov/edgar/browse/?CIK=0000036104,2026-09-10T04:44:15.920677+00:00,UNRESOLVED,0.0
,,Trane Technologies Plc,,SEC EDGAR,https://www.sec.gov/edgar/browse/?CIK=0001466258,2026-09-10T04:44:15.922702+00:00,UNRESOLVED,0.0
,,"Pnc Financial Services Group, Inc.",,SEC EDGAR,https://www.sec.gov/edgar/browse/?CIK=0000713676,2026-09-10T04:44:15.924516+00:00,UNRESOLVED,0.0
,,"Ase Technology Holding Co., Ltd.",,SEC EDGAR,https://www.sec.gov/edgar/browse/?CIK=0001122411,2026-09-10T04:44:15.926990+00:00,UNRESOLVED,0.0
,,"Midea Group Co., Ltd./Adr",,SEC EDGAR,https://www.sec.gov/edgar/browse/?CIK=0002039784,2026-09-10T04:44:15.929118+00:00,UNRESOLVED,0.0
,,"Tokio Marine Holdings, Inc.",,SEC EDGAR,https://www.sec.gov/edgar/browse/?CIK=0001169486,2026-09-10T04:44:15.930932+00:00,UNRESOLVED,0.0
,,General Dynamics Corp,,SEC EDGAR,https://www.sec.gov/edgar/browse/?CIK=0000040533,2026-09-10T04:44:15.932702+00:00,UNRESOLVED,0.0
,,Comcast Corp,,SEC EDGAR,https://www.sec.gov/edgar/browse/?CIK=0001166691,2026-09-10T04:44:15.934761+00:00,UNRESOLVED,0.0
,,"Quanta Services, Inc.",,SEC EDGAR,https://www.sec.gov/edgar/browse/?CIK=0001050915,2026-09-10T04:44:15.937053+00:00,UNRESOLVED,0.0
,,Duke Energy Corp,,SEC EDGAR,https://www.sec.gov/edgar/browse/?CIK=0001326160,2026-09-10T04:44:15.938994+00:00,UNRESOLVED,0.0
,,"Doordash, Inc.",,SEC EDGAR,https://www.sec.gov/edgar/browse/?CIK=0001792789,2026-09-10T04:44:15.940779+00:00,UNRESOLVED,0.0
,,"Sany Heavy Industries Co., Ltd./Adr",,SEC EDGAR,https://www.sec.gov/edgar/browse/?CIK=0002098326,2026-09-10T04:44:15.942697+00:00,UNRESOLVED,0.0
,,Csx Corp,,SEC EDGAR,https://www.sec.gov/edgar/browse/?CIK=0000277948,2026-09-10T04:44:15.944836+00:00,UNRESOLVED,0.0
,,Intuit Inc.,,SEC EDGAR,https://www.sec.gov/edgar/browse/?CIK=0000896878,2026-09-10T04:44:15.946722+00:00,UNRESOLVED,0.0
,,"Williams Companies, Inc.",,SEC EDGAR,https://www.sec.gov/edgar/browse/?CIK=0000107263,2026-09-10T04:44:15.948577+00:00,UNRESOLVED,0.0
,,Barclays Plc,,SEC EDGAR,https://www.sec.gov/edgar/browse/?CIK=0000312069,2026-09-10T04:44:15.950362+00:00,UNRESOLVED,0.0
,,"Intercontinental Exchange, Inc.",,SEC EDGAR,https://www.sec.gov/edgar/browse/?CIK=0001571949,2026-09-10T04:44:15.952598+00:00,UNRESOLVED,0.0
,,Brookfield Corp /On/,,SEC EDGAR,https://www.sec.gov/edgar/browse/?CIK=0001001085,2026-09-10T04:44:15.954719+00:00,UNRESOLVED,0.0
,,Itau Unibanco Holding S.A.,,SEC EDGAR,https://www.sec.gov/edgar/browse/?CIK=0001132597,2026-09-10T04:44:15.956650+00:00,UNRESOLVED,0.0
,,"Marsh & Mclennan Companies, Inc.",,SEC EDGAR,https://www.sec.gov/edgar/browse/?CIK=0000062709,2026-09-10T04:44:15.958504+00:00,UNRESOLVED,0.0
,,"Elevance Health, Inc.",,SEC EDGAR,https://www.sec.gov/edgar/browse/?CIK=0001156039,2026-09-10T04:44:15.960539+00:00,UNRESOLVED,0.0
,,Lloyds Banking Group Plc,,SEC EDGAR,https://www.sec.gov/edgar/browse/?CIK=0001160106,2026-09-10T04:44:15.962510+00:00,UNRESOLVED,0.0
,,Johnson Controls International Plc,,SEC EDGAR,https://www.sec.gov/edgar/browse/?CIK=0000833444,2026-09-10T04:44:15.964315+00:00,UNRESOLVED,0.0
,,Marriott International Inc /Md/,,SEC EDGAR,https://www.sec.gov/edgar/browse/?CIK=0001048286,2026-09-10T04:44:15.966076+00:00,UNRESOLVED,0.0
,,"Hca Healthcare, Inc.",,SEC EDGAR,https://www.sec.gov/edgar/browse/?CIK=0000860730,2026-09-10T04:44:15.968065+00:00,UNRESOLVED,0.0
,,Waste Management Inc,,SEC EDGAR,https://www.sec.gov/edgar/browse/?CIK=0000823768,2026-09-10T04:44:15.970257+00:00,UNRESOLVED,0.0
,,United Parcel Service Inc,,SEC EDGAR,https://www.sec.gov/edgar/browse/?CIK=0001090727,2026-09-10T04:44:15.972186+00:00,UNRESOLVED,0.0
,,3M Co,,SEC EDGAR,https://www.sec.gov/edgar/browse/?CIK=0000066740,2026-09-10T04:44:15.973918+00:00,UNRESOLVED,0.0
,,Infineon Technologies Ag,,SEC EDGAR,https://www.sec.gov/edgar/browse/?CIK=0001107457,2026-09-10T04:44:15.975819+00:00,UNRESOLVED,0.0
,,Monster Beverage Corp,,SEC EDGAR,https://www.sec.gov/edgar/browse/?CIK=0000865752,2026-09-10T04:44:15.978024+00:00,UNRESOLVED,0.0
,,Moodys Corp /De/,,SEC EDGAR,https://www.sec.gov/edgar/browse/?CIK=0001059556,2026-09-10T04:44:15.979988+00:00,UNRESOLVED,0.0
,,Slb Limited/Nv,,SEC EDGAR,https://www.sec.gov/edgar/browse/?CIK=0000087347,2026-09-10T04:44:15.981765+00:00,UNRESOLVED,0.0
,,Emerson Electric Co,,SEC EDGAR,https://www.sec.gov/edgar/browse/?CIK=0000032604,2026-09-10T04:44:15.983696+00:00,UNRESOLVED,0.0
,,"Regeneron Pharmaceuticals, Inc.",,SEC EDGAR,https://www.sec.gov/edgar/browse/?CIK=0000872589,2026-09-10T04:44:15.985826+00:00,UNRESOLVED,0.0
,,Enterprise Products Partners L.P.,,SEC EDGAR,https://www.sec.gov/edgar/browse/?CIK=0001061219,2026-09-10T04:44:15.988042+00:00,UNRESOLVED,0.0
,,Carvana Co.,,SEC EDGAR,https://www.sec.gov/edgar/browse/?CIK=0001690820,2026-09-10T04:44:15.989999+00:00,UNRESOLVED,0.0
,,American Tower Corp /Ma/,,SEC EDGAR,https://www.sec.gov/edgar/browse/?CIK=0001053507,2026-09-10T04:44:15.991797+00:00,UNRESOLVED,0.0
,,Sherwin Williams Co,,SEC EDGAR,https://www.sec.gov/edgar/browse/?CIK=0000089800,2026-09-10T04:44:15.993950+00:00,UNRESOLVED,0.0
,,Brookfield Asset Management Ltd.,,SEC EDGAR,https://www.sec.gov/edgar/browse/?CIK=0001937926,2026-09-10T04:44:15.995906+00:00,UNRESOLVED,0.0
,,Cadence Design Systems Inc,,SEC EDGAR,https://www.sec.gov/edgar/browse/?CIK=0000813672,2026-09-10T04:44:15.997774+00:00,UNRESOLVED,0.0
,,Canadian Pacific Kansas City Ltd/Cn,,SEC EDGAR,https://www.sec.gov/edgar/browse/?CIK=0000016875,2026-09-10T04:44:15.999555+00:00,UNRESOLVED,0.0
,,Cintas Corp,,SEC EDGAR,https://www.sec.gov/edgar/browse/?CIK=0000723254,2026-09-10T04:44:16.001493+00:00,UNRESOLVED,0.0
,,Simon Property Group Inc.,,SEC EDGAR,https://www.sec.gov/edgar/browse/?CIK=0001063761,2026-09-10T04:44:16.003849+00:00,UNRESOLVED,0.0
,,Suncor Energy Inc,,SEC EDGAR,https://www.sec.gov/edgar/browse/?CIK=0000311337,2026-09-10T04:44:16.005821+00:00,UNRESOLVED,0.0
,,General Motors Co,,SEC EDGAR,https://www.sec.gov/edgar/browse/?CIK=0001467858,2026-09-10T04:44:16.007586+00:00,UNRESOLVED,0.0
,,Lumentum Holdings Inc.,,SEC EDGAR,https://www.sec.gov/edgar/browse/?CIK=0001633978,2026-09-10T04:44:16.009504+00:00,UNRESOLVED,0.0
,,"Apollo Global Management, Inc.",,SEC EDGAR,https://www.sec.gov/edgar/browse/?CIK=0001858681,2026-09-10T04:44:16.011663+00:00,UNRESOLVED,0.0
,,National Grid Plc,,SEC EDGAR,https://www.sec.gov/edgar/browse/?CIK=0001004315,2026-09-10T04:44:16.013474+00:00,UNRESOLVED,0.0
,,Ecolab Inc.,,SEC EDGAR,https://www.sec.gov/edgar/browse/?CIK=0000031462,2026-09-10T04:44:16.015251+00:00,UNRESOLVED,0.0
,,"Mondelez International, Inc.",,SEC EDGAR,https://www.sec.gov/edgar/browse/?CIK=0001103982,2026-09-10T04:44:16.017114+00:00,UNRESOLVED,0.0
,,Deutsche Bank Aktiengesellschaft,,SEC EDGAR,https://www.sec.gov/edgar/browse/?CIK=0001159508,2026-09-10T04:44:16.019156+00:00,UNRESOLVED,0.0
,,"Motorola Solutions, Inc.",,SEC EDGAR,https://www.sec.gov/edgar/browse/?CIK=0000068505,2026-09-10T04:44:16.021237+00:00,UNRESOLVED,0.0
,,Bae Systems Plc /Fi/,,SEC EDGAR,https://www.sec.gov/edgar/browse/?CIK=0000895564,2026-09-10T04:44:16.023086+00:00,UNRESOLVED,0.0
,,Cummins Inc,,SEC EDGAR,https://www.sec.gov/edgar/browse/?CIK=0000026172,2026-09-10T04:44:16.024800+00:00,UNRESOLVED,0.0
,,Eni Spa,,SEC EDGAR,https://www.sec.gov/edgar/browse/?CIK=0001002242,2026-09-10T04:44:16.026890+00:00,UNRESOLVED,0.0
,,"Travelers Companies, Inc.",,SEC EDGAR,https://www.sec.gov/edgar/browse/?CIK=0000086312,2026-09-10T04:44:16.028853+00:00,UNRESOLVED,0.0
,,Illinois Tool Works Inc,,SEC EDGAR,https://www.sec.gov/edgar/browse/?CIK=0000049826,2026-09-10T04:44:16.030680+00:00,UNRESOLVED,0.0
,,"Datadog, Inc.",,SEC EDGAR,https://www.sec.gov/edgar/browse/?CIK=0001561550,2026-09-10T04:44:16.032435+00:00,UNRESOLVED,0.0
,,"Netease, Inc.",,SEC EDGAR,https://www.sec.gov/edgar/browse/?CIK=0001110646,2026-09-10T04:44:16.034216+00:00,UNRESOLVED,0.0
,,Fedex Corp,,SEC EDGAR,https://www.sec.gov/edgar/browse/?CIK=0001048911,2026-09-10T04:44:16.036548+00:00,UNRESOLVED,0.0
,,Eog Resources Inc,,SEC EDGAR,https://www.sec.gov/edgar/browse/?CIK=0000821189,2026-09-10T04:44:16.038774+00:00,UNRESOLVED,0.0
,,Synopsys Inc,,SEC EDGAR,https://www.sec.gov/edgar/browse/?CIK=0000883241,2026-09-10T04:44:16.040619+00:00,UNRESOLVED,0.0
,,Natwest Group Plc,,SEC EDGAR,https://www.sec.gov/edgar/browse/?CIK=0000844150,2026-09-10T04:44:16.042457+00:00,UNRESOLVED,0.0
,,Target Corp,,SEC EDGAR,https://www.sec.gov/edgar/browse/?CIK=0000027419,2026-09-10T04:44:16.044521+00:00,UNRESOLVED,0.0
,,Cigna Group,,SEC EDGAR,https://www.sec.gov/edgar/browse/?CIK=0001739940,2026-09-10T04:44:16.046406+00:00,UNRESOLVED,0.0
,,Canadian National Railway Co,,SEC EDGAR,https://www.sec.gov/edgar/browse/?CIK=0000016868,2026-09-10T04:44:16.048169+00:00,UNRESOLVED,0.0
,,Bloom Energy Corp,,SEC EDGAR,https://www.sec.gov/edgar/browse/?CIK=0001664703,2026-09-10T04:44:16.049857+00:00,UNRESOLVED,0.0
,,Nu Holdings Ltd.,,SEC EDGAR,https://www.sec.gov/edgar/browse/?CIK=0001691493,2026-09-10T04:44:16.051988+00:00,UNRESOLVED,0.0
,,Energy Transfer Lp,,SEC EDGAR,https://www.sec.gov/edgar/browse/?CIK=0001276187,2026-09-10T04:44:16.054111+00:00,UNRESOLVED,0.0
,,"Ross Stores, Inc.",,SEC EDGAR,https://www.sec.gov/edgar/browse/?CIK=0000745732,2026-09-10T04:44:16.056140+00:00,UNRESOLVED,0.0
,,Norfolk Southern Corp,,SEC EDGAR,https://www.sec.gov/edgar/browse/?CIK=0000702165,2026-09-10T04:44:16.057996+00:00,UNRESOLVED,0.0
,,Barrick Mining Corp,,SEC EDGAR,https://www.sec.gov/edgar/browse/?CIK=0000756894,2026-09-10T04:44:16.059787+00:00,UNRESOLVED,0.0
,,Manulife Financial Corp,,SEC EDGAR,https://www.sec.gov/edgar/browse/?CIK=0001086888,2026-09-10T04:44:16.061797+00:00,UNRESOLVED,0.0
,,Northrop Grumman Corp /De/,,SEC EDGAR,https://www.sec.gov/edgar/browse/?CIK=0001133421,2026-09-10T04:44:16.063639+00:00,UNRESOLVED,0.0
,,Ferrari N.V.,,SEC EDGAR,https://www.sec.gov/edgar/browse/?CIK=0001648416,2026-09-10T04:44:16.065479+00:00,UNRESOLVED,0.0
,,"Digital Realty Trust, Inc.",,SEC EDGAR,https://www.sec.gov/edgar/browse/?CIK=0001297996,2026-09-10T04:44:16.067261+00:00,UNRESOLVED,0.0
,,O Reilly Automotive Inc,,SEC EDGAR,https://www.sec.gov/edgar/browse/?CIK=0000898173,2026-09-10T04:44:16.069178+00:00,UNRESOLVED,0.0
,,Royal Caribbean Cruises Ltd,,SEC EDGAR,https://www.sec.gov/edgar/browse/?CIK=0000884887,2026-09-10T04:44:16.071346+00:00,UNRESOLVED,0.0
,,"Warner Bros. Discovery, Inc.",,SEC EDGAR,https://www.sec.gov/edgar/browse/?CIK=0001437107,2026-09-10T04:44:16.073186+00:00,UNRESOLVED,0.0
,,Colgate Palmolive Co,,SEC EDGAR,https://www.sec.gov/edgar/browse/?CIK=0000021665,2026-09-10T04:44:16.074943+00:00,UNRESOLVED,0.0
,,Wheaton Precious Metals Corp.,,SEC EDGAR,https://www.sec.gov/edgar/browse/?CIK=0001323404,2026-09-10T04:44:16.076839+00:00,UNRESOLVED,0.0
,,Hilton Worldwide Holdings Inc.,,SEC EDGAR,https://www.sec.gov/edgar/browse/?CIK=0001585689,2026-09-10T04:44:16.078800+00:00,UNRESOLVED,0.0
,,"Kinder Morgan, Inc.",,SEC EDGAR,https://www.sec.gov/edgar/browse/?CIK=0001506307,2026-09-10T04:44:16.080621+00:00,UNRESOLVED,0.0
,,Boston Scientific Corp,,SEC EDGAR,https://www.sec.gov/edgar/browse/?CIK=0000885725,2026-09-10T04:44:16.082364+00:00,UNRESOLVED,0.0
,,Hewlett Packard Enterprise Co,,SEC EDGAR,https://www.sec.gov/edgar/browse/?CIK=0001645590,2026-09-10T04:44:16.084070+00:00,UNRESOLVED,0.0
,,America Movil Sab De Cv/,,SEC EDGAR,https://www.sec.gov/edgar/browse/?CIK=0001129137,2026-09-10T04:44:16.086401+00:00,UNRESOLVED,0.0
,,Aon Plc,,SEC EDGAR,https://www.sec.gov/edgar/browse/?CIK=0000315293,2026-09-10T04:44:16.088518+00:00,UNRESOLVED,0.0
,,"Republic Services, Inc.",,SEC EDGAR,https://www.sec.gov/edgar/browse/?CIK=0001060391,2026-09-10T04:44:16.090439+00:00,UNRESOLVED,0.0
,,American Electric Power Co Inc,,SEC EDGAR,https://www.sec.gov/edgar/browse/?CIK=0000004904,2026-09-10T04:44:16.092296+00:00,UNRESOLVED,0.0
,,Arthur J. Gallagher & Co.,,SEC EDGAR,https://www.sec.gov/edgar/browse/?CIK=0000354190,2026-09-10T04:44:16.094271+00:00,UNRESOLVED,0.0
,,"Air Products & Chemicals, Inc.",,SEC EDGAR,https://www.sec.gov/edgar/browse/?CIK=0000002969,2026-09-10T04:44:16.096126+00:00,UNRESOLVED,0.0
,,Honeywell International Inc,,SEC EDGAR,https://www.sec.gov/edgar/browse/?CIK=0000773840,2026-09-10T04:44:16.097868+00:00,UNRESOLVED,0.0
,,"Jiangsu Hengrui Pharmaceuticals Co., Ltd./Adr",,SEC EDGAR,https://www.sec.gov/edgar/browse/?CIK=0002071868,2026-09-10T04:44:16.099621+00:00,UNRESOLVED,0.0
,,Paccar Inc,,SEC EDGAR,https://www.sec.gov/edgar/browse/?CIK=0000075362,2026-09-10T04:44:16.101388+00:00,UNRESOLVED,0.0
,,Allstate Corp,,SEC EDGAR,https://www.sec.gov/edgar/browse/?CIK=0000899051,2026-09-10T04:44:16.103746+00:00,UNRESOLVED,0.0
,,Vale S.A.,,SEC EDGAR,https://www.sec.gov/edgar/browse/?CIK=0000917851,2026-09-10T04:44:16.105713+00:00,UNRESOLVED,0.0
,,Argenx Se,,SEC EDGAR,https://www.sec.gov/edgar/browse/?CIK=0001697862,2026-09-10T04:44:16.107568+00:00,UNRESOLVED,0.0
,,Transdigm Group Inc,,SEC EDGAR,https://www.sec.gov/edgar/browse/?CIK=0001260221,2026-09-10T04:44:16.109537+00:00,UNRESOLVED,0.0
,,"Cencora, Inc.",,SEC EDGAR,https://www.sec.gov/edgar/browse/?CIK=0001140859,2026-09-10T04:44:16.111629+00:00,UNRESOLVED,0.0
,,Truist Financial Corp,,SEC EDGAR,https://www.sec.gov/edgar/browse/?CIK=0000092230,2026-09-10T04:44:16.113428+00:00,UNRESOLVED,0.0
,,Baker Hughes Co,,SEC EDGAR,https://www.sec.gov/edgar/browse/?CIK=0001701605,2026-09-10T04:44:16.115368+00:00,UNRESOLVED,0.0
,,"United Rentals, Inc.",,SEC EDGAR,https://www.sec.gov/edgar/browse/?CIK=0001067701,2026-09-10T04:44:16.117219+00:00,UNRESOLVED,0.0
,,Crh Public Ltd Co,,SEC EDGAR,https://www.sec.gov/edgar/browse/?CIK=0000849395,2026-09-10T04:44:16.119157+00:00,UNRESOLVED,0.0
,,"W.W. Grainger, Inc.",,SEC EDGAR,https://www.sec.gov/edgar/browse/?CIK=0000277135,2026-09-10T04:44:16.121357+00:00,UNRESOLVED,0.0
,,Targa Resources Corp.,,SEC EDGAR,https://www.sec.gov/edgar/browse/?CIK=0001389170,2026-09-10T04:44:16.123419+00:00,UNRESOLVED,0.0
,,Metlife Inc,,SEC EDGAR,https://www.sec.gov/edgar/browse/?CIK=0001099219,2026-09-10T04:44:16.125239+00:00,UNRESOLVED,0.0
,,Relx Plc,,SEC EDGAR,https://www.sec.gov/edgar/browse/?CIK=0000929869,2026-09-10T04:44:16.127278+00:00,UNRESOLVED,0.0
,,Nebius Group N.V.,,SEC EDGAR,https://www.sec.gov/edgar/browse/?CIK=0001513845,2026-09-10T04:44:16.129165+00:00,UNRESOLVED,0.0
,,Csl Ltd,,SEC EDGAR,https://www.sec.gov/edgar/browse/?CIK=0001274152,2026-09-10T04:44:16.130998+00:00,UNRESOLVED,0.0
,,Mplx Lp,,SEC EDGAR,https://www.sec.gov/edgar/browse/?CIK=0001552000,2026-09-10T04:44:16.132784+00:00,UNRESOLVED,0.0
,,Te Connectivity Plc,,SEC EDGAR,https://www.sec.gov/edgar/browse/?CIK=0001385157,2026-09-10T04:44:16.134623+00:00,UNRESOLVED,0.0
,,"Cheniere Energy, Inc.",,SEC EDGAR,https://www.sec.gov/edgar/browse/?CIK=0000003570,2026-09-10T04:44:16.136884+00:00,UNRESOLVED,0.0
,,Oneok Inc /New/,,SEC EDGAR,https://www.sec.gov/edgar/browse/?CIK=0001039684,2026-09-10T04:44:16.138882+00:00,UNRESOLVED,0.0
,,"Monolithic Power Systems, Inc.",,SEC EDGAR,https://www.sec.gov/edgar/browse/?CIK=0001280452,2026-09-10T04:44:16.140682+00:00,UNRESOLVED,0.0
,,Occidental Petroleum Corp /De/,,SEC EDGAR,https://www.sec.gov/edgar/browse/?CIK=0000797468,2026-09-10T04:44:16.142622+00:00,UNRESOLVED,0.0
,,Great-West Lifeco Inc.,,SEC EDGAR,https://www.sec.gov/edgar/browse/?CIK=0000850918,2026-09-10T04:44:16.144702+00:00,UNRESOLVED,0.0
,,Cenovus Energy Inc.,,SEC EDGAR,https://www.sec.gov/edgar/browse/?CIK=0001475260,2026-09-10T04:44:16.150221+00:00,UNRESOLVED,0.0
,,Arcelormittal,,SEC EDGAR,https://www.sec.gov/edgar/browse/?CIK=0001243429,2026-09-10T04:44:16.152952+00:00,UNRESOLVED,0.0
,,Nucor Corp,,SEC EDGAR,https://www.sec.gov/edgar/browse/?CIK=0000073309,2026-09-10T04:44:16.155089+00:00,UNRESOLVED,0.0
,,Takeda Pharmaceutical Co Ltd,,SEC EDGAR,https://www.sec.gov/edgar/browse/?CIK=0001395064,2026-09-10T04:44:16.157235+00:00,UNRESOLVED,0.0
,,Aflac Inc,,SEC EDGAR,https://www.sec.gov/edgar/browse/?CIK=0000004977,2026-09-10T04:44:16.159201+00:00,UNRESOLVED,0.0
,,"Corteva, Inc.",,SEC EDGAR,https://www.sec.gov/edgar/browse/?CIK=0001755672,2026-09-10T04:44:16.161883+00:00,UNRESOLVED,0.0
,,Ford Motor Co,,SEC EDGAR,https://www.sec.gov/edgar/browse/?CIK=0000037996,2026-09-10T04:44:16.164340+00:00,UNRESOLVED,0.0
,,"Moderna, Inc.",,SEC EDGAR,https://www.sec.gov/edgar/browse/?CIK=0001682852,2026-09-10T04:44:16.166294+00:00,UNRESOLVED,0.0
,,Realty Income Corp,,SEC EDGAR,https://www.sec.gov/edgar/browse/?CIK=0000726728,2026-09-10T04:44:16.168453+00:00,UNRESOLVED,0.0
,,"Dominion Energy, Inc",,SEC EDGAR,https://www.sec.gov/edgar/browse/?CIK=0000715957,2026-09-10T04:44:16.170992+00:00,UNRESOLVED,0.0
,,London Stock Exchange Group Plc,,SEC EDGAR,https://www.sec.gov/edgar/browse/?CIK=0001842726,2026-09-10T04:44:16.172919+00:00,UNRESOLVED,0.0
,,Cardinal Health Inc,,SEC EDGAR,https://www.sec.gov/edgar/browse/?CIK=0000721371,2026-09-10T04:44:16.174789+00:00,UNRESOLVED,0.0
,,Nxp Semiconductors N.V.,,SEC EDGAR,https://www.sec.gov/edgar/browse/?CIK=0001413447,2026-09-10T04:44:16.176700+00:00,UNRESOLVED,0.0
,,"Nike, Inc.",,SEC EDGAR,https://www.sec.gov/edgar/browse/?CIK=0000320187,2026-09-10T04:44:16.178756+00:00,UNRESOLVED,0.0
,,Fastenal Co,,SEC EDGAR,https://www.sec.gov/edgar/browse/?CIK=0000815556,2026-09-10T04:44:16.180716+00:00,UNRESOLVED,0.0
,,Strategy Inc,,SEC EDGAR,https://www.sec.gov/edgar/browse/?CIK=0001050446,2026-09-10T04:44:16.182551+00:00,UNRESOLVED,0.0
,,Comfort Systems Usa Inc,,SEC EDGAR,https://www.sec.gov/edgar/browse/?CIK=0001035983,2026-09-10T04:44:16.184583+00:00,UNRESOLVED,0.0
,,Public Storage,,SEC EDGAR,https://www.sec.gov/edgar/browse/?CIK=0001393311,2026-09-10T04:44:16.186857+00:00,UNRESOLVED,0.0
,,Nokia Corp,,SEC EDGAR,https://www.sec.gov/edgar/browse/?CIK=0000924613,2026-09-10T04:44:16.188787+00:00,UNRESOLVED,0.0
,,"Teradyne, Inc",,SEC EDGAR,https://www.sec.gov/edgar/browse/?CIK=0000097210,2026-09-10T04:44:16.190469+00:00,UNRESOLVED,0.0
,,"Diamondback Energy, Inc.",,SEC EDGAR,https://www.sec.gov/edgar/browse/?CIK=0001539838,2026-09-10T04:44:16.192382+00:00,UNRESOLVED,0.0
,,"Keysight Technologies, Inc.",,SEC EDGAR,https://www.sec.gov/edgar/browse/?CIK=0001601046,2026-09-10T04:44:16.194593+00:00,UNRESOLVED,0.0
,,Coherent Corp.,,SEC EDGAR,https://www.sec.gov/edgar/browse/?CIK=0000820318,2026-09-10T04:44:16.196582+00:00,UNRESOLVED,0.0
,,Anglogold Ashanti Plc,,SEC EDGAR,https://www.sec.gov/edgar/browse/?CIK=0001973832,2026-09-10T04:44:16.198472+00:00,UNRESOLVED,0.0
,,Sempra,,SEC EDGAR,https://www.sec.gov/edgar/browse/?CIK=0001032208,2026-09-10T04:44:16.200224+00:00,UNRESOLVED,0.0
,,Ametek Inc/,,SEC EDGAR,https://www.sec.gov/edgar/browse/?CIK=0001037868,2026-09-10T04:44:16.202494+00:00,UNRESOLVED,0.0
,,"Nasdaq, Inc.",,SEC EDGAR,https://www.sec.gov/edgar/browse/?CIK=0001120193,2026-09-10T04:44:16.204666+00:00,UNRESOLVED,0.0
,,"Astera Labs, Inc.",,SEC EDGAR,https://www.sec.gov/edgar/browse/?CIK=0001736297,2026-09-10T04:44:16.206562+00:00,UNRESOLVED,0.0
,,Garmin Ltd,,SEC EDGAR,https://www.sec.gov/edgar/browse/?CIK=0001121788,2026-09-10T04:44:16.208421+00:00,UNRESOLVED,0.0
,,State Street Corp,,SEC EDGAR,https://www.sec.gov/edgar/browse/?CIK=0000093751,2026-09-10T04:44:16.210431+00:00,UNRESOLVED,0.0
,,E.On Se,,SEC EDGAR,https://www.sec.gov/edgar/browse/?CIK=0001136808,2026-09-10T04:44:16.212415+00:00,UNRESOLVED,0.0
,,Devon Energy Corp/De,,SEC EDGAR,https://www.sec.gov/edgar/browse/?CIK=0001090012,2026-09-10T04:44:16.214252+00:00,UNRESOLVED,0.0
,,"Delta Air Lines, Inc.",,SEC EDGAR,https://www.sec.gov/edgar/browse/?CIK=0000027904,2026-09-10T04:44:16.216113+00:00,UNRESOLVED,0.0
,,United Microelectronics Corp,,SEC EDGAR,https://www.sec.gov/edgar/browse/?CIK=0001033767,2026-09-10T04:44:16.217969+00:00,UNRESOLVED,0.0
,,Edwards Lifesciences Corp,,SEC EDGAR,https://www.sec.gov/edgar/browse/?CIK=0001099800,2026-09-10T04:44:16.220325+00:00,UNRESOLVED,0.0
,,Franco Nevada Corp,,SEC EDGAR,https://www.sec.gov/edgar/browse/?CIK=0001456346,2026-09-10T04:44:16.222238+00:00,UNRESOLVED,0.0
,,Entergy Corp /De/,,SEC EDGAR,https://www.sec.gov/edgar/browse/?CIK=0000065984,2026-09-10T04:44:16.224093+00:00,UNRESOLVED,0.0
,,Honeywell Aerospace Inc.,,SEC EDGAR,https://www.sec.gov/edgar/browse/?CIK=0002089271,2026-09-10T04:44:16.226097+00:00,UNRESOLVED,0.0
,,Vivmark Residential,,SEC EDGAR,https://www.sec.gov/edgar/browse/?CIK=0000906107,2026-09-10T04:44:16.228279+00:00,UNRESOLVED,0.0
,,Becton Dickinson & Co,,SEC EDGAR,https://www.sec.gov/edgar/browse/?CIK=0000010795,2026-09-10T04:44:16.230240+00:00,UNRESOLVED,0.0
,,Vistra Corp.,,SEC EDGAR,https://www.sec.gov/edgar/browse/?CIK=0001692819,2026-09-10T04:44:16.232097+00:00,UNRESOLVED,0.0
cerebras,Cerebras Systems,Cerebras Systems Inc.,,SEC EDGAR,https://www.sec.gov/edgar/browse/?CIK=0002021728,2026-09-10T04:44:16.234000+00:00,EXACT_CANONICAL_NAME,0.99
,,Fifth Third Bancorp,,SEC EDGAR,https://www.sec.gov/edgar/browse/?CIK=0000035527,2026-09-10T04:44:16.236244+00:00,UNRESOLVED,0.0
,,"Block, Inc.",,SEC EDGAR,https://www.sec.gov/edgar/browse/?CIK=0001512673,2026-09-10T04:44:16.238267+00:00,UNRESOLVED,0.0
,,Diageo Plc,,SEC EDGAR,https://www.sec.gov/edgar/browse/?CIK=0000835403,2026-09-10T04:44:16.240040+00:00,UNRESOLVED,0.0
,,Ameriprise Financial Inc,,SEC EDGAR,https://www.sec.gov/edgar/browse/?CIK=0000820027,2026-09-10T04:44:16.241818+00:00,UNRESOLVED,0.0
coreweave,CoreWeave,"Coreweave, Inc.",,SEC EDGAR,https://www.sec.gov/edgar/browse/?CIK=0001769628,2026-09-10T04:44:16.244399+00:00,EXACT_CONFIGURED_ALIAS,1.0
,,Medline Inc.,,SEC EDGAR,https://www.sec.gov/edgar/browse/?CIK=0002046386,2026-09-10T04:44:16.246681+00:00,UNRESOLVED,0.0
,,Carrier Global Corp,,SEC EDGAR,https://www.sec.gov/edgar/browse/?CIK=0001783180,2026-09-10T04:44:16.248464+00:00,UNRESOLVED,0.0
,,"Coinbase Global, Inc.",,SEC EDGAR,https://www.sec.gov/edgar/browse/?CIK=0001679788,2026-09-10T04:44:16.250287+00:00,UNRESOLVED,0.0
,,"Rockwell Automation, Inc",,SEC EDGAR,https://www.sec.gov/edgar/browse/?CIK=0001024478,2026-09-10T04:44:16.252592+00:00,UNRESOLVED,0.0
,,Humana Inc,,SEC EDGAR,https://www.sec.gov/edgar/browse/?CIK=0000049071,2026-09-10T04:44:16.254656+00:00,UNRESOLVED,0.0
,,Atlassian Corp,,SEC EDGAR,https://www.sec.gov/edgar/browse/?CIK=0001650372,2026-09-10T04:44:16.256461+00:00,UNRESOLVED,0.0
,,Westinghouse Air Brake Technologies Corp,,SEC EDGAR,https://www.sec.gov/edgar/browse/?CIK=0000943452,2026-09-10T04:44:16.258201+00:00,UNRESOLVED,0.0
,,"L3Harris Technologies, Inc. /De/",,SEC EDGAR,https://www.sec.gov/edgar/browse/?CIK=0000202058,2026-09-10T04:44:16.260134+00:00,UNRESOLVED,0.0
,,Infosys Ltd,,SEC EDGAR,https://www.sec.gov/edgar/browse/?CIK=0001067491,2026-09-10T04:44:16.261991+00:00,UNRESOLVED,0.0
,,"Natera, Inc.",,SEC EDGAR,https://www.sec.gov/edgar/browse/?CIK=0001604821,2026-09-10T04:44:16.263774+00:00,UNRESOLVED,0.0
,,Xcel Energy Inc,,SEC EDGAR,https://www.sec.gov/edgar/browse/?CIK=0000072903,2026-09-10T04:44:16.265638+00:00,UNRESOLVED,0.0
,,"Workday, Inc.",,SEC EDGAR,https://www.sec.gov/edgar/browse/?CIK=0001327811,2026-09-10T04:44:16.267464+00:00,UNRESOLVED,0.0
,,"Paypal Holdings, Inc.",,SEC EDGAR,https://www.sec.gov/edgar/browse/?CIK=0001633917,2026-09-10T04:44:16.269639+00:00,UNRESOLVED,0.0
,,Chipotle Mexican Grill Inc,,SEC EDGAR,https://www.sec.gov/edgar/browse/?CIK=0001058090,2026-09-10T04:44:16.271664+00:00,UNRESOLVED,0.0
,,Coca-Cola Europacific Partners Plc,,SEC EDGAR,https://www.sec.gov/edgar/browse/?CIK=0001650107,2026-09-10T04:44:16.273457+00:00,UNRESOLVED,0.0
,,Stmicroelectronics N.V.,,SEC EDGAR,https://www.sec.gov/edgar/browse/?CIK=0000932787,2026-09-10T04:44:16.275205+00:00,UNRESOLVED,0.0
,,Ambev S.A.,,SEC EDGAR,https://www.sec.gov/edgar/browse/?CIK=0001565025,2026-09-10T04:44:16.277584+00:00,UNRESOLVED,0.0
,,"Ventas, Inc.",,SEC EDGAR,https://www.sec.gov/edgar/browse/?CIK=0000740260,2026-09-10T04:44:16.279623+00:00,UNRESOLVED,0.0
,,Ares Management Corp,,SEC EDGAR,https://www.sec.gov/edgar/browse/?CIK=0001176948,2026-09-10T04:44:16.281347+00:00,UNRESOLVED,0.0
,,Ebay Inc,,SEC EDGAR,https://www.sec.gov/edgar/browse/?CIK=0001065088,2026-09-10T04:44:16.283181+00:00,UNRESOLVED,0.0
,,Thomson Reuters Corp /Can/,,SEC EDGAR,https://www.sec.gov/edgar/browse/?CIK=0001075124,2026-09-10T04:44:16.285407+00:00,UNRESOLVED,0.0
,,"Autodesk, Inc.",,SEC EDGAR,https://www.sec.gov/edgar/browse/?CIK=0000769397,2026-09-10T04:44:16.287544+00:00,UNRESOLVED,0.0
,,Ciena Corp,,SEC EDGAR,https://www.sec.gov/edgar/browse/?CIK=0000936395,2026-09-10T04:44:16.289370+00:00,UNRESOLVED,0.0
,,Galderma Group Ag/Adr,,SEC EDGAR,https://www.sec.gov/edgar/browse/?CIK=0002021390,2026-09-10T04:44:16.291178+00:00,UNRESOLVED,0.0
,,Heico Corp,,SEC EDGAR,https://www.sec.gov/edgar/browse/?CIK=0000046619,2026-09-10T04:44:16.292937+00:00,UNRESOLVED,0.0
,,Kb Financial Group Inc.,,SEC EDGAR,https://www.sec.gov/edgar/browse/?CIK=0001445930,2026-09-10T04:44:16.294976+00:00,UNRESOLVED,0.0
,,Sun Life Financial Inc,,SEC EDGAR,https://www.sec.gov/edgar/browse/?CIK=0001097362,2026-09-10T04:44:16.296843+00:00,UNRESOLVED,0.0
,,"Revolution Medicines, Inc.",,SEC EDGAR,https://www.sec.gov/edgar/browse/?CIK=0001628171,2026-09-10T04:44:16.298619+00:00,UNRESOLVED,0.0
,,Exelon Corp,,SEC EDGAR,https://www.sec.gov/edgar/browse/?CIK=0001109357,2026-09-10T04:44:16.300372+00:00,UNRESOLVED,0.0
,,Banco Santander (Brasil) S.A.,,SEC EDGAR,https://www.sec.gov/edgar/browse/?CIK=0001471055,2026-09-10T04:44:16.302503+00:00,UNRESOLVED,0.0
,,Veeva Systems Inc,,SEC EDGAR,https://www.sec.gov/edgar/browse/?CIK=0001393052,2026-09-10T04:44:16.304648+00:00,UNRESOLVED,0.0
,,Keurig Dr Pepper Inc.,,SEC EDGAR,https://www.sec.gov/edgar/browse/?CIK=0001418135,2026-09-10T04:44:16.306587+00:00,UNRESOLVED,0.0
,,Ferguson Enterprises Inc. /De/,,SEC EDGAR,https://www.sec.gov/edgar/browse/?CIK=0002011641,2026-09-10T04:44:16.308401+00:00,UNRESOLVED,0.0
,,Reckitt Benckiser Group Plc,,SEC EDGAR,https://www.sec.gov/edgar/browse/?CIK=0001420798,2026-09-10T04:44:16.310491+00:00,UNRESOLVED,0.0
,,Iqvia Holdings Inc.,,SEC EDGAR,https://www.sec.gov/edgar/browse/?CIK=0001478242,2026-09-10T04:44:16.312434+00:00,UNRESOLVED,0.0
,,Cameco Corp,,SEC EDGAR,https://www.sec.gov/edgar/browse/?CIK=0001009001,2026-09-10T04:44:16.314289+00:00,UNRESOLVED,0.0
,,Bayerische Motoren Werke Ag/Adr,,SEC EDGAR,https://www.sec.gov/edgar/browse/?CIK=0001446250,2026-09-10T04:44:16.316135+00:00,UNRESOLVED,0.0
,,Paychex Inc,,SEC EDGAR,https://www.sec.gov/edgar/browse/?CIK=0000723531,2026-09-10T04:44:16.318161+00:00,UNRESOLVED,0.0
,,Sumitomo Electric Industries Ltd/Adr/,,SEC EDGAR,https://www.sec.gov/edgar/browse/?CIK=0000095227,2026-09-10T04:44:16.320438+00:00,UNRESOLVED,0.0
,,"Cbre Group, Inc.",,SEC EDGAR,https://www.sec.gov/edgar/browse/?CIK=0001138118,2026-09-10T04:44:16.322403+00:00,UNRESOLVED,0.0
,,"Agilent Technologies, Inc.",,SEC EDGAR,https://www.sec.gov/edgar/browse/?CIK=0001090872,2026-09-10T04:44:16.324192+00:00,UNRESOLVED,0.0
,,Honda Motor Co Ltd,,SEC EDGAR,https://www.sec.gov/edgar/browse/?CIK=0000715153,2026-09-10T04:44:16.325984+00:00,UNRESOLVED,0.0
,,Teva Pharmaceutical Industries Ltd,,SEC EDGAR,https://www.sec.gov/edgar/browse/?CIK=0000818686,2026-09-10T04:44:16.328090+00:00,UNRESOLVED,0.0
,,Gold Fields Ltd,,SEC EDGAR,https://www.sec.gov/edgar/browse/?CIK=0001172724,2026-09-10T04:44:16.329969+00:00,UNRESOLVED,0.0
,,Haleon Plc,,SEC EDGAR,https://www.sec.gov/edgar/browse/?CIK=0001900304,2026-09-10T04:44:16.331741+00:00,UNRESOLVED,0.0
,,Idexx Laboratories Inc /De,,SEC EDGAR,https://www.sec.gov/edgar/browse/?CIK=0000874716,2026-09-10T04:44:16.333616+00:00,UNRESOLVED,0.0
,,Prudential Financial Inc,,SEC EDGAR,https://www.sec.gov/edgar/browse/?CIK=0001137774,2026-09-10T04:44:16.335838+00:00,UNRESOLVED,0.0
,,"Axon Enterprise, Inc.",,SEC EDGAR,https://www.sec.gov/edgar/browse/?CIK=0001069183,2026-09-10T04:44:16.337872+00:00,UNRESOLVED,0.0
,,Ferrovial N.V.,,SEC EDGAR,https://www.sec.gov/edgar/browse/?CIK=0001468522,2026-09-10T04:44:16.339653+00:00,UNRESOLVED,0.0
,,Jx Advanced Metals Corporation/Adr,,SEC EDGAR,https://www.sec.gov/edgar/browse/?CIK=0002065485,2026-09-10T04:44:16.341374+00:00,UNRESOLVED,0.0
,,Msci Inc.,,SEC EDGAR,https://www.sec.gov/edgar/browse/?CIK=0001408198,2026-09-10T04:44:16.343237+00:00,UNRESOLVED,0.0
,,Orix Corp,,SEC EDGAR,https://www.sec.gov/edgar/browse/?CIK=0001070304,2026-09-10T04:44:16.345332+00:00,UNRESOLVED,0.0
,,"Waste Connections, Inc.",,SEC EDGAR,https://www.sec.gov/edgar/browse/?CIK=0001318220,2026-09-10T04:44:16.347176+00:00,UNRESOLVED,0.0
,,Yum Brands Inc,,SEC EDGAR,https://www.sec.gov/edgar/browse/?CIK=0001041061,2026-09-10T04:44:16.348942+00:00,UNRESOLVED,0.0
,,Rocket Lab Corp,,SEC EDGAR,https://www.sec.gov/edgar/browse/?CIK=0001819994,2026-09-10T04:44:16.350664+00:00,UNRESOLVED,0.0
,,Mexican Economic Development Inc,,SEC EDGAR,https://www.sec.gov/edgar/browse/?CIK=0001061736,2026-09-10T04:44:16.352753+00:00,UNRESOLVED,0.0
,,Archer-Daniels-Midland Co,,SEC EDGAR,https://www.sec.gov/edgar/browse/?CIK=0000007084,2026-09-10T04:44:16.354848+00:00,UNRESOLVED,0.0
,,Swisscom Ag,,SEC EDGAR,https://www.sec.gov/edgar/browse/?CIK=0001069336,2026-09-10T04:44:16.356819+00:00,UNRESOLVED,0.0
,,Beone Medicines Ltd.,,SEC EDGAR,https://www.sec.gov/edgar/browse/?CIK=0001651308,2026-09-10T04:44:16.358569+00:00,UNRESOLVED,0.0
,,Flex Ltd.,,SEC EDGAR,https://www.sec.gov/edgar/browse/?CIK=0000866374,2026-09-10T04:44:16.360619+00:00,UNRESOLVED,0.0
,,"Live Nation Entertainment, Inc.",,SEC EDGAR,https://www.sec.gov/edgar/browse/?CIK=0001335258,2026-09-10T04:44:16.362446+00:00,UNRESOLVED,0.0
,,Roper Technologies Inc,,SEC EDGAR,https://www.sec.gov/edgar/browse/?CIK=0000882835,2026-09-10T04:44:16.364319+00:00,UNRESOLVED,0.0
,,Microchip Technology Inc,,SEC EDGAR,https://www.sec.gov/edgar/browse/?CIK=0000827054,2026-09-10T04:44:16.366091+00:00,UNRESOLVED,0.0
,,Waters Corp /De/,,SEC EDGAR,https://www.sec.gov/edgar/browse/?CIK=0001000697,2026-09-10T04:44:16.367892+00:00,UNRESOLVED,0.0
,,Take Two Interactive Software Inc,,SEC EDGAR,https://www.sec.gov/edgar/browse/?CIK=0000946581,2026-09-10T04:44:16.370143+00:00,UNRESOLVED,0.0
,,Horton D R Inc /De/,,SEC EDGAR,https://www.sec.gov/edgar/browse/?CIK=0000882184,2026-09-10T04:44:16.372318+00:00,UNRESOLVED,0.0
,,"American International Group, Inc.",,SEC EDGAR,https://www.sec.gov/edgar/browse/?CIK=0000005272,2026-09-10T04:44:16.374173+00:00,UNRESOLVED,0.0
,,"Rocket Companies, Inc.",,SEC EDGAR,https://www.sec.gov/edgar/browse/?CIK=0001805284,2026-09-10T04:44:16.376046+00:00,UNRESOLVED,0.0
,,Consolidated Edison Inc,,SEC EDGAR,https://www.sec.gov/edgar/browse/?CIK=0001047862,2026-09-10T04:44:16.378165+00:00,UNRESOLVED,0.0
,,Celestica Inc,,SEC EDGAR,https://www.sec.gov/edgar/browse/?CIK=0001030894,2026-09-10T04:44:16.380039+00:00,UNRESOLVED,0.0
,,Vodafone Group Public Ltd Co,,SEC EDGAR,https://www.sec.gov/edgar/browse/?CIK=0000839923,2026-09-10T04:44:16.381803+00:00,UNRESOLVED,0.0
,,Shinhan Financial Group Co Ltd,,SEC EDGAR,https://www.sec.gov/edgar/browse/?CIK=0001263043,2026-09-10T04:44:16.383499+00:00,UNRESOLVED,0.0
,,"Old Dominion Freight Line, Inc.",,SEC EDGAR,https://www.sec.gov/edgar/browse/?CIK=0000878927,2026-09-10T04:44:16.385333+00:00,UNRESOLVED,0.0
,,Sysco Corp,,SEC EDGAR,https://www.sec.gov/edgar/browse/?CIK=0000096021,2026-09-10T04:44:16.387661+00:00,UNRESOLVED,0.0
,,Viking Holdings Ltd,,SEC EDGAR,https://www.sec.gov/edgar/browse/?CIK=0001745201,2026-09-10T04:44:16.389543+00:00,UNRESOLVED,0.0
,,"Jd.Com, Inc.",,SEC EDGAR,https://www.sec.gov/edgar/browse/?CIK=0001549802,2026-09-10T04:44:16.391342+00:00,UNRESOLVED,0.0
,,Nutrien Ltd.,,SEC EDGAR,https://www.sec.gov/edgar/browse/?CIK=0001725964,2026-09-10T04:44:16.393508+00:00,UNRESOLVED,0.0
,,Estee Lauder Companies Inc,,SEC EDGAR,https://www.sec.gov/edgar/browse/?CIK=0001001250,2026-09-10T04:44:16.395705+00:00,UNRESOLVED,0.0
,,"Hartford Insurance Group, Inc.",,SEC EDGAR,https://www.sec.gov/edgar/browse/?CIK=0000874766,2026-09-10T04:44:16.397597+00:00,UNRESOLVED,0.0
,,Royalty Pharma Plc,,SEC EDGAR,https://www.sec.gov/edgar/browse/?CIK=0001802768,2026-09-10T04:44:16.399374+00:00,UNRESOLVED,0.0
,,Bank Bradesco,,SEC EDGAR,https://www.sec.gov/edgar/browse/?CIK=0001160330,2026-09-10T04:44:16.401115+00:00,UNRESOLVED,0.0
,,Public Service Enterprise Group Inc,,SEC EDGAR,https://www.sec.gov/edgar/browse/?CIK=0000788784,2026-09-10T04:44:16.403426+00:00,UNRESOLVED,0.0
,,Restaurant Brands International Inc.,,SEC EDGAR,https://www.sec.gov/edgar/browse/?CIK=0001618756,2026-09-10T04:44:16.405543+00:00,UNRESOLVED,0.0
,,Kinross Gold Corp,,SEC EDGAR,https://www.sec.gov/edgar/browse/?CIK=0000701818,2026-09-10T04:44:16.407644+00:00,UNRESOLVED,0.0
,,Martin Marietta Materials Inc,,SEC EDGAR,https://www.sec.gov/edgar/browse/?CIK=0000916076,2026-09-10T04:44:16.409743+00:00,UNRESOLVED,0.0
,,"Netapp, Inc.",,SEC EDGAR,https://www.sec.gov/edgar/browse/?CIK=0001002047,2026-09-10T04:44:16.411828+00:00,UNRESOLVED,0.0
,,Resona Holdings Inc,,SEC EDGAR,https://www.sec.gov/edgar/browse/?CIK=0001447391,2026-09-10T04:44:16.413665+00:00,UNRESOLVED,0.0
,,"United Airlines Holdings, Inc.",,SEC EDGAR,https://www.sec.gov/edgar/browse/?CIK=0000100517,2026-09-10T04:44:16.415536+00:00,UNRESOLVED,0.0
,,"Venture Global, Inc.",,SEC EDGAR,https://www.sec.gov/edgar/browse/?CIK=0002007855,2026-09-10T04:44:16.417410+00:00,UNRESOLVED,0.0
,,Kenvue Inc.,,SEC EDGAR,https://www.sec.gov/edgar/browse/?CIK=0001944048,2026-09-10T04:44:16.419632+00:00,UNRESOLVED,0.0
,,Kroger Co,,SEC EDGAR,https://www.sec.gov/edgar/browse/?CIK=0000056873,2026-09-10T04:44:16.421687+00:00,UNRESOLVED,0.0
,,Twilio Inc,,SEC EDGAR,https://www.sec.gov/edgar/browse/?CIK=0001447669,2026-09-10T04:44:16.423630+00:00,UNRESOLVED,0.0
,,"Expedia Group, Inc.",,SEC EDGAR,https://www.sec.gov/edgar/browse/?CIK=0001324424,2026-09-10T04:44:16.425433+00:00,UNRESOLVED,0.0
,,"Alnylam Pharmaceuticals, Inc.",,SEC EDGAR,https://www.sec.gov/edgar/browse/?CIK=0001178670,2026-09-10T04:44:16.427519+00:00,UNRESOLVED,0.0
,,Dollarama Inc./Adr,,SEC EDGAR,https://www.sec.gov/edgar/browse/?CIK=0002073893,2026-09-10T04:44:16.429523+00:00,UNRESOLVED,0.0
,,Ecopetrol S.A.,,SEC EDGAR,https://www.sec.gov/edgar/browse/?CIK=0001444406,2026-09-10T04:44:16.431376+00:00,UNRESOLVED,0.0
,,"Tko Group Holdings, Inc.",,SEC EDGAR,https://www.sec.gov/edgar/browse/?CIK=0001973266,2026-09-10T04:44:16.433229+00:00,UNRESOLVED,0.0
,,Ubiquiti Inc.,,SEC EDGAR,https://www.sec.gov/edgar/browse/?CIK=0001511737,2026-09-10T04:44:16.435400+00:00,UNRESOLVED,0.0
,,Kimberly Clark Corp,,SEC EDGAR,https://www.sec.gov/edgar/browse/?CIK=0000055785,2026-09-10T04:44:16.437596+00:00,UNRESOLVED,0.0
,,Hershey Co,,SEC EDGAR,https://www.sec.gov/edgar/browse/?CIK=0000047111,2026-09-10T04:44:16.439539+00:00,UNRESOLVED,0.0
,,Iron Mountain Inc,,SEC EDGAR,https://www.sec.gov/edgar/browse/?CIK=0001020569,2026-09-10T04:44:16.441362+00:00,UNRESOLVED,0.0
,,Steel Dynamics Inc,,SEC EDGAR,https://www.sec.gov/edgar/browse/?CIK=0001022671,2026-09-10T04:44:16.446937+00:00,UNRESOLVED,0.0
,,M&T Bank Corp,,SEC EDGAR,https://www.sec.gov/edgar/browse/?CIK=0000036270,2026-09-10T04:44:16.449107+00:00,UNRESOLVED,0.0
,,"Wec Energy Group, Inc.",,SEC EDGAR,https://www.sec.gov/edgar/browse/?CIK=0000783325,2026-09-10T04:44:16.450818+00:00,UNRESOLVED,0.0
,,Eqt Corp,,SEC EDGAR,https://www.sec.gov/edgar/browse/?CIK=0000033213,2026-09-10T04:44:16.453124+00:00,UNRESOLVED,0.0
,,Huntington Bancshares Inc /Md/,,SEC EDGAR,https://www.sec.gov/edgar/browse/?CIK=0000049196,2026-09-10T04:44:16.455321+00:00,UNRESOLVED,0.0
,,Prudential Plc,,SEC EDGAR,https://www.sec.gov/edgar/browse/?CIK=0001116578,2026-09-10T04:44:16.457341+00:00,UNRESOLVED,0.0
,,Fairfax Financial Holdings Ltd/ Can,,SEC EDGAR,https://www.sec.gov/edgar/browse/?CIK=0000915191,2026-09-10T04:44:16.459277+00:00,UNRESOLVED,0.0
,,Raymond James Financial Inc,,SEC EDGAR,https://www.sec.gov/edgar/browse/?CIK=0000720005,2026-09-10T04:44:16.461373+00:00,UNRESOLVED,0.0
,,Northern Trust Corp,,SEC EDGAR,https://www.sec.gov/edgar/browse/?CIK=0000073124,2026-09-10T04:44:16.463345+00:00,UNRESOLVED,0.0
,,Alcon Inc,,SEC EDGAR,https://www.sec.gov/edgar/browse/?CIK=0001167379,2026-09-10T04:44:16.465225+00:00,UNRESOLVED,0.0
,,Vulcan Materials Co,,SEC EDGAR,https://www.sec.gov/edgar/browse/?CIK=0001396009,2026-09-10T04:44:16.467043+00:00,UNRESOLVED,0.0
,,Chunghwa Telecom Co Ltd,,SEC EDGAR,https://www.sec.gov/edgar/browse/?CIK=0001132924,2026-09-10T04:44:16.469296+00:00,UNRESOLVED,0.0
,,Teck Resources Ltd,,SEC EDGAR,https://www.sec.gov/edgar/browse/?CIK=0000886986,2026-09-10T04:44:16.471431+00:00,UNRESOLVED,0.0
,,"Baidu, Inc.",,SEC EDGAR,https://www.sec.gov/edgar/browse/?CIK=0001329099,2026-09-10T04:44:16.473390+00:00,UNRESOLVED,0.0
,,Arch Capital Group Ltd.,,SEC EDGAR,https://www.sec.gov/edgar/browse/?CIK=0000947484,2026-09-10T04:44:16.475323+00:00,UNRESOLVED,0.0
,,"Cheniere Energy Partners, L.P.",,SEC EDGAR,https://www.sec.gov/edgar/browse/?CIK=0001383650,2026-09-10T04:44:16.477451+00:00,UNRESOLVED,0.0
,,"Emcor Group, Inc.",,SEC EDGAR,https://www.sec.gov/edgar/browse/?CIK=0000105634,2026-09-10T04:44:16.479449+00:00,UNRESOLVED,0.0
,,Dexcom Inc,,SEC EDGAR,https://www.sec.gov/edgar/browse/?CIK=0001093557,2026-09-10T04:44:16.481385+00:00,UNRESOLVED,0.0
,,Crown Castle Inc.,,SEC EDGAR,https://www.sec.gov/edgar/browse/?CIK=0001051470,2026-09-10T04:44:16.483280+00:00,UNRESOLVED,0.0
,,Centene Corp,,SEC EDGAR,https://www.sec.gov/edgar/browse/?CIK=0001071739,2026-09-10T04:44:16.485472+00:00,UNRESOLVED,0.0
,,"Everpure, Inc.",,SEC EDGAR,https://www.sec.gov/edgar/browse/?CIK=0001474432,2026-09-10T04:44:16.487676+00:00,UNRESOLVED,0.0
,,Ericsson Lm Telephone Co,,SEC EDGAR,https://www.sec.gov/edgar/browse/?CIK=0000717826,2026-09-10T04:44:16.489648+00:00,UNRESOLVED,0.0
,,Elbit Systems Ltd,,SEC EDGAR,https://www.sec.gov/edgar/browse/?CIK=0001027664,2026-09-10T04:44:16.491682+00:00,UNRESOLVED,0.0
,,"Illumina, Inc.",,SEC EDGAR,https://www.sec.gov/edgar/browse/?CIK=0001110803,2026-09-10T04:44:16.494160+00:00,UNRESOLVED,0.0
,,Resmed Inc,,SEC EDGAR,https://www.sec.gov/edgar/browse/?CIK=0000943819,2026-09-10T04:44:16.496213+00:00,UNRESOLVED,0.0
,,Capitec Limited/Adr,,SEC EDGAR,https://www.sec.gov/edgar/browse/?CIK=0001469059,2026-09-10T04:44:16.497982+00:00,UNRESOLVED,0.0
,,Biogen Inc.,,SEC EDGAR,https://www.sec.gov/edgar/browse/?CIK=0000875045,2026-09-10T04:44:16.499768+00:00,UNRESOLVED,0.0
,,Jabil Inc,,SEC EDGAR,https://www.sec.gov/edgar/browse/?CIK=0000898293,2026-09-10T04:44:16.501988+00:00,UNRESOLVED,0.0
,,Carnival Corp Ltd.,,SEC EDGAR,https://www.sec.gov/edgar/browse/?CIK=0000815097,2026-09-10T04:44:16.504210+00:00,UNRESOLVED,0.0
,,Credo Technology Group Holding Ltd,,SEC EDGAR,https://www.sec.gov/edgar/browse/?CIK=0001807794,2026-09-10T04:44:16.506071+00:00,UNRESOLVED,0.0
,,Pg&E Corp,,SEC EDGAR,https://www.sec.gov/edgar/browse/?CIK=0001004980,2026-09-10T04:44:16.507829+00:00,UNRESOLVED,0.0
,,Zoetis Inc.,,SEC EDGAR,https://www.sec.gov/edgar/browse/?CIK=0001555280,2026-09-10T04:44:16.510112+00:00,UNRESOLVED,0.0
,,Technipfmc Plc,,SEC EDGAR,https://www.sec.gov/edgar/browse/?CIK=0001681459,2026-09-10T04:44:16.512206+00:00,UNRESOLVED,0.0
,,Copart Inc,,SEC EDGAR,https://www.sec.gov/edgar/browse/?CIK=0000900075,2026-09-10T04:44:16.514143+00:00,UNRESOLVED,0.0
,,"Cboe Global Markets, Inc.",,SEC EDGAR,https://www.sec.gov/edgar/browse/?CIK=0001374310,2026-09-10T04:44:16.516026+00:00,UNRESOLVED,0.0
,,Nomura Holdings Inc,,SEC EDGAR,https://www.sec.gov/edgar/browse/?CIK=0001163653,2026-09-10T04:44:16.517960+00:00,UNRESOLVED,0.0
,,Ge Healthcare Technologies Inc.,,SEC EDGAR,https://www.sec.gov/edgar/browse/?CIK=0001932393,2026-09-10T04:44:16.520412+00:00,UNRESOLVED,0.0
,,Willis Towers Watson Plc,,SEC EDGAR,https://www.sec.gov/edgar/browse/?CIK=0001140536,2026-09-10T04:44:16.522426+00:00,UNRESOLVED,0.0
,,Roblox Corp,,SEC EDGAR,https://www.sec.gov/edgar/browse/?CIK=0001315098,2026-09-10T04:44:16.524320+00:00,UNRESOLVED,0.0
,,Halliburton Co,,SEC EDGAR,https://www.sec.gov/edgar/browse/?CIK=0000045012,2026-09-10T04:44:16.526313+00:00,UNRESOLVED,0.0
,,Extra Space Storage Inc.,,SEC EDGAR,https://www.sec.gov/edgar/browse/?CIK=0001289490,2026-09-10T04:44:16.528424+00:00,UNRESOLVED,0.0
,,Credicorp Ltd,,SEC EDGAR,https://www.sec.gov/edgar/browse/?CIK=0001001290,2026-09-10T04:44:16.530270+00:00,UNRESOLVED,0.0
,,"Okta, Inc.",,SEC EDGAR,https://www.sec.gov/edgar/browse/?CIK=0001660134,2026-09-10T04:44:16.532122+00:00,UNRESOLVED,0.0
,,Citizens Financial Group Inc/Ri,,SEC EDGAR,https://www.sec.gov/edgar/browse/?CIK=0000759944,2026-09-10T04:44:16.533909+00:00,UNRESOLVED,0.0
,,"Reddit, Inc.",,SEC EDGAR,https://www.sec.gov/edgar/browse/?CIK=0001713445,2026-09-10T04:44:16.536054+00:00,UNRESOLVED,0.0
,,"Mongodb, Inc.",,SEC EDGAR,https://www.sec.gov/edgar/browse/?CIK=0001441816,2026-09-10T04:44:16.538284+00:00,UNRESOLVED,0.0
,,Ingersoll Rand Inc.,,SEC EDGAR,https://www.sec.gov/edgar/browse/?CIK=0001699150,2026-09-10T04:44:16.540061+00:00,UNRESOLVED,0.0
,,Universal Music Group N.V./Adr,,SEC EDGAR,https://www.sec.gov/edgar/browse/?CIK=0001890126,2026-09-10T04:44:16.542310+00:00,UNRESOLVED,0.0
,,"Zoom Communications, Inc.",,SEC EDGAR,https://www.sec.gov/edgar/browse/?CIK=0001585521,2026-09-10T04:44:16.544450+00:00,UNRESOLVED,0.0
,,Ameren Corp,,SEC EDGAR,https://www.sec.gov/edgar/browse/?CIK=0001002910,2026-09-10T04:44:16.546296+00:00,UNRESOLVED,0.0
,,Kraft Heinz Co,,SEC EDGAR,https://www.sec.gov/edgar/browse/?CIK=0001637459,2026-09-10T04:44:16.548188+00:00,UNRESOLVED,0.0
,,Hp Inc,,SEC EDGAR,https://www.sec.gov/edgar/browse/?CIK=0000047217,2026-09-10T04:44:16.549892+00:00,UNRESOLVED,0.0
,,Dollar General Corp,,SEC EDGAR,https://www.sec.gov/edgar/browse/?CIK=0000029534,2026-09-10T04:44:16.552006+00:00,UNRESOLVED,0.0
,,Kongsberg Gruppen Asa/Adr,,SEC EDGAR,https://www.sec.gov/edgar/browse/?CIK=0001535759,2026-09-10T04:44:16.554181+00:00,UNRESOLVED,0.0
,,On Semiconductor Corp,,SEC EDGAR,https://www.sec.gov/edgar/browse/?CIK=0001097864,2026-09-10T04:44:16.556163+00:00,UNRESOLVED,0.0
,,Las Vegas Sands Corp,,SEC EDGAR,https://www.sec.gov/edgar/browse/?CIK=0001300514,2026-09-10T04:44:16.557942+00:00,UNRESOLVED,0.0
,,Ryanair Holdings Plc,,SEC EDGAR,https://www.sec.gov/edgar/browse/?CIK=0001038683,2026-09-10T04:44:16.559857+00:00,UNRESOLVED,0.0
,,Ati Inc,,SEC EDGAR,https://www.sec.gov/edgar/browse/?CIK=0001018963,2026-09-10T04:44:16.561975+00:00,UNRESOLVED,0.0
,,Fresenius Se & Co. Kgaa,,SEC EDGAR,https://www.sec.gov/edgar/browse/?CIK=0000904868,2026-09-10T04:44:16.563755+00:00,UNRESOLVED,0.0
,,Morattab,,Wikidata,http://www.morattab.ir/,2026-09-10T04:44:18.947056+00:00,UNRESOLVED,0.0
,,Poly Developments,,Wikidata,http://www.gzpoly.com/,2026-09-10T04:44:18.951933+00:00,UNRESOLVED,0.0
,,March Bank,,Wikidata,http://www.bancamarch.com,2026-09-10T04:44:18.956049+00:00,UNRESOLVED,0.0
,,March Bank,,Wikidata,https://www.bancamarch.es/es/,2026-09-10T04:44:18.959355+00:00,UNRESOLVED,0.0
,,Monuta,,Wikidata,https://www.monuta.nl/,2026-09-10T04:44:18.962555+00:00,UNRESOLVED,0.0
,,Getin Holding,,Wikidata,http://www.getin.pl/,2026-09-10T04:44:18.965239+00:00,UNRESOLVED,0.0
,,Korth,,Wikidata,http://www.korthwaffen.com,2026-09-10T04:44:18.967939+00:00,UNRESOLVED,0.0
,,Vostok watches,,Wikidata,https://vostokinc.com/,2026-09-10T04:44:18.970916+00:00,UNRESOLVED,0.0
,,Investrust Bank,,Wikidata,http://www.investrustbank.com/,2026-09-10T04:44:18.973092+00:00,UNRESOLVED,0.0
,,Pearl Drums,,Wikidata,http://www.pearldrum.com/,2026-09-10T04:44:18.975193+00:00,UNRESOLVED,0.0
,,Massey Ferguson,,Wikidata,http://www.masseyferguson.com/,2026-09-10T04:44:18.977698+00:00,UNRESOLVED,0.0
,,Ann Summers,,Wikidata,https://www.annsummers.com/,2026-09-10T04:44:18.979694+00:00,UNRESOLVED,0.0
,,Die Schweizerische Post,,Wikidata,https://www.post.ch,2026-09-10T04:44:18.981621+00:00,UNRESOLVED,0.0
,,De Lijn,,Wikidata,http://www.delijn.be/,2026-09-10T04:44:18.983434+00:00,UNRESOLVED,0.0
,,BSH Hausgeräte GmbH,,Wikidata,https://www.bsh-group.com/,2026-09-10T04:44:18.985731+00:00,UNRESOLVED,0.0
,,DR Movie,,Wikidata,http://www.drmovie.biz/,2026-09-10T04:44:18.987982+00:00,UNRESOLVED,0.0
,,Changfeng Motor,,Wikidata,http://www.gaccf.com/,2026-09-10T04:44:18.989861+00:00,UNRESOLVED,0.0
,,Inmet Mining,1280,Wikidata,http://www.inmetmining.com/,2026-09-10T04:44:18.991664+00:00,UNRESOLVED,0.0
,,Grupo Abril,3000,Wikidata,http://www.grupoabril.com.br/,2026-09-10T04:44:18.993931+00:00,UNRESOLVED,0.0
,,Borbet,,Wikidata,http://www.borbet.de,2026-09-10T04:44:18.996048+00:00,UNRESOLVED,0.0
,,Aon Holding Deutschland GmbH,,Wikidata,http://www.aon.de,2026-09-10T04:44:18.997948+00:00,UNRESOLVED,0.0
,,National bank of Liechtenstein,867,Wikidata,https://www.llb.li/en,2026-09-10T04:44:18.999786+00:00,UNRESOLVED,0.0
,,CPI FIM,3,Wikidata,http://www.orcogroup.com/,2026-09-10T04:44:19.001870+00:00,UNRESOLVED,0.0
,,Teletica,,Wikidata,http://www.teletica.com/,2026-09-10T04:44:19.004331+00:00,UNRESOLVED,0.0
,,Telenet group,1716,Wikidata,https://www.telenet.be/,2026-09-10T04:44:19.006261+00:00,UNRESOLVED,0.0
,,Neste,5030,Wikidata,https://www.neste.com,2026-09-10T04:44:19.008106+00:00,UNRESOLVED,0.0
,,Jösse Car,,Wikidata,http://www.jossecar.com/,2026-09-10T04:44:19.011661+00:00,UNRESOLVED,0.0
,,Altair Engineering,,Wikidata,https://www.altair.com/,2026-09-10T04:44:19.009012+00:00,UNRESOLVED,0.0
,,SonicWall,,Wikidata,https://www.sonicwall.com/,2026-09-10T04:44:19.014743+00:00,UNRESOLVED,0.0
,,Airline Tariff Publishing Company,,Wikidata,http://www.atpco.net/,2026-09-10T04:44:19.015960+00:00,UNRESOLVED,0.0
,,Volvo Construction Equipment,13043,Wikidata,http://www.volvoce.com,2026-09-10T04:44:19.018145+00:00,UNRESOLVED,0.0
,,Alte Hausbrennerei Penninger,60,Wikidata,http://www.penninger.de/,2026-09-10T04:44:19.019672+00:00,UNRESOLVED,0.0
,,CIMPA,,Wikidata,http://www.cimpa.com/,2026-09-10T04:44:19.021453+00:00,UNRESOLVED,0.0
,,Alte Leipziger – Hallesche,112,Wikidata,https://www.al-h.de/,2026-09-10T04:44:19.023033+00:00,UNRESOLVED,0.0
,,Apatinska Brewery,,Wikidata,https://apatinskapivara.rs/,2026-09-10T04:44:19.024636+00:00,UNRESOLVED,0.0
,,Alte Oldenburger Krankenversicherung AG,232,Wikidata,http://www.alte-oldenburger.de/,2026-09-10T04:44:19.026416+00:00,UNRESOLVED,0.0
,,Apax Partners,,Wikidata,https://www.apax.com,2026-09-10T04:44:19.028631+00:00,UNRESOLVED,0.0
,,Altec Lansing,,Wikidata,http://www.alteclansing.com,2026-09-10T04:44:19.029954+00:00,UNRESOLVED,0.0
,,Apies,,Wikidata,https://apies.jimdofree.com/,2026-09-10T04:44:19.031999+00:00,UNRESOLVED,0.0
,,Altenburger Brauerei,50,Wikidata,http://www.brauerei-altenburg.de,2026-09-10T04:44:19.033056+00:00,UNRESOLVED,0.0
,,The Onion,,Wikidata,http://www.theonion.com/,2026-09-10T04:44:19.035586+00:00,UNRESOLVED,0.0
,,Altendorf Maschinenbau,,Wikidata,http://www.altendorf.com/,2026-09-10T04:44:19.036958+00:00,UNRESOLVED,0.0
,,Apetito,,Wikidata,http://www.apetito.com,2026-09-10T04:44:19.039085+00:00,UNRESOLVED,0.0
,,AMAG Austria Metall AG,,Wikidata,http://www.amag.at,2026-09-10T04:44:19.040252+00:00,UNRESOLVED,0.0
,,Illume,,Wikidata,http://www.illume.fi/,2026-09-10T04:44:19.042416+00:00,UNRESOLVED,0.0
,,AMAG Austria Metall AG,,Wikidata,https://www.amag-al4u.com/,2026-09-10T04:44:19.043565+00:00,UNRESOLVED,0.0
,,Apogepha,,Wikidata,http://www.apogepha.de,2026-09-10T04:44:19.045987+00:00,UNRESOLVED,0.0
,,Altera,,Wikidata,https://www.altera.com,2026-09-10T04:44:19.047095+00:00,UNRESOLVED,0.0
,,ITmedia,,Wikidata,https://www.itmedia.co.jp/,2026-09-10T04:44:19.049273+00:00,UNRESOLVED,0.0
,,Heel,,Wikidata,https://www.heel.com/,2026-09-10T04:44:19.050315+00:00,UNRESOLVED,0.0
,,Pivdenne Design Office,5500,Wikidata,https://www.yuzhnoye.com/en/home/,2026-09-10T04:44:19.052864+00:00,UNRESOLVED,0.0
,,Hager SE,10500,Wikidata,http://hagergroup.com,2026-09-10T04:44:19.054125+00:00,UNRESOLVED,0.0
,,Pivdenne Design Office,5500,Wikidata,http://www.yuzhnoye.com/,2026-09-10T04:44:19.056324+00:00,UNRESOLVED,0.0
,,Hager SE,10500,Wikidata,http://www.hagergroup.com/,2026-09-10T04:44:19.057384+00:00,UNRESOLVED,0.0
,,Pivdenne Design Office,5500,Wikidata,https://www.yuzhnoye.com/ua/home/,2026-09-10T04:44:19.059655+00:00,UNRESOLVED,0.0
,,QVC,,Wikidata,http://www.qvc.com,2026-09-10T04:44:19.060910+00:00,UNRESOLVED,0.0
,,Apollinaris,450,Wikidata,http://apollinaris.de/,2026-09-10T04:44:19.063210+00:00,UNRESOLVED,0.0
,,Altiris,,Wikidata,http://www.symantec.com,2026-09-10T04:44:19.064194+00:00,UNRESOLVED,0.0
,,Apollo-Optik,,Wikidata,https://www.apollo.de/,2026-09-10T04:44:19.066470+00:00,UNRESOLVED,0.0
,,Wistron,50733,Wikidata,http://www.wistron.com/,2026-09-10T04:44:19.067617+00:00,UNRESOLVED,0.0
,,Cairo Amman Bank,,Wikidata,http://www.cab.jo/,2026-09-10T04:44:19.070264+00:00,UNRESOLVED,0.0
,,Maquet,,Wikidata,http://maquet.com,2026-09-10T04:44:19.071423+00:00,UNRESOLVED,0.0
,,Apollo Group,,Wikidata,http://www.apollo.edu,2026-09-10T04:44:19.073700+00:00,UNRESOLVED,0.0
,,Ipsen International Holding,765,Wikidata,http://www.ipsen.de,2026-09-10T04:44:19.074634+00:00,UNRESOLVED,0.0
,,Apollo Global Management,,Wikidata,https://www.apollo.com/,2026-09-10T04:44:19.077185+00:00,UNRESOLVED,0.0
,,Transdev S.A.,,Wikidata,https://www.transdev.com,2026-09-10T04:44:19.078043+00:00,UNRESOLVED,0.0
,,Cooler Master,,Wikidata,https://www.coolermaster.com/,2026-09-10T04:44:19.080423+00:00,UNRESOLVED,0.0
,,Cube,,Wikidata,https://www.cube.eu/,2026-09-10T04:44:19.081396+00:00,UNRESOLVED,0.0
,,Merida Bikes,,Wikidata,http://www.merida-bikes.com/,2026-09-10T04:44:19.083656+00:00,UNRESOLVED,0.0
,,Marburger Tapetenfabrik,,Wikidata,http://www.marburg.com/,2026-09-10T04:44:19.085825+00:00,UNRESOLVED,0.0
,,Lian Li Industrial,153,Wikidata,http://www.lian-li.com/,2026-09-10T04:44:19.086846+00:00,UNRESOLVED,0.0
,,Belshina,,Wikidata,https://www.belshina.by/,2026-09-10T04:44:19.089329+00:00,UNRESOLVED,0.0
,,Realtek,,Wikidata,https://www.realtek.com/,2026-09-10T04:44:19.090384+00:00,UNRESOLVED,0.0
,,Eppendorf,2723,Wikidata,http://www.eppendorf.com/,2026-09-10T04:44:19.092659+00:00,UNRESOLVED,0.0
,,Mio,,Wikidata,https://www.mio.com/,2026-09-10T04:44:19.093912+00:00,UNRESOLVED,0.0
,,NPO Energomash,5500,Wikidata,http://engine.space/,2026-09-10T04:44:19.098052+00:00,UNRESOLVED,0.0
,,Locanto,,Wikidata,http://www.locanto.de/,2026-09-10T04:44:19.098772+00:00,UNRESOLVED,0.0
,,Locanto,,Wikidata,http://www.locanto.info/,2026-09-10T04:44:19.102436+00:00,UNRESOLVED,0.0
,,NPO Energomash,5500,Wikidata,http://engine.space/eng/,2026-09-10T04:44:19.103084+00:00,UNRESOLVED,0.0
,,Locanto,,Wikidata,https://www.locanto.com/,2026-09-10T04:44:19.106578+00:00,UNRESOLVED,0.0
,,NPO Energomash,5500,Wikidata,http://www.npoenergomash.ru/,2026-09-10T04:44:19.107788+00:00,UNRESOLVED,0.0
,,Locanto,,Wikidata,https://www.locanto.com.au/,2026-09-10T04:44:19.110080+00:00,UNRESOLVED,0.0
,,FINN.no,676,Wikidata,https://www.finn.no/,2026-09-10T04:44:19.111471+00:00,UNRESOLVED,0.0
,,Eurest,,Wikidata,https://www.eurest.de/,2026-09-10T04:44:19.113730+00:00,UNRESOLVED,0.0
,,Anglo American Platinum,,Wikidata,https://www.angloamericanplatinum.com/,2026-09-10T04:44:19.114850+00:00,UNRESOLVED,0.0
,,Hasbro,5000,Wikidata,https://shop.hasbro.com,2026-09-10T04:44:19.116910+00:00,UNRESOLVED,0.0
,,Stratolaunch Systems,21,Wikidata,https://www.stratolaunch.com/,2026-09-10T04:44:19.118476+00:00,UNRESOLVED,0.0
,,OCP Group,,Wikidata,https://www.ocpgroup.ma/,2026-09-10T04:44:19.121124+00:00,UNRESOLVED,0.0
,,Appel Feinkost,,Wikidata,http://www.appel-feinkost.de,2026-09-10T04:44:19.122211+00:00,UNRESOLVED,0.0
,,OCP Group,,Wikidata,https://www.ocpgroup.ma/ar,2026-09-10T04:44:19.124357+00:00,UNRESOLVED,0.0
,,Two Steps from Hell,,Wikidata,http://www.twostepsfromhell.com,2026-09-10T04:44:19.125340+00:00,UNRESOLVED,0.0
,,OCP Group,,Wikidata,https://www.ocpgroup.ma/fr,2026-09-10T04:44:19.127852+00:00,UNRESOLVED,0.0
,,Goodyear Tire and Rubber Company,63000,Wikidata,https://www.goodyear.com/,2026-09-10T04:44:19.129009+00:00,UNRESOLVED,0.0
,,DNV Software,,Wikidata,http://www.dnvsoftware.com/,2026-09-10T04:44:19.131249+00:00,UNRESOLVED,0.0
,,Weatherford International,,Wikidata,https://www.weatherford.com,2026-09-10T04:44:19.132187+00:00,UNRESOLVED,0.0
,,LeaseWeb,,Wikidata,https://www.leaseweb.com,2026-09-10T04:44:19.134593+00:00,UNRESOLVED,0.0
,,Fannie Mae,7700,Wikidata,https://www.fanniemae.com/,2026-09-10T04:44:19.135914+00:00,UNRESOLVED,0.0
,,Urban Air,,Wikidata,http://www.urbanair.cz/,2026-09-10T04:44:19.138319+00:00,UNRESOLVED,0.0
,,Dyson,7000,Wikidata,https://www.dyson.com,2026-09-10T04:44:19.139509+00:00,UNRESOLVED,0.0
,,BlackBerry,3647,Wikidata,https://blackberry.com,2026-09-10T04:44:19.141622+00:00,UNRESOLVED,0.0
,,Appleton Estate,,Wikidata,http://www.appletonrum.it/,2026-09-10T04:44:19.142707+00:00,UNRESOLVED,0.0
,,Leidos,,Wikidata,http://www.leidos.com,2026-09-10T04:44:19.145134+00:00,UNRESOLVED,0.0
,,"Discovery, Inc.",11000,Wikidata,https://www.discovery.com/,2026-09-10T04:44:19.146222+00:00,UNRESOLVED,0.0
,,Friends Provident,,Wikidata,http://www.friendslife.com/,2026-09-10T04:44:19.148547+00:00,UNRESOLVED,0.0
,,Applied Materials,,Wikidata,https://www.appliedmaterials.com/,2026-09-10T04:44:19.149545+00:00,UNRESOLVED,0.0
,,Hammerson,,Wikidata,http://www.hammerson.co.uk,2026-09-10T04:44:19.152074+00:00,UNRESOLVED,0.0
,,Applus+ IDIADA,,Wikidata,http://www.applusidiada.com/,2026-09-10T04:44:19.153390+00:00,UNRESOLVED,0.0
,,Lear Corporation,,Wikidata,https://www.lear.com/,2026-09-10T04:44:19.155965+00:00,UNRESOLVED,0.0
,,American Society for Testing and Materials,,Wikidata,http://astm.org,2026-09-10T04:44:19.157169+00:00,UNRESOLVED,0.0
,,Johnson Matthey,,Wikidata,http://www.matthey.com,2026-09-10T04:44:19.159457+00:00,UNRESOLVED,0.0
,,American Society for Testing and Materials,,Wikidata,https://www.astm.org,2026-09-10T04:44:19.160818+00:00,UNRESOLVED,0.0
,,Smith & Nephew,11000,Wikidata,http://www.smith-nephew.com,2026-09-10T04:44:19.163504+00:00,UNRESOLVED,0.0
,,Village Roadshow Pictures,,Wikidata,http://www.vreg.com/,2026-09-10T04:44:19.165130+00:00,UNRESOLVED,0.0
,,Cooley Distillery,,Wikidata,http://www.cooleywhiskey.com/,2026-09-10T04:44:19.167257+00:00,UNRESOLVED,0.0
,,Aquafon,,Wikidata,http://www.aquafon.com,2026-09-10T04:44:19.169098+00:00,UNRESOLVED,0.0
,,Intu Properties,,Wikidata,http://www.intu.co.uk,2026-09-10T04:44:19.171757+00:00,UNRESOLVED,0.0
,,Rovercomputers,,Wikidata,http://www.rovergroup.info,2026-09-10T04:44:19.172989+00:00,UNRESOLVED,0.0
,,Intu Properties,,Wikidata,http://www.intugroup.co.uk/,2026-09-10T04:44:19.175080+00:00,UNRESOLVED,0.0
,,Global Engine Manufacturing Alliance,,Wikidata,http://www.gemaengine.com,2026-09-10T04:44:19.176305+00:00,UNRESOLVED,0.0
,,Mucky Foot Productions,,Wikidata,http://www.muckyfoot.com/,2026-09-10T04:44:19.178787+00:00,UNRESOLVED,0.0
,,Aquarius Platinum,,Wikidata,http://www.aquariusplatinum.com,2026-09-10T04:44:19.179969+00:00,UNRESOLVED,0.0
,,Nielsen Online,,Wikidata,http://nielsen-online.com,2026-09-10T04:44:19.182186+00:00,UNRESOLVED,0.0
,,Aquatherm,,Wikidata,http://www.aquatherm.de/,2026-09-10T04:44:19.183201+00:00,UNRESOLVED,0.0
,,Micro-Star International,18000,Wikidata,https://www.msi.com/,2026-09-10T04:44:19.185623+00:00,UNRESOLVED,0.0
,,Aquila Aviation,,Wikidata,http://www.aquila-aviation.de,2026-09-10T04:44:19.187124+00:00,UNRESOLVED,0.0
,,General Dynamics,83500,Wikidata,https://www.gd.com/,2026-09-10T04:44:19.189250+00:00,UNRESOLVED,0.0
,,"Aquila, Inc.",,Wikidata,http://www.blackhillsenergy.com/,2026-09-10T04:44:19.190497+00:00,UNRESOLVED,0.0
,,United Utilities,,Wikidata,http://www.unitedutilities.com/,2026-09-10T04:44:19.192637+00:00,UNRESOLVED,0.0
,,Silicon Graphics,,Wikidata,http://www.sgi.com/,2026-09-10T04:44:19.193890+00:00,UNRESOLVED,0.0
,,Synthes,,Wikidata,http://www.synthes.com,2026-09-10T04:44:19.196108+00:00,UNRESOLVED,0.0
,,Grupo México,,Wikidata,http://www.gmexico.com/,2026-09-10T04:44:19.197273+00:00,UNRESOLVED,0.0
,,Severn Trent,,Wikidata,https://www.stwater.co.uk/,2026-09-10T04:44:19.199336+00:00,UNRESOLVED,0.0
,,Ara AG,,Wikidata,https://www.about.ara-shoes.de,2026-09-10T04:44:19.200470+00:00,UNRESOLVED,0.0
,,PetroChina Company Limited,521566,Wikidata,https://www.petrochina.com.cn,2026-09-10T04:44:19.202912+00:00,UNRESOLVED,0.0
,,Arab American Vehicles,,Wikidata,http://www.aav.com.eg/,2026-09-10T04:44:19.204323+00:00,UNRESOLVED,0.0
,,PetroChina Company Limited,521566,Wikidata,https://petrochinaintl.com.hk/,2026-09-10T04:44:19.206480+00:00,UNRESOLVED,0.0
,,Gmarket,,Wikidata,http://www.gmarket.co.kr,2026-09-10T04:44:19.207668+00:00,UNRESOLVED,0.0
,,Southwest Airlines,59793,Wikidata,https://www.southwest.com/,2026-09-10T04:44:19.209410+00:00,UNRESOLVED,0.0
,,Arabia,,Wikidata,http://www.arabia.fi/,2026-09-10T04:44:19.211094+00:00,UNRESOLVED,0.0
,,Southwest Airlines,59793,Wikidata,https://espanol.southwest.com/,2026-09-10T04:44:19.213228+00:00,UNRESOLVED,0.0
,,GS Caltex,,Wikidata,http://www.gscaltex.com/,2026-09-10T04:44:19.214388+00:00,UNRESOLVED,0.0
,,Victorinox,,Wikidata,https://www.victorinox.com,2026-09-10T04:44:19.216428+00:00,UNRESOLVED,0.0
,,Samsung Card,2082,Wikidata,http://www.samsungcard.com,2026-09-10T04:44:19.217554+00:00,UNRESOLVED,0.0
,,Resolution plc,,Wikidata,http://www.resolutionplc.com/,2026-09-10T04:44:19.220069+00:00,UNRESOLVED,0.0
,,Crown Confectionery,,Wikidata,http://www.crown.co.kr/,2026-09-10T04:44:19.221509+00:00,UNRESOLVED,0.0
,,Gillette,,Wikidata,http://gillette.com,2026-09-10T04:44:19.223070+00:00,UNRESOLVED,0.0
,,TriGem,,Wikidata,http://www.trigem.co.kr/,2026-09-10T04:44:19.225025+00:00,UNRESOLVED,0.0
,,Pentax,1661,Wikidata,https://www.ricoh-imaging.co.jp/,2026-09-10T04:44:19.226202+00:00,UNRESOLVED,0.0
,,Jindřichohradecké místní dráhy,,Wikidata,http://www.jhmd.cz/,2026-09-10T04:44:19.228676+00:00,UNRESOLVED,0.0
,,Sony Optiarc,,Wikidata,https://www.optiarcinc.com/,2026-09-10T04:44:19.229800+00:00,UNRESOLVED,0.0
,,Kwangju Broadcasting Corporation,,Wikidata,https://www.ikbc.co.kr/,2026-09-10T04:44:19.231924+00:00,UNRESOLVED,0.0
,,Andrew Corporation,,Wikidata,https://www.commscope.com/Andrew-Telecom/,2026-09-10T04:44:19.233067+00:00,UNRESOLVED,0.0
,,CVS Health,300000,Wikidata,https://cvshealth.com/,2026-09-10T04:44:19.235603+00:00,UNRESOLVED,0.0
,,Neuf Cegetel,,Wikidata,http://www.neufcegetel.fr,2026-09-10T04:44:19.236869+00:00,UNRESOLVED,0.0
,,Hyundai Department Store,,Wikidata,http://www.ehyundai.com/,2026-09-10T04:44:19.239119+00:00,UNRESOLVED,0.0
,,Hibu,,Wikidata,https://hibu.com/,2026-09-10T04:44:19.240336+00:00,UNRESOLVED,0.0
,,Arab Satellite Communications Organization,,Wikidata,https://www.arabsat.com/,2026-09-10T04:44:19.242504+00:00,UNRESOLVED,0.0
,,LVMH,215000,Wikidata,https://www.lvmh.com/,2026-09-10T04:44:19.244203+00:00,UNRESOLVED,0.0
,,Arab Satellite Communications Organization,,Wikidata,https://www.arabsat.com/ar/,2026-09-10T04:44:19.246515+00:00,UNRESOLVED,0.0
,,Chocolat Frey,,Wikidata,https://www.chocolatfrey.com/,2026-09-10T04:44:19.247654+00:00,UNRESOLVED,0.0
,,The Face Shop,,Wikidata,http://www.thefaceshop.com/,2026-09-10T04:44:19.251484+00:00,UNRESOLVED,0.0
,,Capital Group Companies,7000,Wikidata,https://www.capgroup.com,2026-09-10T04:44:19.253124+00:00,UNRESOLVED,0.0
,,Strabag,71839,Wikidata,http://www.strabag.com,2026-09-10T04:44:19.248427+00:00,UNRESOLVED,0.0
,,Product Red,,Wikidata,https://www.red.org/,2026-09-10T04:44:19.256170+00:00,UNRESOLVED,0.0
,,Trans Adriatic Pipeline,250,Wikidata,http://www.tap-ag.com/,2026-09-10T04:44:19.257645+00:00,UNRESOLVED,0.0
,,Strabag,71839,Wikidata,http://www.strabag.de/,2026-09-10T04:44:19.259603+00:00,UNRESOLVED,0.0
,,KT Skylife,,Wikidata,https://www.skylife.co.kr/,2026-09-10T04:44:19.261322+00:00,UNRESOLVED,0.0
,,Stoxx Limited,,Wikidata,https://www.stoxx.com,2026-09-10T04:44:19.264589+00:00,UNRESOLVED,0.0
,,KLA Corporation,,Wikidata,https://www.kla.com/,2026-09-10T04:44:19.266565+00:00,UNRESOLVED,0.0
,,Bernmobil,912,Wikidata,https://www.bernmobil.ch,2026-09-10T04:44:19.270607+00:00,UNRESOLVED,0.0
,,Rieter,,Wikidata,http://www.rieter.com,2026-09-10T04:44:19.276636+00:00,UNRESOLVED,0.0
,,Habasit Holding,,Wikidata,http://www.habasit.com/,2026-09-10T04:44:19.281410+00:00,UNRESOLVED,0.0
,,2D Boy,,Wikidata,http://2dboy.com/,2026-09-10T04:44:19.285197+00:00,UNRESOLVED,0.0
,,Verkehrsbetriebe Zürich,2576,Wikidata,http://www.vbz.ch,2026-09-10T04:44:19.289396+00:00,UNRESOLVED,0.0
,,TomTom,4500,Wikidata,https://www.tomtom.com/,2026-09-10T04:44:19.293135+00:00,UNRESOLVED,0.0
,,Crunchyroll SA,,Wikidata,https://www.crunchyroll.com/about/,2026-09-10T04:44:19.297192+00:00,UNRESOLVED,0.0
,,Nippon Sharyo,,Wikidata,https://www.n-sharyo.co.jp/,2026-09-10T04:44:19.301170+00:00,UNRESOLVED,0.0
,,Qimonda,,Wikidata,http://www.qimonda.com,2026-09-10T04:44:19.305071+00:00,UNRESOLVED,0.0
,,Linde Group,66323,Wikidata,http://www.linde.com/,2026-09-10T04:44:19.307435+00:00,UNRESOLVED,0.0
,,Lanxess,13200,Wikidata,http://www.lanxess.com,2026-09-10T04:44:19.309450+00:00,UNRESOLVED,0.0
,,SodaStream,,Wikidata,https://sodastream.com/,2026-09-10T04:44:19.311393+00:00,UNRESOLVED,0.0
,,Kingfisher plc,,Wikidata,https://www.kingfisher.com/,2026-09-10T04:44:19.313366+00:00,UNRESOLVED,0.0
,,Thorntons,,Wikidata,https://www.thorntons.co.uk/,2026-09-10T04:44:19.315193+00:00,UNRESOLVED,0.0
,,S. C. Johnson & Son,,Wikidata,http://www.scjohnson.com/,2026-09-10T04:44:19.317015+00:00,UNRESOLVED,0.0
,,EBM,633,Wikidata,https://particuliers.primeo-energie.fr,2026-09-10T04:44:19.319159+00:00,UNRESOLVED,0.0
,,EBM,633,Wikidata,https://www.primeo-energie.ch/,2026-09-10T04:44:19.321217+00:00,UNRESOLVED,0.0
,,Aichi Machine Industry,,Wikidata,http://www.aichikikai.co.jp/,2026-09-10T04:44:19.323172+00:00,UNRESOLVED,0.0
,,Aichi Steel,,Wikidata,https://www.aichi-steel.co.jp/,2026-09-10T04:44:19.325131+00:00,UNRESOLVED,0.0
,,AirAsia X,,Wikidata,http://www.airasiax.com,2026-09-10T04:44:19.327132+00:00,UNRESOLVED,0.0
,,AirPlus International,,Wikidata,http://www.airplus.com,2026-09-10T04:44:19.329059+00:00,UNRESOLVED,0.0
,,Air Calédonie,,Wikidata,http://www.air-caledonie.nc,2026-09-10T04:44:19.330855+00:00,UNRESOLVED,0.0
,,3,,Wikidata,https://www.three.com/,2026-09-10T04:44:19.332677+00:00,UNRESOLVED,0.0
,,Air Liquide,67800,Wikidata,https://www.airliquide.ca/,2026-09-10T04:44:19.334762+00:00,UNRESOLVED,0.0
,,Air Liquide,67800,Wikidata,https://www.airliquide.com/,2026-09-10T04:44:19.337032+00:00,UNRESOLVED,0.0
,,Air Products & Chemicals,,Wikidata,http://airproducts.com,2026-09-10T04:44:19.339059+00:00,UNRESOLVED,0.0
,,Airfix,,Wikidata,https://uk.airfix.com/,2026-09-10T04:44:19.341020+00:00,UNRESOLVED,0.0
,,Airports of Thailand,,Wikidata,http://www.airportthai.co.th/,2026-09-10T04:44:19.343051+00:00,UNRESOLVED,0.0
,,Airstream,1074,Wikidata,https://www.airstream.com/,2026-09-10T04:44:19.345192+00:00,UNRESOLVED,0.0
,,SSE Airtricity,,Wikidata,https://www.sseairtricity.com,2026-09-10T04:44:19.347099+00:00,UNRESOLVED,0.0
,,Airwalk,,Wikidata,http://www.airwalk.com,2026-09-10T04:44:19.349016+00:00,UNRESOLVED,0.0
,,Aiwa,1114,Wikidata,https://www.int-aiwa.com/,2026-09-10T04:44:19.350889+00:00,UNRESOLVED,0.0
,,Aixtron SE,1029,Wikidata,http://www.aixtron.com,2026-09-10T04:44:19.353110+00:00,UNRESOLVED,0.0
,,Ajinomoto,,Wikidata,https://www.ajinomoto.co.jp/,2026-09-10T04:44:19.355375+00:00,UNRESOLVED,0.0
,,Akademische Arbeitsgemeinschaft,,Wikidata,https://www.akademische.de/,2026-09-10T04:44:19.357292+00:00,UNRESOLVED,0.0
,,Akai,,Wikidata,https://www.akai.com/,2026-09-10T04:44:19.359058+00:00,UNRESOLVED,0.0
,,Akamai Technologies,8368,Wikidata,https://www.akamai.com/,2026-09-10T04:44:19.361121+00:00,UNRESOLVED,0.0
,,Akbank,,Wikidata,https://www.akbank.com/,2026-09-10T04:44:19.363029+00:00,UNRESOLVED,0.0
,,Aker,46,Wikidata,https://www.akerasa.com,2026-09-10T04:44:19.364808+00:00,UNRESOLVED,0.0
,,Aker Solutions,11000,Wikidata,https://www.akersolutions.com,2026-09-10T04:44:19.366797+00:00,UNRESOLVED,0.0
,,Akismet,,Wikidata,http://akismet.com/,2026-09-10T04:44:19.368932+00:00,UNRESOLVED,0.0
,,Akita Shoten,,Wikidata,https://akitashoten.co.jp/,2026-09-10T04:44:19.371062+00:00,UNRESOLVED,0.0
,,Wix.com,5929,Wikidata,https://wix.com/,2026-09-10T04:44:19.373009+00:00,UNRESOLVED,0.0
,,Casumina,,Wikidata,http://www.casumina.com.vn/,2026-09-10T04:44:19.374813+00:00,UNRESOLVED,0.0
,,City Telecom,,Wikidata,http://www.ctigroup.com.hk,2026-09-10T04:44:19.376847+00:00,UNRESOLVED,0.0
,,Skellefteå Buss,,Wikidata,http://www.skelleftebuss.se,2026-09-10T04:44:19.378887+00:00,UNRESOLVED,0.0
,,Akris,,Wikidata,http://www.akris.ch,2026-09-10T04:44:19.380653+00:00,UNRESOLVED,0.0
,,Gap Inc.,152000,Wikidata,https://www.gapinc.com,2026-09-10T04:44:19.382503+00:00,UNRESOLVED,0.0
,,Firestone Tire and Rubber Company,23000,Wikidata,https://www.firestone.com/,2026-09-10T04:44:19.384379+00:00,UNRESOLVED,0.0
,,Yakovlev Corporation,,Wikidata,http://www.irkut.com/en/,2026-09-10T04:44:19.386638+00:00,UNRESOLVED,0.0
,,Komsomolsk-on-Amur Aircraft Production Association,13500,Wikidata,http://www.knaapo.ru/,2026-09-10T04:44:19.388685+00:00,UNRESOLVED,0.0
,,Disney Cruise Line,,Wikidata,http://www.disneycruise.com/,2026-09-10T04:44:19.390413+00:00,UNRESOLVED,0.0
,,"EIKO Co.,Ltd.",,Wikidata,http://www.eiko-j.net/,2026-09-10T04:44:19.392155+00:00,UNRESOLVED,0.0
,,AGA AB,,Wikidata,http://www.aga.se/en,2026-09-10T04:44:19.394212+00:00,UNRESOLVED,0.0
,,AGA AB,,Wikidata,http://www.aga.se/international/web/lg/se/likelgagase.nsf/docbyalias/Homepage,2026-09-10T04:44:19.400170+00:00,UNRESOLVED,0.0
,,Aktienbrauerei Kaufbeuren,,Wikidata,https://www.aktienbrauerei.de/,2026-09-10T04:44:19.403176+00:00,UNRESOLVED,0.0
,,Aktiengesellschaft für Industrie und Verkehrswesen,,Wikidata,http://www.agiv.de/,2026-09-10T04:44:19.405460+00:00,UNRESOLVED,0.0
,,AVU,,Wikidata,https://www.avu.de/,2026-09-10T04:44:19.407353+00:00,UNRESOLVED,0.0
,,C.O.R.E.,,Wikidata,https://coredp.com/,2026-09-10T04:44:19.409328+00:00,UNRESOLVED,0.0
,,Aktionsgemeinschaft Soziale Marktwirtschaft,,Wikidata,https://www.asm-ev.de/,2026-09-10T04:44:19.411442+00:00,UNRESOLVED,0.0
,,Akubra,,Wikidata,http://www.akubra.com.au/,2026-09-10T04:44:19.413402+00:00,UNRESOLVED,0.0
,,Akzo Nobel Coatings,,Wikidata,https://www.akzonobel.com/,2026-09-10T04:44:19.415253+00:00,UNRESOLVED,0.0
,,Akzo Nobel Deco,,Wikidata,https://www.akzonobel.com/de/ueberuns/standorte/standorte_deutschland/standort_koeln_decorative_paints.aspx,2026-09-10T04:44:19.417031+00:00,UNRESOLVED,0.0
,,K Line,,Wikidata,https://www.kline.co.jp/,2026-09-10T04:44:19.419212+00:00,UNRESOLVED,0.0
,,T-Mobile Polska,4400,Wikidata,https://www.t-mobile.pl/,2026-09-10T04:44:19.421356+00:00,UNRESOLVED,0.0
,,Sayerlack,,Wikidata,https://www.sayerlack.com/,2026-09-10T04:44:19.423261+00:00,UNRESOLVED,0.0
,,Sanmina Corporation,,Wikidata,http://www.sanmina.com,2026-09-10T04:44:19.425136+00:00,UNRESOLVED,0.0
,,Sedus,,Wikidata,http://www.sedus.com,2026-09-10T04:44:19.427090+00:00,UNRESOLVED,0.0
,,Pepe Jeans,,Wikidata,https://www.pepejeans.com/es_es/,2026-09-10T04:44:19.429174+00:00,UNRESOLVED,0.0
,,Knipex,,Wikidata,http://www.knipex.de/,2026-09-10T04:44:19.431084+00:00,UNRESOLVED,0.0
,,Knipex,,Wikidata,https://www.knipex-tools.com/,2026-09-10T04:44:19.432822+00:00,UNRESOLVED,0.0
,,InPhase Technologies,,Wikidata,http://www.inphase-tech.com/,2026-09-10T04:44:19.434831+00:00,UNRESOLVED,0.0
,,Royal Caribbean Group,107,Wikidata,https://www.royalcaribbeangroup.com/,2026-09-10T04:44:19.437131+00:00,UNRESOLVED,0.0
,,Assumption Life,,Wikidata,http://www.assomption.ca/,2026-09-10T04:44:19.439092+00:00,UNRESOLVED,0.0
,,Animusic,,Wikidata,http://www.animusic.com,2026-09-10T04:44:19.440894+00:00,UNRESOLVED,0.0
,,Pitney Bowes,,Wikidata,http://www.pitneybowes.com/us,2026-09-10T04:44:19.442734+00:00,UNRESOLVED,0.0
,,C.P. Company,,Wikidata,http://www.cpcompany.com/,2026-09-10T04:44:19.444830+00:00,UNRESOLVED,0.0
,,Canadian Automobile Association,,Wikidata,https://www.caa.ca/,2026-09-10T04:44:19.446656+00:00,UNRESOLVED,0.0
,,Canadian Automobile Association,,Wikidata,https://www.caa.ca/fr/,2026-09-10T04:44:19.448456+00:00,UNRESOLVED,0.0
,,Novocherkassk Electric Locomotive Plant,,Wikidata,http://www.nevz.com/,2026-09-10T04:44:19.450284+00:00,UNRESOLVED,0.0
,,Aeropuertos y Servicios Auxiliares,,Wikidata,http://www.asa.gob.mx/,2026-09-10T04:44:19.452629+00:00,UNRESOLVED,0.0
,,Telesur,,Wikidata,https://www.telesur.sr/,2026-09-10T04:44:19.454703+00:00,UNRESOLVED,0.0
,,Coleman Company,,Wikidata,https://www.coleman.com/,2026-09-10T04:44:19.456631+00:00,UNRESOLVED,0.0
,,Teradata,8300,Wikidata,https://www.teradata.com,2026-09-10T04:44:19.458468+00:00,UNRESOLVED,0.0
,,WiTricity,,Wikidata,http://www.witricity.com/,2026-09-10T04:44:19.460488+00:00,UNRESOLVED,0.0
,,Hutschenreuther,,Wikidata,http://www.hutschenreuther.com,2026-09-10T04:44:19.462419+00:00,UNRESOLVED,0.0
,,Mansour Group,60000,Wikidata,https://www.mansourgroup.com/,2026-09-10T04:44:19.464221+00:00,UNRESOLVED,0.0
,,Bruker,,Wikidata,http://www.bruker.com,2026-09-10T04:44:19.466050+00:00,UNRESOLVED,0.0
,,Siemens Mobility,38200,Wikidata,https://www.mobility.siemens.com/,2026-09-10T04:44:22.635938+00:00,UNRESOLVED,0.0
,,Eslite Bookstore,,Wikidata,https://www.eslitecorp.com,2026-09-10T04:44:22.641911+00:00,UNRESOLVED,0.0
,,Škoda Vagonka,,Wikidata,http://www.vagonka.cz/,2026-09-10T04:44:22.646872+00:00,UNRESOLVED,0.0
,,DB Mobility Logistics,177504,Wikidata,http://www.deutschebahn.com,2026-09-10T04:44:22.650539+00:00,UNRESOLVED,0.0
,,Brown-Forman,,Wikidata,http://www.brown-forman.com,2026-09-10T04:44:22.653987+00:00,UNRESOLVED,0.0
,,National Entertainment Collectibles Association,,Wikidata,http://www.necaonline.com,2026-09-10T04:44:22.656717+00:00,UNRESOLVED,0.0
,,FTLife,,Wikidata,http://www.ageas.com.hk/eng/index.htm,2026-09-10T04:44:22.659742+00:00,UNRESOLVED,0.0
,,Ageas,,Wikidata,http://www.ageas.com,2026-09-10T04:44:22.662210+00:00,UNRESOLVED,0.0
,,Ageia,,Wikidata,http://www.ageia.com,2026-09-10T04:44:22.664331+00:00,UNRESOLVED,0.0
,,Voronezh Aircraft Production Association,,Wikidata,http://www.vaso.ru,2026-09-10T04:44:22.666451+00:00,UNRESOLVED,0.0
,,Agencia Venezolana de Noticias,,Wikidata,http://www.avn.info.ve,2026-09-10T04:44:22.668681+00:00,UNRESOLVED,0.0
,,American Apparel Inc.,,Wikidata,https://www.americanapparel.com,2026-09-10T04:44:22.670715+00:00,UNRESOLVED,0.0
,,Arthur Andersen,,Wikidata,https://www.andersen.com,2026-09-10T04:44:22.673837+00:00,UNRESOLVED,0.0
,,American Apparel Inc.,,Wikidata,https://www.americanapparel.com.au,2026-09-10T04:44:22.675614+00:00,UNRESOLVED,0.0
,,Agent Provocateur,600,Wikidata,https://www.agentprovocateur.com/,2026-09-10T04:44:22.677026+00:00,UNRESOLVED,0.0
,,American Automobile Association,,Wikidata,https://www.aaa.com/,2026-09-10T04:44:22.679652+00:00,UNRESOLVED,0.0
,,DQS,,Wikidata,https://www.dqsglobal.com,2026-09-10T04:44:22.680810+00:00,UNRESOLVED,0.0
,,American Bridge Company,,Wikidata,http://www.americanbridge.net/,2026-09-10T04:44:22.683099+00:00,UNRESOLVED,0.0
,,Ūkio bankas,,Wikidata,http://www.ub.lt,2026-09-10T04:44:22.684149+00:00,UNRESOLVED,0.0
,,American Electric Power,,Wikidata,https://www.aep.com,2026-09-10T04:44:22.687066+00:00,UNRESOLVED,0.0
,,Agfeo,,Wikidata,http://www.agfeo.de,2026-09-10T04:44:22.688206+00:00,UNRESOLVED,0.0
,,Hughes & Kettner,,Wikidata,http://www.hughes-and-kettner.com,2026-09-10T04:44:22.690432+00:00,UNRESOLVED,0.0
,,Synergium,,Wikidata,http://www.synergium.eu,2026-09-10T04:44:22.691432+00:00,UNRESOLVED,0.0
,,Casinos Austria,,Wikidata,http://www.casinos.at,2026-09-10T04:44:22.693896+00:00,UNRESOLVED,0.0
,,Railways of the Slovak Republic,13665,Wikidata,https://www.zsr.sk,2026-09-10T04:44:22.695084+00:00,UNRESOLVED,0.0
,,American Greetings,,Wikidata,https://www.americangreetings.com/,2026-09-10T04:44:22.697235+00:00,UNRESOLVED,0.0
,,Železničná spoločnosť Cargo Slovakia,,Wikidata,http://www.zscargo.sk/,2026-09-10T04:44:22.698246+00:00,UNRESOLVED,0.0
,,Diehl Defence,1650,Wikidata,https://www.diehl.com/defence/en/,2026-09-10T04:44:22.700420+00:00,UNRESOLVED,0.0
,,Železničná spoločnosť Slovensko,5952,Wikidata,https://www.zssk.sk/,2026-09-10T04:44:22.701650+00:00,UNRESOLVED,0.0
,,Geberit,,Wikidata,http://www.geberit.com,2026-09-10T04:44:22.704346+00:00,UNRESOLVED,0.0
,,Agilent Technologies,17671,Wikidata,http://www.agilent.com,2026-09-10T04:44:22.705479+00:00,UNRESOLVED,0.0
,,American Institute for Foreign Study,,Wikidata,http://www.aifs.de/,2026-09-10T04:44:22.707810+00:00,UNRESOLVED,0.0
,,"Žemaitijos Pienas, AB",1251,Wikidata,https://www.zpienas.lt/,2026-09-10T04:44:22.708942+00:00,UNRESOLVED,0.0
,,American Institute of Electrical Engineers,,Wikidata,https://www.ieee.org/,2026-09-10T04:44:22.711370+00:00,UNRESOLVED,0.0
,,Agogo Records,,Wikidata,https://www.agogo-records.com/,2026-09-10T04:44:22.712511+00:00,UNRESOLVED,0.0
,,Dolmar,,Wikidata,http://www.dolmarpowerproducts.com,2026-09-10T04:44:22.714750+00:00,UNRESOLVED,0.0
,,Agrale,12300,Wikidata,https://www.agrale.com.br/,2026-09-10T04:44:22.715753+00:00,UNRESOLVED,0.0
,,Miramax,,Wikidata,http://www.miramax.com,2026-09-10T04:44:22.718187+00:00,UNRESOLVED,0.0
,,Agrana,9000,Wikidata,https://fr.agrana.com/home,2026-09-10T04:44:22.719484+00:00,UNRESOLVED,0.0
,,American Megatrends,,Wikidata,https://www.ami.com/,2026-09-10T04:44:22.721939+00:00,UNRESOLVED,0.0
,,Agravis Raiffeisen,,Wikidata,https://www.agravis.de/de,2026-09-10T04:44:22.723158+00:00,UNRESOLVED,0.0
,,Chipotle Mexican Grill,45200,Wikidata,https://chipotle.com/,2026-09-10T04:44:22.725308+00:00,UNRESOLVED,0.0
,,Agravis Raiffeisen,,Wikidata,https://www.agravis.de/en,2026-09-10T04:44:22.726570+00:00,UNRESOLVED,0.0
,,Aceralia,,Wikidata,http://www.aceralia.es/,2026-09-10T04:44:22.728896+00:00,UNRESOLVED,0.0
,,Agria-Werke,,Wikidata,https://www.agria.de/,2026-09-10T04:44:22.730136+00:00,UNRESOLVED,0.0
,,Reebok,,Wikidata,https://www.reebok.com/,2026-09-10T04:44:22.732288+00:00,UNRESOLVED,0.0
,,Agricultural Bank of Namibia,,Wikidata,http://www.agribank.com.na,2026-09-10T04:44:22.733428+00:00,UNRESOLVED,0.0
,,Hama,,Wikidata,http://www.hama.fr,2026-09-10T04:44:22.736038+00:00,UNRESOLVED,0.0
,,Agrobanka,,Wikidata,http://www.agrobanka.co.rs/,2026-09-10T04:44:22.737273+00:00,UNRESOLVED,0.0
,,American President Lines,7400,Wikidata,http://www.apl.com,2026-09-10T04:44:22.739570+00:00,UNRESOLVED,0.0
,,"Agrochema, UAB",,Wikidata,http://www.agrochema.lt/,2026-09-10T04:44:22.740628+00:00,UNRESOLVED,0.0
,,APC by Schneider Electric,,Wikidata,https://www.apc.com/,2026-09-10T04:44:22.742845+00:00,UNRESOLVED,0.0
,,Agrokor,40000,Wikidata,http://www.agrokor.hr/,2026-09-10T04:44:22.744207+00:00,UNRESOLVED,0.0
,,APC by Schneider Electric,,Wikidata,https://www.apc.com/de/de/,2026-09-10T04:44:22.746458+00:00,UNRESOLVED,0.0
,,Japan Tobacco International,,Wikidata,http://www.jti.com,2026-09-10T04:44:22.747657+00:00,UNRESOLVED,0.0
,,APC by Schneider Electric,,Wikidata,https://www.apc.com/es/es/,2026-09-10T04:44:22.749711+00:00,UNRESOLVED,0.0
,,Agusta,,Wikidata,https://www.leonardo.com/it/home,2026-09-10T04:44:22.751040+00:00,UNRESOLVED,0.0
,,APC by Schneider Electric,,Wikidata,https://www.apc.com/fr/fr/,2026-09-10T04:44:22.753746+00:00,UNRESOLVED,0.0
,,AgustaWestland,13050,Wikidata,https://helicopters.leonardo.com,2026-09-10T04:44:22.754960+00:00,UNRESOLVED,0.0
,,APC by Schneider Electric,,Wikidata,https://www.apc.com/it/it/,2026-09-10T04:44:22.757233+00:00,UNRESOLVED,0.0
,,ANGOP,,Wikidata,http://www.portalangop.co.ao/motix/pt_pt/portal/capa/index.html,2026-09-10T04:44:22.758357+00:00,UNRESOLVED,0.0
,,APC by Schneider Electric,,Wikidata,https://www.apc.com/kr/ko/,2026-09-10T04:44:22.760694+00:00,UNRESOLVED,0.0
,,Companhia Siderúrgica Nacional,,Wikidata,http://www.csn.com.br/,2026-09-10T04:44:22.761797+00:00,UNRESOLVED,0.0
,,APC by Schneider Electric,,Wikidata,https://www.apc.com/pl/pl/,2026-09-10T04:44:22.764303+00:00,UNRESOLVED,0.0
,,Ahlers & Vogel,,Wikidata,http://www.ahlers-vogel.de/,2026-09-10T04:44:22.765701+00:00,UNRESOLVED,0.0
,,APC by Schneider Electric,,Wikidata,https://www.apc.com/pt/pt/,2026-09-10T04:44:22.768291+00:00,UNRESOLVED,0.0
,,Ahlstrom-Munksjö,,Wikidata,https://www.ahlstrom.com/,2026-09-10T04:44:22.769641+00:00,UNRESOLVED,0.0
,,APC by Schneider Electric,,Wikidata,https://www.apc.com/ru/ru/,2026-09-10T04:44:22.771975+00:00,UNRESOLVED,0.0
,,AhnLab Inc,,Wikidata,https://www.ahnlab.com,2026-09-10T04:44:22.773222+00:00,UNRESOLVED,0.0
,,APC by Schneider Electric,,Wikidata,https://www.apc.com/ua/uk/,2026-09-10T04:44:22.775147+00:00,UNRESOLVED,0.0
,,Ahorn-Grieneisen,,Wikidata,http://www.ahorn-ag.de/,2026-09-10T04:44:22.776461+00:00,UNRESOLVED,0.0
,,APC by Schneider Electric,,Wikidata,https://www.apc.com/us/en/,2026-09-10T04:44:22.778363+00:00,UNRESOLVED,0.0
,,Orbcomm,,Wikidata,https://www.orbcomm.com/,2026-09-10T04:44:22.780090+00:00,UNRESOLVED,0.0
,,Luxlait,,Wikidata,https://www.luxlait.lu/,2026-09-10T04:44:22.781611+00:00,UNRESOLVED,0.0
,,Beeline,,Wikidata,https://www.beeline.ru/,2026-09-10T04:44:22.783315+00:00,UNRESOLVED,0.0
,,Cactus,4030,Wikidata,https://www.cactus.lu/,2026-09-10T04:44:22.785074+00:00,UNRESOLVED,0.0
,,Neoplan,8500,Wikidata,https://www.neoplan.com/,2026-09-10T04:44:22.787571+00:00,UNRESOLVED,0.0
,,Bembos,,Wikidata,http://www.bembos.com.pe,2026-09-10T04:44:22.788812+00:00,UNRESOLVED,0.0
,,Public Power Corporation SA,16747,Wikidata,https://www.dei.gr/el,2026-09-10T04:44:22.790588+00:00,UNRESOLVED,0.0
,,American Standard Companies,,Wikidata,http://www.americanstandard.com,2026-09-10T04:44:22.792191+00:00,UNRESOLVED,0.0
,,Public Power Corporation SA,16747,Wikidata,https://www.dei.gr/en,2026-09-10T04:44:22.794541+00:00,UNRESOLVED,0.0
,,Bauknecht,,Wikidata,https://www.bauknecht.eu/,2026-09-10T04:44:22.795761+00:00,UNRESOLVED,0.0
,,Public Power Corporation SA,16747,Wikidata,https://www.dei.gr,2026-09-10T04:44:22.797895+00:00,UNRESOLVED,0.0
,,Niederegger,,Wikidata,http://www.niederegger.de/en/,2026-09-10T04:44:22.799202+00:00,UNRESOLVED,0.0
,,Itoh Company,,Wikidata,https://www.itoh-c.com/,2026-09-10T04:44:22.800929+00:00,UNRESOLVED,0.0
,,Conrad Electronic SE,2300,Wikidata,https://www.conrad.de,2026-09-10T04:44:22.802826+00:00,UNRESOLVED,0.0
,,Nippon Sheet Glass,29340,Wikidata,https://www.nsg.co.jp/,2026-09-10T04:44:22.805205+00:00,UNRESOLVED,0.0
,,American Water Works,,Wikidata,http://www.amwater.com/,2026-09-10T04:44:22.806527+00:00,UNRESOLVED,0.0
,,Lotte Hotels & Resorts,,Wikidata,https://www.lottehotel.com/,2026-09-10T04:44:22.808161+00:00,UNRESOLVED,0.0
,,HELVETAS Swiss Intercooperation,,Wikidata,https://www.helvetas.org,2026-09-10T04:44:22.809740+00:00,UNRESOLVED,0.0
,,The North Africa Middle East Initiative of German Business,,Wikidata,https://www.nm-initiative.de/en/,2026-09-10T04:44:22.812179+00:00,UNRESOLVED,0.0
,,Verizon,132200,Wikidata,https://www.verizon.com/,2026-09-10T04:44:22.813382+00:00,UNRESOLVED,0.0
,,Schmidt & Bender,,Wikidata,https://schmidtundbender.de/,2026-09-10T04:44:22.815413+00:00,UNRESOLVED,0.0
,,Verizon,132200,Wikidata,https://www.verizon.net,2026-09-10T04:44:22.816580+00:00,UNRESOLVED,0.0
,,Constructa-Neff,,Wikidata,https://www.neff-home.com/,2026-09-10T04:44:22.818938+00:00,UNRESOLVED,0.0
,,Dormakaba,16000,Wikidata,http://www.dormakaba.com,2026-09-10T04:44:22.820408+00:00,UNRESOLVED,0.0
,,STADA Arzneimittel,,Wikidata,https://www.stada.de/,2026-09-10T04:44:22.822336+00:00,UNRESOLVED,0.0
,,Gambro,,Wikidata,http://www.gambro.com/,2026-09-10T04:44:22.823856+00:00,UNRESOLVED,0.0
,,Behr GmbH & Co. KG,,Wikidata,http://www.mahle.com/,2026-09-10T04:44:22.825979+00:00,UNRESOLVED,0.0
,,Avira,459,Wikidata,https://www.avira.com/,2026-09-10T04:44:22.827510+00:00,UNRESOLVED,0.0
,,Wärtsilä,18000,Wikidata,https://www.wartsila.com/,2026-09-10T04:44:22.829212+00:00,UNRESOLVED,0.0
,,Corporate Express,18529,Wikidata,http://www.cexpgroup.com,2026-09-10T04:44:22.830831+00:00,UNRESOLVED,0.0
,,Enron,20600,Wikidata,http://www.enron.com/,2026-09-10T04:44:22.832355+00:00,UNRESOLVED,0.0
,,Timken Company,,Wikidata,http://www.timken.com/,2026-09-10T04:44:22.834651+00:00,UNRESOLVED,0.0
,,Mix Markt,,Wikidata,https://www.mixmarkt.eu/,2026-09-10T04:44:22.836039+00:00,UNRESOLVED,0.0
,,Hagemeyer,17519,Wikidata,http://www.hagemeyer.com/,2026-09-10T04:44:22.838501+00:00,UNRESOLVED,0.0
,,Mix Markt,,Wikidata,https://www.mixmarkt.eu/de/germany/,2026-09-10T04:44:22.839687+00:00,UNRESOLVED,0.0
,,Synetic GmbH,,Wikidata,http://www.synetic.de,2026-09-10T04:44:22.841964+00:00,UNRESOLVED,0.0
,,Mix Markt,,Wikidata,https://www.mixmarkt.gr/,2026-09-10T04:44:22.843109+00:00,UNRESOLVED,0.0
,,Bose Corporation,,Wikidata,https://www.bose.com,2026-09-10T04:44:22.847326+00:00,UNRESOLVED,0.0
,,AAI Corporation,,Wikidata,http://www.textronsystems.com/,2026-09-10T04:44:22.848211+00:00,UNRESOLVED,0.0
,,Rödl & Partner,,Wikidata,https://www.roedl.com/,2026-09-10T04:44:22.851781+00:00,UNRESOLVED,0.0
,,AAON,,Wikidata,http://www.aaon.com,2026-09-10T04:44:22.852408+00:00,UNRESOLVED,0.0
,,Visa Inc.,31600,Wikidata,https://corporate.visa.com/,2026-09-10T04:44:22.855347+00:00,UNRESOLVED,0.0
,,Tiger Telematics,,Wikidata,http://www.tigertelematics.com/index.html,2026-09-10T04:44:22.856735+00:00,UNRESOLVED,0.0
,,ADOX,,Wikidata,https://www.adox.de,2026-09-10T04:44:22.858343+00:00,UNRESOLVED,0.0
,,Gigaset Communications,,Wikidata,https://www.gigaset.com/,2026-09-10T04:44:22.860118+00:00,UNRESOLVED,0.0
,,Lycos Europe,,Wikidata,http://www.jubii.com/,2026-09-10T04:44:22.861916+00:00,UNRESOLVED,0.0
,,Leitner AG,,Wikidata,https://www.leitner.com/it/,2026-09-10T04:44:22.863640+00:00,UNRESOLVED,0.0
,,Lukoil,101000,Wikidata,https://lukoil.com,2026-09-10T04:44:22.865175+00:00,UNRESOLVED,0.0
,,ABB Stotz-Kontakt,,Wikidata,http://new.abb.com/de/ueber-uns/gesellschaften/abb-stotz-kontakt,2026-09-10T04:44:22.866765+00:00,UNRESOLVED,0.0
,,MTU Turbomeca Rolls-Royce,,Wikidata,http://www.mtr390.com/,2026-09-10T04:44:22.868496+00:00,UNRESOLVED,0.0
,,ABDI Company,,Wikidata,http://www.abdi.kz/,2026-09-10T04:44:22.870614+00:00,UNRESOLVED,0.0
,,Raidió Teilifís Éireann,1856,Wikidata,https://www.rte.ie/,2026-09-10T04:44:22.872321+00:00,UNRESOLVED,0.0
,,ABG Frankfurt Holding,,Wikidata,http://www.abg-fh.de/,2026-09-10T04:44:22.874482+00:00,UNRESOLVED,0.0
,,DFDS Lisco,,Wikidata,http://www.dfdslisco.com,2026-09-10T04:44:22.875618+00:00,UNRESOLVED,0.0
,,ABP Induction Systems,,Wikidata,http://www.abpinduction.com/de/,2026-09-10T04:44:22.878006+00:00,UNRESOLVED,0.0
,,Weidenhammer Packaging Group,,Wikidata,http://weidenhammer.de/en/home.html,2026-09-10T04:44:22.879162+00:00,UNRESOLVED,0.0
,,Casavant Frères,,Wikidata,http://www.casavant.ca/,2026-09-10T04:44:22.881250+00:00,UNRESOLVED,0.0
,,Absolut Medien,,Wikidata,https://absolutmedien.de/,2026-09-10T04:44:22.882488+00:00,UNRESOLVED,0.0
,,N,,Wikidata,http://n.pl/,2026-09-10T04:44:22.884313+00:00,UNRESOLVED,0.0
,,Victoria’s Secret,31000,Wikidata,https://www.victoriassecret.com/,2026-09-10T04:44:22.886255+00:00,UNRESOLVED,0.0
,,"Achema, AB",1143,Wikidata,http://www.achema.com/,2026-09-10T04:44:22.888029+00:00,UNRESOLVED,0.0
,,SES S.A.,,Wikidata,https://www.ses.com/,2026-09-10T04:44:22.890118+00:00,UNRESOLVED,0.0
,,AB Elektronik,,Wikidata,http://www.abelektronik.de,2026-09-10T04:44:22.891356+00:00,UNRESOLVED,0.0
,,SES S.A.,,Wikidata,https://www.ses.com/de,2026-09-10T04:44:22.893658+00:00,UNRESOLVED,0.0
,,AB Felix,,Wikidata,https://www.felix.se,2026-09-10T04:44:22.894877+00:00,UNRESOLVED,0.0
,,SES S.A.,,Wikidata,https://www.ses.com/es,2026-09-10T04:44:22.897027+00:00,UNRESOLVED,0.0
,,"Datang International Power Generation Co., Ltd.",,Wikidata,http://www.dtpower.com/,2026-09-10T04:44:22.898281+00:00,UNRESOLVED,0.0
,,SES S.A.,,Wikidata,https://www.ses.com/fr,2026-09-10T04:44:22.900332+00:00,UNRESOLVED,0.0
,,ACCO Brands,,Wikidata,https://www.accobrands.com/,2026-09-10T04:44:22.901801+00:00,UNRESOLVED,0.0
,,SES S.A.,,Wikidata,https://www.ses.com/pt,2026-09-10T04:44:22.904286+00:00,UNRESOLVED,0.0
,,ACD Gruppe,,Wikidata,http://www.acd-gruppe.de/,2026-09-10T04:44:22.905446+00:00,UNRESOLVED,0.0
,,SES S.A.,,Wikidata,https://www.ses.com/ru,2026-09-10T04:44:22.907576+00:00,UNRESOLVED,0.0
,,ACDelco,,Wikidata,https://www.gmparts.com,2026-09-10T04:44:22.908837+00:00,UNRESOLVED,0.0
,,Sony Music Publishing,,Wikidata,https://www.sonymusicpub.com/en,2026-09-10T04:44:22.911228+00:00,UNRESOLVED,0.0
,,ACD Systems,,Wikidata,https://www.acdsystems.com/,2026-09-10T04:44:22.912420+00:00,UNRESOLVED,0.0
,,Johnson & Johnson,136400,Wikidata,http://www.jjmt.com.tw/,2026-09-10T04:44:22.914580+00:00,UNRESOLVED,0.0
,,ACE Aviation Holdings,,Wikidata,http://www.aceaviation.com/,2026-09-10T04:44:22.915764+00:00,UNRESOLVED,0.0
,,Johnson & Johnson,136400,Wikidata,http://www.jnj.com.cn,2026-09-10T04:44:22.917986+00:00,UNRESOLVED,0.0
,,ACE Limited,,Wikidata,http://www.acelimited.com/,2026-09-10T04:44:22.919324+00:00,UNRESOLVED,0.0
,,Johnson & Johnson,136400,Wikidata,https://www.jnj.com,2026-09-10T04:44:22.921629+00:00,UNRESOLVED,0.0
,,NIQ,,Wikidata,https://nielseniq.com,2026-09-10T04:44:22.922939+00:00,UNRESOLVED,0.0
,,ISC Kosmotras,,Wikidata,http://www.kosmotras.ru/,2026-09-10T04:44:22.925038+00:00,UNRESOLVED,0.0
,,ACO group,,Wikidata,http://www.aco.com/,2026-09-10T04:44:22.926286+00:00,UNRESOLVED,0.0
,,ISC Kosmotras,,Wikidata,http://www.kosmotras.ru/en/,2026-09-10T04:44:22.928534+00:00,UNRESOLVED,0.0
,,Sapporo Breweries,,Wikidata,http://www.sapporobeer.it,2026-09-10T04:44:22.929754+00:00,UNRESOLVED,0.0
,,Kontinentalinvest,,Wikidata,http://www.bcbk.ru,2026-09-10T04:44:22.931431+00:00,UNRESOLVED,0.0
,,Sapporo Breweries,,Wikidata,https://www.sapporobeer.jp/,2026-09-10T04:44:22.933012+00:00,UNRESOLVED,0.0
,,Merrill,60000,Wikidata,https://www.ml.com,2026-09-10T04:44:22.934988+00:00,UNRESOLVED,0.0
,,Etablissements René Neymann,,Wikidata,http://www.neymann.com,2026-09-10T04:44:22.936941+00:00,UNRESOLVED,0.0
,,Morgan Stanley,80006,Wikidata,https://morganstanley.com,2026-09-10T04:44:22.939225+00:00,UNRESOLVED,0.0
,,Orion Electric,,Wikidata,http://www.orion-electric.co.jp/,2026-09-10T04:44:22.940335+00:00,UNRESOLVED,0.0
,,Abtshof Magdeburg,,Wikidata,http://www.abtshof.de,2026-09-10T04:44:22.942544+00:00,UNRESOLVED,0.0
,,ACV Records,,Wikidata,https://myspace.com/acvalternativecurrent,2026-09-10T04:44:22.944001+00:00,UNRESOLVED,0.0
,,Ülker,8923,Wikidata,http://www.ulker.com.tr/,2026-09-10T04:44:22.946135+00:00,UNRESOLVED,0.0
,,Trucks and Bus Company,,Wikidata,http://www.tbco-libya.com/,2026-09-10T04:44:22.947247+00:00,UNRESOLVED,0.0
,,Abu Dhabi Investment Authority,,Wikidata,http://www.adia.ae,2026-09-10T04:44:22.949342+00:00,UNRESOLVED,0.0
,,Gilbert Rugby,,Wikidata,https://www.gilbertrugby.com/,2026-09-10T04:44:22.950454+00:00,UNRESOLVED,0.0
,,Abu Dhabi Investment Authority,,Wikidata,https://damanmarkets.com/ar,2026-09-10T04:44:22.953020+00:00,UNRESOLVED,0.0
,,Frog Design,,Wikidata,https://www.frog.co,2026-09-10T04:44:22.954263+00:00,UNRESOLVED,0.0
,,Abu Dhabi MAR,,Wikidata,http://www.abudhabimar.com/,2026-09-10T04:44:22.956585+00:00,UNRESOLVED,0.0
,,Cerberus Capital Management,,Wikidata,https://www.cerberuscapital.com/,2026-09-10T04:44:22.957698+00:00,UNRESOLVED,0.0
,,Wizz Air,7300,Wikidata,https://wizzair.com,2026-09-10T04:44:22.960029+00:00,UNRESOLVED,0.0
,,Eclipse Aviation,,Wikidata,http://www.eclipseaviation.com,2026-09-10T04:44:22.961331+00:00,UNRESOLVED,0.0
,,Abus Kransysteme,,Wikidata,http://www.abuscranes.com,2026-09-10T04:44:22.963574+00:00,UNRESOLVED,0.0
,,Dujotekana,,Wikidata,http://www.dujotekana.lt/,2026-09-10T04:44:22.964708+00:00,UNRESOLVED,0.0
,,SunGard,,Wikidata,http://www.sungard.com/,2026-09-10T04:44:22.966916+00:00,UNRESOLVED,0.0
,,Old Mutual,,Wikidata,http://www.oldmutual.com/,2026-09-10T04:44:22.967859+00:00,UNRESOLVED,0.0
,,ČD Cargo,,Wikidata,http://www.cdcargo.cz/,2026-09-10T04:44:22.970737+00:00,UNRESOLVED,0.0
,,Sebamed,,Wikidata,http://www.sebapharma.com/340.html,2026-09-10T04:44:22.971821+00:00,UNRESOLVED,0.0
,,ČEZ Group,33617,Wikidata,https://www.cez.cz/,2026-09-10T04:44:22.974130+00:00,UNRESOLVED,0.0
,,Jewels,,Wikidata,https://w-jewels.jp/,2026-09-10T04:44:22.975223+00:00,UNRESOLVED,0.0
,,Oknoplast,,Wikidata,http://oknoplast.de,2026-09-10T04:44:22.977742+00:00,UNRESOLVED,0.0
,,Jewels,,Wikidata,https://www.deepjewels.com/,2026-09-10T04:44:22.978760+00:00,UNRESOLVED,0.0
,,ADC Telecommunications,8200,Wikidata,http://www.adc.com/,2026-09-10T04:44:22.982698+00:00,UNRESOLVED,0.0
,,ADEG Österreich,,Wikidata,https://www.adeg.at/,2026-09-10T04:44:22.985301+00:00,UNRESOLVED,0.0
,,ADIG,,Wikidata,http://www.cominvest-am.de/,2026-09-10T04:44:22.987514+00:00,UNRESOLVED,0.0
,,ADINA,,Wikidata,http://www.adina.com,2026-09-10T04:44:22.989510+00:00,UNRESOLVED,0.0
,,Benninger,,Wikidata,http://www.benningergroup.com/,2026-09-10T04:44:22.991369+00:00,UNRESOLVED,0.0
,,Schokinag-Schokolade-Industrie,,Wikidata,http://www.schokinag.com,2026-09-10T04:44:22.993354+00:00,UNRESOLVED,0.0
,,ADO Goldkante,,Wikidata,http://www.ado-goldkante.de/,2026-09-10T04:44:22.995285+00:00,UNRESOLVED,0.0
,,Bestseller,20704,Wikidata,http://www.bestseller.com/,2026-09-10T05:10:02.611851+00:00,UNRESOLVED,0.0
,,The Dai-ichi Life Insurance Company,,Wikidata,http://www.dai-ichi-life.co.jp/,2026-09-10T05:10:02.625193+00:00,UNRESOLVED,0.0
,,Wedgwood,,Wikidata,http://www.wedgwood.com/,2026-09-10T05:10:02.629296+00:00,UNRESOLVED,0.0
,,Cineflix,,Wikidata,https://cineflix.com/,2026-09-10T05:10:02.633045+00:00,UNRESOLVED,0.0
,,Mattel,,Wikidata,https://corporate.mattel.com/,2026-09-10T05:10:02.636659+00:00,UNRESOLVED,0.0
,,Emerson Radio Corporation,,Wikidata,http://www.emersonradio.com,2026-09-10T05:10:02.639366+00:00,UNRESOLVED,0.0
,,Credito Italiano,,Wikidata,http://www.credit.it/,2026-09-10T05:10:02.641928+00:00,UNRESOLVED,0.0
,,Danger Close Games,,Wikidata,http://www.dangerclosegames.com,2026-09-10T05:10:02.644321+00:00,UNRESOLVED,0.0
,,CompTIA,,Wikidata,https://www.comptia.org/,2026-09-10T05:10:02.647259+00:00,UNRESOLVED,0.0
,,Tenaris Sa,,SEC EDGAR,https://www.sec.gov/edgar/browse/?CIK=0001190723,2026-09-10T06:52:15.870010+00:00,UNRESOLVED,0.0
,,Dte Energy Co,,SEC EDGAR,https://www.sec.gov/edgar/browse/?CIK=0000936340,2026-09-10T06:52:15.873716+00:00,UNRESOLVED,0.0
,,Atmos Energy Corp,,SEC EDGAR,https://www.sec.gov/edgar/browse/?CIK=0000731802,2026-09-10T06:52:15.876011+00:00,UNRESOLVED,0.0
,,Teledyne Technologies Inc,,SEC EDGAR,https://www.sec.gov/edgar/browse/?CIK=0001094285,2026-09-10T06:52:15.878560+00:00,UNRESOLVED,0.0
,,Lpl Financial Holdings Inc.,,SEC EDGAR,https://www.sec.gov/edgar/browse/?CIK=0001397911,2026-09-10T06:52:15.881023+00:00,UNRESOLVED,0.0
,,Fortis Inc.,,SEC EDGAR,https://www.sec.gov/edgar/browse/?CIK=0001666175,2026-09-10T06:52:15.882908+00:00,UNRESOLVED,0.0
,,Fiserv Inc,,SEC EDGAR,https://www.sec.gov/edgar/browse/?CIK=0000798354,2026-09-10T06:52:15.884844+00:00,UNRESOLVED,0.0
,,Pembina Pipeline Corp,,SEC EDGAR,https://www.sec.gov/edgar/browse/?CIK=0001546066,2026-09-10T06:52:15.886665+00:00,UNRESOLVED,0.0
,,"Sunbelt Rentals Holdings, Inc.",,SEC EDGAR,https://www.sec.gov/edgar/browse/?CIK=0002083785,2026-09-10T06:52:15.888762+00:00,UNRESOLVED,0.0
,,Cognizant Technology Solutions Corp,,SEC EDGAR,https://www.sec.gov/edgar/browse/?CIK=0001058290,2026-09-10T06:52:15.890628+00:00,UNRESOLVED,0.0
,,Vici Properties Inc.,,SEC EDGAR,https://www.sec.gov/edgar/browse/?CIK=0001705696,2026-09-10T06:52:15.892458+00:00,UNRESOLVED,0.0
,,Caseys General Stores Inc,,SEC EDGAR,https://www.sec.gov/edgar/browse/?CIK=0000726958,2026-09-10T06:52:15.894251+00:00,UNRESOLVED,0.0
,,"American Water Works Company, Inc.",,SEC EDGAR,https://www.sec.gov/edgar/browse/?CIK=0001410636,2026-09-10T06:52:15.896029+00:00,UNRESOLVED,0.0
,,"Circle Internet Group, Inc.",,SEC EDGAR,https://www.sec.gov/edgar/browse/?CIK=0001876042,2026-09-10T06:52:15.898248+00:00,UNRESOLVED,0.0
,,"Zscaler, Inc.",,SEC EDGAR,https://www.sec.gov/edgar/browse/?CIK=0001713683,2026-09-10T06:52:15.900048+00:00,UNRESOLVED,0.0
,,Insmed Inc,,SEC EDGAR,https://www.sec.gov/edgar/browse/?CIK=0001104506,2026-09-10T06:52:15.902230+00:00,UNRESOLVED,0.0
,,Fox Corp,,SEC EDGAR,https://www.sec.gov/edgar/browse/?CIK=0001754301,2026-09-10T06:52:15.903983+00:00,UNRESOLVED,0.0
,,"Coupang, Inc.",,SEC EDGAR,https://www.sec.gov/edgar/browse/?CIK=0001834584,2026-09-10T06:52:15.905824+00:00,UNRESOLVED,0.0
,,"Corpay, Inc.",,SEC EDGAR,https://www.sec.gov/edgar/browse/?CIK=0001175454,2026-09-10T06:52:15.907729+00:00,UNRESOLVED,0.0
,,Otis Worldwide Corp,,SEC EDGAR,https://www.sec.gov/edgar/browse/?CIK=0001781335,2026-09-10T06:52:15.909524+00:00,UNRESOLVED,0.0
,,Firstenergy Corp,,SEC EDGAR,https://www.sec.gov/edgar/browse/?CIK=0001031296,2026-09-10T06:52:15.911683+00:00,UNRESOLVED,0.0
,,Mettler Toledo International Inc/,,SEC EDGAR,https://www.sec.gov/edgar/browse/?CIK=0001037646,2026-09-10T06:52:15.913533+00:00,UNRESOLVED,0.0
,,Williams Sonoma Inc,,SEC EDGAR,https://www.sec.gov/edgar/browse/?CIK=0000719955,2026-09-10T06:52:15.915390+00:00,UNRESOLVED,0.0
,,Eversource Energy,,SEC EDGAR,https://www.sec.gov/edgar/browse/?CIK=0000072741,2026-09-10T06:52:15.917154+00:00,UNRESOLVED,0.0
,,Labcorp Holdings Inc.,,SEC EDGAR,https://www.sec.gov/edgar/browse/?CIK=0000920148,2026-09-10T06:52:15.919254+00:00,UNRESOLVED,0.0
,,Ppl Corp,,SEC EDGAR,https://www.sec.gov/edgar/browse/?CIK=0000922224,2026-09-10T06:52:15.921020+00:00,UNRESOLVED,0.0
,,Verisign Inc/Ca,,SEC EDGAR,https://www.sec.gov/edgar/browse/?CIK=0001014473,2026-09-10T06:52:15.922797+00:00,UNRESOLVED,0.0
,,Cincinnati Financial Corp,,SEC EDGAR,https://www.sec.gov/edgar/browse/?CIK=0000020286,2026-09-10T06:52:15.924595+00:00,UNRESOLVED,0.0
,,Quest Diagnostics Inc,,SEC EDGAR,https://www.sec.gov/edgar/browse/?CIK=0001022079,2026-09-10T06:52:15.926439+00:00,UNRESOLVED,0.0
,,Centerpoint Energy Inc,,SEC EDGAR,https://www.sec.gov/edgar/browse/?CIK=0001130310,2026-09-10T06:52:15.928170+00:00,UNRESOLVED,0.0
,,Echostar Corp,,SEC EDGAR,https://www.sec.gov/edgar/browse/?CIK=0001415404,2026-09-10T06:52:15.929924+00:00,UNRESOLVED,0.0
,,Biontech Se,,SEC EDGAR,https://www.sec.gov/edgar/browse/?CIK=0001776985,2026-09-10T06:52:15.931690+00:00,UNRESOLVED,0.0
,,"Super Micro Computer, Inc.",,SEC EDGAR,https://www.sec.gov/edgar/browse/?CIK=0001375365,2026-09-10T06:52:15.933491+00:00,UNRESOLVED,0.0
,,Synchrony Financial,,SEC EDGAR,https://www.sec.gov/edgar/browse/?CIK=0001601712,2026-09-10T06:52:15.935273+00:00,UNRESOLVED,0.0
,,Symbotic Inc.,,SEC EDGAR,https://www.sec.gov/edgar/browse/?CIK=0001837240,2026-09-10T06:52:15.937024+00:00,UNRESOLVED,0.0
,,Dover Corp,,SEC EDGAR,https://www.sec.gov/edgar/browse/?CIK=0000029905,2026-09-10T06:52:15.938840+00:00,UNRESOLVED,0.0
,,Regions Financial Corp,,SEC EDGAR,https://www.sec.gov/edgar/browse/?CIK=0001281761,2026-09-10T06:52:15.940594+00:00,UNRESOLVED,0.0
,,Trip.Com Group Ltd,,SEC EDGAR,https://www.sec.gov/edgar/browse/?CIK=0001269238,2026-09-10T06:52:15.942697+00:00,UNRESOLVED,0.0
,,Hunt J B Transport Services Inc,,SEC EDGAR,https://www.sec.gov/edgar/browse/?CIK=0000728535,2026-09-10T06:52:15.944556+00:00,UNRESOLVED,0.0
,,Incyte Corp,,SEC EDGAR,https://www.sec.gov/edgar/browse/?CIK=0000879169,2026-09-10T06:52:15.946453+00:00,UNRESOLVED,0.0
,,Berkley W R Corp,,SEC EDGAR,https://www.sec.gov/edgar/browse/?CIK=0000011544,2026-09-10T06:52:15.948345+00:00,UNRESOLVED,0.0
,,Koninklijke Philips Nv,,SEC EDGAR,https://www.sec.gov/edgar/browse/?CIK=0000313216,2026-09-10T06:52:15.950156+00:00,UNRESOLVED,0.0
,,Nvent Electric Plc,,SEC EDGAR,https://www.sec.gov/edgar/browse/?CIK=0001720635,2026-09-10T06:52:15.952099+00:00,UNRESOLVED,0.0
,,Roivant Sciences Ltd.,,SEC EDGAR,https://www.sec.gov/edgar/browse/?CIK=0001635088,2026-09-10T06:52:15.953965+00:00,UNRESOLVED,0.0
,,"Qnity Electronics, Inc.",,SEC EDGAR,https://www.sec.gov/edgar/browse/?CIK=0002058873,2026-09-10T06:52:15.955915+00:00,UNRESOLVED,0.0
,,Bending Spoons S.P.A.,,SEC EDGAR,https://www.sec.gov/edgar/browse/?CIK=0002004711,2026-09-10T06:52:15.957731+00:00,UNRESOLVED,0.0
,,Tower Semiconductor Ltd,,SEC EDGAR,https://www.sec.gov/edgar/browse/?CIK=0000928876,2026-09-10T06:52:15.959583+00:00,UNRESOLVED,0.0
,,"Nrg Energy, Inc.",,SEC EDGAR,https://www.sec.gov/edgar/browse/?CIK=0001013871,2026-09-10T06:52:15.961452+00:00,UNRESOLVED,0.0
,,Ppg Industries Inc,,SEC EDGAR,https://www.sec.gov/edgar/browse/?CIK=0000079879,2026-09-10T06:52:15.963297+00:00,UNRESOLVED,0.0
,,Texas Pacific Land Corp,,SEC EDGAR,https://www.sec.gov/edgar/browse/?CIK=0001811074,2026-09-10T06:52:15.965078+00:00,UNRESOLVED,0.0
,,Principal Financial Group Inc,,SEC EDGAR,https://www.sec.gov/edgar/browse/?CIK=0001126328,2026-09-10T06:52:15.966894+00:00,UNRESOLVED,0.0
,,First Citizens Bancshares Inc /De/,,SEC EDGAR,https://www.sec.gov/edgar/browse/?CIK=0000798941,2026-09-10T06:52:15.968745+00:00,UNRESOLVED,0.0
,,Globalfoundries Inc.,,SEC EDGAR,https://www.sec.gov/edgar/browse/?CIK=0001709048,2026-09-10T06:52:15.970711+00:00,UNRESOLVED,0.0
,,Xylem Inc.,,SEC EDGAR,https://www.sec.gov/edgar/browse/?CIK=0001524472,2026-09-10T06:52:15.972829+00:00,UNRESOLVED,0.0
,,"Dollar Tree, Inc.",,SEC EDGAR,https://www.sec.gov/edgar/browse/?CIK=0000935703,2026-09-10T06:52:15.974720+00:00,UNRESOLVED,0.0
,,Darden Restaurants Inc,,SEC EDGAR,https://www.sec.gov/edgar/browse/?CIK=0000940944,2026-09-10T06:52:15.976597+00:00,UNRESOLVED,0.0
,,Expeditors International Of Washington Inc,,SEC EDGAR,https://www.sec.gov/edgar/browse/?CIK=0000746515,2026-09-10T06:52:15.978408+00:00,UNRESOLVED,0.0
,,"Sharkninja, Inc.",,SEC EDGAR,https://www.sec.gov/edgar/browse/?CIK=0001957132,2026-09-10T06:52:15.980293+00:00,UNRESOLVED,0.0
,,Global Payments Inc,,SEC EDGAR,https://www.sec.gov/edgar/browse/?CIK=0001123360,2026-09-10T06:52:15.982149+00:00,UNRESOLVED,0.0
,,"Affirm Holdings, Inc.",,SEC EDGAR,https://www.sec.gov/edgar/browse/?CIK=0001820953,2026-09-10T06:52:15.983961+00:00,UNRESOLVED,0.0
,,"Tapestry, Inc.",,SEC EDGAR,https://www.sec.gov/edgar/browse/?CIK=0001116132,2026-09-10T06:52:15.985787+00:00,UNRESOLVED,0.0
,,Hubbell Inc,,SEC EDGAR,https://www.sec.gov/edgar/browse/?CIK=0000048898,2026-09-10T06:52:15.987710+00:00,UNRESOLVED,0.0
,,"Ast Spacemobile, Inc.",,SEC EDGAR,https://www.sec.gov/edgar/browse/?CIK=0001780312,2026-09-10T06:52:15.989549+00:00,UNRESOLVED,0.0
,,"Verisk Analytics, Inc.",,SEC EDGAR,https://www.sec.gov/edgar/browse/?CIK=0001442145,2026-09-10T06:52:15.991418+00:00,UNRESOLVED,0.0
,,"Ulta Beauty, Inc.",,SEC EDGAR,https://www.sec.gov/edgar/browse/?CIK=0001403568,2026-09-10T06:52:15.993257+00:00,UNRESOLVED,0.0
,,Chocoladefabriken Lindt & Spruengli Ag/Adr,,SEC EDGAR,https://www.sec.gov/edgar/browse/?CIK=0001885110,2026-09-10T06:52:15.995174+00:00,UNRESOLVED,0.0
,,Smurfit Westrock Plc,,SEC EDGAR,https://www.sec.gov/edgar/browse/?CIK=0002005951,2026-09-10T06:52:15.997141+00:00,UNRESOLVED,0.0
,,Amrize Ltd,,SEC EDGAR,https://www.sec.gov/edgar/browse/?CIK=0002035989,2026-09-10T06:52:15.998963+00:00,UNRESOLVED,0.0
,,West Pharmaceutical Services Inc,,SEC EDGAR,https://www.sec.gov/edgar/browse/?CIK=0000105770,2026-09-10T06:52:16.000894+00:00,UNRESOLVED,0.0
,,"Brown & Brown, Inc.",,SEC EDGAR,https://www.sec.gov/edgar/browse/?CIK=0000079282,2026-09-10T06:52:16.002781+00:00,UNRESOLVED,0.0
,,Grupo Cibest S.A.,,SEC EDGAR,https://www.sec.gov/edgar/browse/?CIK=0002058897,2026-09-10T06:52:16.004664+00:00,UNRESOLVED,0.0
,,Hesai Group,,SEC EDGAR,https://www.sec.gov/edgar/browse/?CIK=0001861737,2026-09-10T06:52:16.006522+00:00,UNRESOLVED,0.0
,,Geely Automobile Holdings Limited/Adr,,SEC EDGAR,https://www.sec.gov/edgar/browse/?CIK=0001474968,2026-09-10T06:52:16.009214+00:00,UNRESOLVED,0.0
,,Pultegroup Inc/Mi/,,SEC EDGAR,https://www.sec.gov/edgar/browse/?CIK=0000822416,2026-09-10T06:52:16.011174+00:00,UNRESOLVED,0.0
,,Keycorp /New/,,SEC EDGAR,https://www.sec.gov/edgar/browse/?CIK=0000091576,2026-09-10T06:52:16.013155+00:00,UNRESOLVED,0.0
,,Carpenter Technology Corp,,SEC EDGAR,https://www.sec.gov/edgar/browse/?CIK=0000017843,2026-09-10T06:52:16.015042+00:00,UNRESOLVED,0.0
,,"Sofi Technologies, Inc.",,SEC EDGAR,https://www.sec.gov/edgar/browse/?CIK=0001818874,2026-09-10T06:52:16.017068+00:00,UNRESOLVED,0.0
,,Intercontinental Hotels Group Plc /New/,,SEC EDGAR,https://www.sec.gov/edgar/browse/?CIK=0000858446,2026-09-10T06:52:16.018957+00:00,UNRESOLVED,0.0
,,Veralto Corp,,SEC EDGAR,https://www.sec.gov/edgar/browse/?CIK=0001967680,2026-09-10T06:52:16.020782+00:00,UNRESOLVED,0.0
,,Samsara Inc.,,SEC EDGAR,https://www.sec.gov/edgar/browse/?CIK=0001642896,2026-09-10T06:52:16.022601+00:00,UNRESOLVED,0.0
,,Price T Rowe Group Inc,,SEC EDGAR,https://www.sec.gov/edgar/browse/?CIK=0001113169,2026-09-10T06:52:16.024413+00:00,UNRESOLVED,0.0
,,Church & Dwight Co Inc /De/,,SEC EDGAR,https://www.sec.gov/edgar/browse/?CIK=0000313927,2026-09-10T06:52:16.026296+00:00,UNRESOLVED,0.0
,,"Viper Energy, Inc.",,SEC EDGAR,https://www.sec.gov/edgar/browse/?CIK=0002074176,2026-09-10T06:52:16.028147+00:00,UNRESOLVED,0.0
,,Cnh Industrial N.V.,,SEC EDGAR,https://www.sec.gov/edgar/browse/?CIK=0001567094,2026-09-10T06:52:16.030001+00:00,UNRESOLVED,0.0
,,Mtn Group Ltd/Adr,,SEC EDGAR,https://www.sec.gov/edgar/browse/?CIK=0001163420,2026-09-10T06:52:16.031861+00:00,UNRESOLVED,0.0
,,"Roku, Inc",,SEC EDGAR,https://www.sec.gov/edgar/browse/?CIK=0001428439,2026-09-10T06:52:16.033630+00:00,UNRESOLVED,0.0
,,"Arxis, Inc.",,SEC EDGAR,https://www.sec.gov/edgar/browse/?CIK=0002093536,2026-09-10T06:52:16.035321+00:00,UNRESOLVED,0.0
,,Tradeweb Markets Inc.,,SEC EDGAR,https://www.sec.gov/edgar/browse/?CIK=0001758730,2026-09-10T06:52:16.037146+00:00,UNRESOLVED,0.0
,,Aercap Holdings N.V.,,SEC EDGAR,https://www.sec.gov/edgar/browse/?CIK=0001378789,2026-09-10T06:52:16.038979+00:00,UNRESOLVED,0.0
,,Bunge Global Sa,,SEC EDGAR,https://www.sec.gov/edgar/browse/?CIK=0001996862,2026-09-10T06:52:16.040842+00:00,UNRESOLVED,0.0
,,"Rivian Automotive, Inc. / De",,SEC EDGAR,https://www.sec.gov/edgar/browse/?CIK=0001874178,2026-09-10T06:52:16.042688+00:00,UNRESOLVED,0.0
,,Expand Energy Corp,,SEC EDGAR,https://www.sec.gov/edgar/browse/?CIK=0000895126,2026-09-10T06:52:16.044533+00:00,UNRESOLVED,0.0
,,Omnicom Group Inc.,,SEC EDGAR,https://www.sec.gov/edgar/browse/?CIK=0000029989,2026-09-10T06:52:16.046361+00:00,UNRESOLVED,0.0
,,Markel Group Inc.,,SEC EDGAR,https://www.sec.gov/edgar/browse/?CIK=0001096343,2026-09-10T06:52:16.048212+00:00,UNRESOLVED,0.0
,,"Xpo, Inc.",,SEC EDGAR,https://www.sec.gov/edgar/browse/?CIK=0001166003,2026-09-10T06:52:16.050087+00:00,UNRESOLVED,0.0
,,Us Foods Holding Corp.,,SEC EDGAR,https://www.sec.gov/edgar/browse/?CIK=0001665918,2026-09-10T06:52:16.051917+00:00,UNRESOLVED,0.0
,,Loews Corp,,SEC EDGAR,https://www.sec.gov/edgar/browse/?CIK=0000060086,2026-09-10T06:52:16.053795+00:00,UNRESOLVED,0.0
,,Edp Energias De Portugal Sa,,SEC EDGAR,https://www.sec.gov/edgar/browse/?CIK=0001039610,2026-09-10T06:52:16.055620+00:00,UNRESOLVED,0.0
,,Royal Gold Inc,,SEC EDGAR,https://www.sec.gov/edgar/browse/?CIK=0000085535,2026-09-10T06:52:16.057456+00:00,UNRESOLVED,0.0
,,Liberty Media Corp,,SEC EDGAR,https://www.sec.gov/edgar/browse/?CIK=0001560385,2026-09-10T06:52:16.059294+00:00,UNRESOLVED,0.0
,,"F5, Inc.",,SEC EDGAR,https://www.sec.gov/edgar/browse/?CIK=0001048695,2026-09-10T06:52:16.061163+00:00,UNRESOLVED,0.0
,,Bce Inc,,SEC EDGAR,https://www.sec.gov/edgar/browse/?CIK=0000718940,2026-09-10T06:52:16.063121+00:00,UNRESOLVED,0.0
,,International Flavors & Fragrances Inc,,SEC EDGAR,https://www.sec.gov/edgar/browse/?CIK=0000051253,2026-09-10T06:52:16.065019+00:00,UNRESOLVED,0.0
,,"First Solar, Inc.",,SEC EDGAR,https://www.sec.gov/edgar/browse/?CIK=0001274494,2026-09-10T06:52:16.066854+00:00,UNRESOLVED,0.0
,,Steris Plc,,SEC EDGAR,https://www.sec.gov/edgar/browse/?CIK=0001757898,2026-09-10T06:52:16.068621+00:00,UNRESOLVED,0.0
,,"Constellation Brands, Inc.",,SEC EDGAR,https://www.sec.gov/edgar/browse/?CIK=0000016918,2026-09-10T06:52:16.070619+00:00,UNRESOLVED,0.0
,,Edison International,,SEC EDGAR,https://www.sec.gov/edgar/browse/?CIK=0000827052,2026-09-10T06:52:16.072615+00:00,UNRESOLVED,0.0
,,"Coeur Mining, Inc.",,SEC EDGAR,https://www.sec.gov/edgar/browse/?CIK=0000215466,2026-09-10T06:52:16.074506+00:00,UNRESOLVED,0.0
,,Chemical & Mining Co Of Chile Inc,,SEC EDGAR,https://www.sec.gov/edgar/browse/?CIK=0000909037,2026-09-10T06:52:16.076335+00:00,UNRESOLVED,0.0
,,Heineken Holding N V,,SEC EDGAR,https://www.sec.gov/edgar/browse/?CIK=0001142231,2026-09-10T06:52:16.078142+00:00,UNRESOLVED,0.0
,,"Guardant Health, Inc.",,SEC EDGAR,https://www.sec.gov/edgar/browse/?CIK=0001576280,2026-09-10T06:52:16.080058+00:00,UNRESOLVED,0.0
,,"Fidelity National Information Services, Inc.",,SEC EDGAR,https://www.sec.gov/edgar/browse/?CIK=0001136893,2026-09-10T06:52:16.081921+00:00,UNRESOLVED,0.0
,,Cms Energy Corp,,SEC EDGAR,https://www.sec.gov/edgar/browse/?CIK=0000811156,2026-09-10T06:52:16.083845+00:00,UNRESOLVED,0.0
,,Bank Of Chile,,SEC EDGAR,https://www.sec.gov/edgar/browse/?CIK=0001161125,2026-09-10T06:52:16.085667+00:00,UNRESOLVED,0.0
,,Tenet Healthcare Corp,,SEC EDGAR,https://www.sec.gov/edgar/browse/?CIK=0000070318,2026-09-10T06:52:16.087477+00:00,UNRESOLVED,0.0
,,Pan American Silver Corp,,SEC EDGAR,https://www.sec.gov/edgar/browse/?CIK=0000771992,2026-09-10T06:52:16.089301+00:00,UNRESOLVED,0.0
,,Dow Inc.,,SEC EDGAR,https://www.sec.gov/edgar/browse/?CIK=0001751788,2026-09-10T06:52:16.091115+00:00,UNRESOLVED,0.0
,,Entegris Inc,,SEC EDGAR,https://www.sec.gov/edgar/browse/?CIK=0001101302,2026-09-10T06:52:16.092954+00:00,UNRESOLVED,0.0
,,Packaging Corp Of America,,SEC EDGAR,https://www.sec.gov/edgar/browse/?CIK=0000075677,2026-09-10T06:52:16.094886+00:00,UNRESOLVED,0.0
,,Cheung Kong Property Holdings Limited/Adr,,SEC EDGAR,https://www.sec.gov/edgar/browse/?CIK=0001653192,2026-09-10T06:52:16.096766+00:00,UNRESOLVED,0.0
,,Stellantis N.V.,,SEC EDGAR,https://www.sec.gov/edgar/browse/?CIK=0001605484,2026-09-10T06:52:16.098689+00:00,UNRESOLVED,0.0
,,Curtiss Wright Corp,,SEC EDGAR,https://www.sec.gov/edgar/browse/?CIK=0000026324,2026-09-10T06:52:16.100674+00:00,UNRESOLVED,0.0
,,Ralph Lauren Corp,,SEC EDGAR,https://www.sec.gov/edgar/browse/?CIK=0001037038,2026-09-10T06:52:16.102556+00:00,UNRESOLVED,0.0
,,United Therapeutics Corp,,SEC EDGAR,https://www.sec.gov/edgar/browse/?CIK=0001082554,2026-09-10T06:52:16.104411+00:00,UNRESOLVED,0.0
,,Amcor Plc,,SEC EDGAR,https://www.sec.gov/edgar/browse/?CIK=0001748790,2026-09-10T06:52:16.106256+00:00,UNRESOLVED,0.0
,,Equifax Inc,,SEC EDGAR,https://www.sec.gov/edgar/browse/?CIK=0000033185,2026-09-10T06:52:16.108104+00:00,UNRESOLVED,0.0
,,Genmab A/S,,SEC EDGAR,https://www.sec.gov/edgar/browse/?CIK=0001434265,2026-09-10T06:52:16.109978+00:00,UNRESOLVED,0.0
,,Ypf Sociedad Anonima,,SEC EDGAR,https://www.sec.gov/edgar/browse/?CIK=0000904851,2026-09-10T06:52:16.111897+00:00,UNRESOLVED,0.0
,,Tpg Inc.,,SEC EDGAR,https://www.sec.gov/edgar/browse/?CIK=0001880661,2026-09-10T06:52:16.113806+00:00,UNRESOLVED,0.0
,,"Macom Technology Solutions Holdings, Inc.",,SEC EDGAR,https://www.sec.gov/edgar/browse/?CIK=0001493594,2026-09-10T06:52:16.115798+00:00,UNRESOLVED,0.0
,,Lyondellbasell Industries N.V.,,SEC EDGAR,https://www.sec.gov/edgar/browse/?CIK=0001489393,2026-09-10T06:52:16.117676+00:00,UNRESOLVED,0.0
,,"Charter Communications, Inc. /Mo/",,SEC EDGAR,https://www.sec.gov/edgar/browse/?CIK=0001091667,2026-09-10T06:52:16.119858+00:00,UNRESOLVED,0.0
,,General Mills Inc,,SEC EDGAR,https://www.sec.gov/edgar/browse/?CIK=0000040704,2026-09-10T06:52:16.121790+00:00,UNRESOLVED,0.0
,,"Western Midstream Partners, Lp",,SEC EDGAR,https://www.sec.gov/edgar/browse/?CIK=0001423902,2026-09-10T06:52:16.123549+00:00,UNRESOLVED,0.0
,,"Reliance, Inc.",,SEC EDGAR,https://www.sec.gov/edgar/browse/?CIK=0000861884,2026-09-10T06:52:16.125344+00:00,UNRESOLVED,0.0
,,"Woodward, Inc.",,SEC EDGAR,https://www.sec.gov/edgar/browse/?CIK=0000108312,2026-09-10T06:52:16.127590+00:00,UNRESOLVED,0.0
,,Joint Stock Co Kaspi.Kz,,SEC EDGAR,https://www.sec.gov/edgar/browse/?CIK=0001985487,2026-09-10T06:52:16.129482+00:00,UNRESOLVED,0.0
,,Rogers Communications Inc,,SEC EDGAR,https://www.sec.gov/edgar/browse/?CIK=0000733099,2026-09-10T06:52:16.131415+00:00,UNRESOLVED,0.0
,,"Cf Industries Holdings, Inc.",,SEC EDGAR,https://www.sec.gov/edgar/browse/?CIK=0001324404,2026-09-10T06:52:16.133298+00:00,UNRESOLVED,0.0
,,Ftai Aviation Ltd.,,SEC EDGAR,https://www.sec.gov/edgar/browse/?CIK=0001590364,2026-09-10T06:52:16.135148+00:00,UNRESOLVED,0.0
,,Fair Isaac Corp,,SEC EDGAR,https://www.sec.gov/edgar/browse/?CIK=0000814547,2026-09-10T06:52:16.136953+00:00,UNRESOLVED,0.0
,,Lennar Corp /New/,,SEC EDGAR,https://www.sec.gov/edgar/browse/?CIK=0000920760,2026-09-10T06:52:16.138854+00:00,UNRESOLVED,0.0
,,Sba Communications Corp,,SEC EDGAR,https://www.sec.gov/edgar/browse/?CIK=0001034054,2026-09-10T06:52:16.145747+00:00,UNRESOLVED,0.0
,,Nisource Inc.,,SEC EDGAR,https://www.sec.gov/edgar/browse/?CIK=0001111711,2026-09-10T06:52:16.148398+00:00,UNRESOLVED,0.0
,,Snap-On Inc,,SEC EDGAR,https://www.sec.gov/edgar/browse/?CIK=0000091440,2026-09-10T06:52:16.150425+00:00,UNRESOLVED,0.0
,,Ke Holdings Inc.,,SEC EDGAR,https://www.sec.gov/edgar/browse/?CIK=0001809587,2026-09-10T06:52:16.152213+00:00,UNRESOLVED,0.0
,,International Paper Co /New/,,SEC EDGAR,https://www.sec.gov/edgar/browse/?CIK=0000051434,2026-09-10T06:52:16.154123+00:00,UNRESOLVED,0.0
,,"Broadridge Financial Solutions, Inc.",,SEC EDGAR,https://www.sec.gov/edgar/browse/?CIK=0001383312,2026-09-10T06:52:16.155967+00:00,UNRESOLVED,0.0
,,Ss&C Technologies Holdings Inc,,SEC EDGAR,https://www.sec.gov/edgar/browse/?CIK=0001402436,2026-09-10T06:52:16.157735+00:00,UNRESOLVED,0.0
,,"Toast, Inc.",,SEC EDGAR,https://www.sec.gov/edgar/browse/?CIK=0001650164,2026-09-10T06:52:16.159590+00:00,UNRESOLVED,0.0
,,Permian Resources Corp,,SEC EDGAR,https://www.sec.gov/edgar/browse/?CIK=0001658566,2026-09-10T06:52:16.161481+00:00,UNRESOLVED,0.0
,,Telenor Asa,,SEC EDGAR,https://www.sec.gov/edgar/browse/?CIK=0001126113,2026-09-10T06:52:16.163336+00:00,UNRESOLVED,0.0
,,Viatris Inc,,SEC EDGAR,https://www.sec.gov/edgar/browse/?CIK=0001792044,2026-09-10T06:52:16.165204+00:00,UNRESOLVED,0.0
,,Southwest Airlines Co,,SEC EDGAR,https://www.sec.gov/edgar/browse/?CIK=0000092380,2026-09-10T06:52:16.167028+00:00,UNRESOLVED,0.0
,,"Fedex Freight Holding Company, Inc.",,SEC EDGAR,https://www.sec.gov/edgar/browse/?CIK=0002082247,2026-09-10T06:52:16.168873+00:00,UNRESOLVED,0.0
,,"Rubrik, Inc.",,SEC EDGAR,https://www.sec.gov/edgar/browse/?CIK=0001943896,2026-09-10T06:52:16.170695+00:00,UNRESOLVED,0.0
,,"Essex Property Trust, Inc.",,SEC EDGAR,https://www.sec.gov/edgar/browse/?CIK=0000920522,2026-09-10T06:52:16.172466+00:00,UNRESOLVED,0.0
,,Cdw Corp,,SEC EDGAR,https://www.sec.gov/edgar/browse/?CIK=0001402057,2026-09-10T06:52:16.174315+00:00,UNRESOLVED,0.0
,,Mastec Inc,,SEC EDGAR,https://www.sec.gov/edgar/browse/?CIK=0000015615,2026-09-10T06:52:16.176225+00:00,UNRESOLVED,0.0
,,Genuine Parts Co,,SEC EDGAR,https://www.sec.gov/edgar/browse/?CIK=0000040987,2026-09-10T06:52:16.178216+00:00,UNRESOLVED,0.0
,,Best Buy Co Inc,,SEC EDGAR,https://www.sec.gov/edgar/browse/?CIK=0000764478,2026-09-10T06:52:16.180109+00:00,UNRESOLVED,0.0
,,Sartorius Ag/Adr,,SEC EDGAR,https://www.sec.gov/edgar/browse/?CIK=0001715801,2026-09-10T06:52:16.181971+00:00,UNRESOLVED,0.0
,,Posco Holdings Inc.,,SEC EDGAR,https://www.sec.gov/edgar/browse/?CIK=0000889132,2026-09-10T06:52:16.183854+00:00,UNRESOLVED,0.0
,,"Evergy, Inc.",,SEC EDGAR,https://www.sec.gov/edgar/browse/?CIK=0001711269,2026-09-10T06:52:16.185662+00:00,UNRESOLVED,0.0
,,Hf Sinclair Corp,,SEC EDGAR,https://www.sec.gov/edgar/browse/?CIK=0001915657,2026-09-10T06:52:16.187459+00:00,UNRESOLVED,0.0
,,"Zimmer Biomet Holdings, Inc.",,SEC EDGAR,https://www.sec.gov/edgar/browse/?CIK=0001136869,2026-09-10T06:52:16.189273+00:00,UNRESOLVED,0.0
,,Telefonica Brasil S.A.,,SEC EDGAR,https://www.sec.gov/edgar/browse/?CIK=0001066119,2026-09-10T06:52:16.191151+00:00,UNRESOLVED,0.0
,,Magna International Inc,,SEC EDGAR,https://www.sec.gov/edgar/browse/?CIK=0000749098,2026-09-10T06:52:16.192903+00:00,UNRESOLVED,0.0
,,Blue Owl Capital Inc.,,SEC EDGAR,https://www.sec.gov/edgar/browse/?CIK=0001823945,2026-09-10T06:52:16.194758+00:00,UNRESOLVED,0.0
,,"Nutanix, Inc.",,SEC EDGAR,https://www.sec.gov/edgar/browse/?CIK=0001618732,2026-09-10T06:52:16.196538+00:00,UNRESOLVED,0.0
,,Gen Digital Inc.,,SEC EDGAR,https://www.sec.gov/edgar/browse/?CIK=0000849399,2026-09-10T06:52:16.198331+00:00,UNRESOLVED,0.0
,,Sitime Corp,,SEC EDGAR,https://www.sec.gov/edgar/browse/?CIK=0001451809,2026-09-10T06:52:16.200135+00:00,UNRESOLVED,0.0
,,Unity Software Inc.,,SEC EDGAR,https://www.sec.gov/edgar/browse/?CIK=0001810806,2026-09-10T06:52:16.201871+00:00,UNRESOLVED,0.0
,,Tractor Supply Co /De/,,SEC EDGAR,https://www.sec.gov/edgar/browse/?CIK=0000916365,2026-09-10T06:52:16.203602+00:00,UNRESOLVED,0.0
,,Woori Financial Group Inc.,,SEC EDGAR,https://www.sec.gov/edgar/browse/?CIK=0001264136,2026-09-10T06:52:16.205412+00:00,UNRESOLVED,0.0
,,Plains All American Pipeline Lp,,SEC EDGAR,https://www.sec.gov/edgar/browse/?CIK=0001070423,2026-09-10T06:52:16.207285+00:00,UNRESOLVED,0.0
,,Companhia De Saneamento Basico Do Estado De Sao Paulo-Sabesp,,SEC EDGAR,https://www.sec.gov/edgar/browse/?CIK=0001170858,2026-09-10T06:52:16.209092+00:00,UNRESOLVED,0.0
,,"Tyson Foods, Inc.",,SEC EDGAR,https://www.sec.gov/edgar/browse/?CIK=0000100493,2026-09-10T06:52:16.210989+00:00,UNRESOLVED,0.0
,,East West Bancorp Inc,,SEC EDGAR,https://www.sec.gov/edgar/browse/?CIK=0001069157,2026-09-10T06:52:16.212792+00:00,UNRESOLVED,0.0
,,Ovintiv Inc.,,SEC EDGAR,https://www.sec.gov/edgar/browse/?CIK=0001792580,2026-09-10T06:52:16.214558+00:00,UNRESOLVED,0.0
,,Wipro Ltd,,SEC EDGAR,https://www.sec.gov/edgar/browse/?CIK=0001123799,2026-09-10T06:52:16.216249+00:00,UNRESOLVED,0.0
,,Wolters Kluwer N V /Fi,,SEC EDGAR,https://www.sec.gov/edgar/browse/?CIK=0000861967,2026-09-10T06:52:16.218098+00:00,UNRESOLVED,0.0
,,"Dupont De Nemours, Inc.",,SEC EDGAR,https://www.sec.gov/edgar/browse/?CIK=0001666700,2026-09-10T06:52:16.219898+00:00,UNRESOLVED,0.0
,,Ascendis Pharma A/S,,SEC EDGAR,https://www.sec.gov/edgar/browse/?CIK=0001612042,2026-09-10T06:52:16.221639+00:00,UNRESOLVED,0.0
,,Nordson Corp,,SEC EDGAR,https://www.sec.gov/edgar/browse/?CIK=0000072331,2026-09-10T06:52:16.223411+00:00,UNRESOLVED,0.0
,,Asr Nederland N.V./Adr,,SEC EDGAR,https://www.sec.gov/edgar/browse/?CIK=0001719117,2026-09-10T06:52:16.225183+00:00,UNRESOLVED,0.0
,,Franklin Templeton Inc,,SEC EDGAR,https://www.sec.gov/edgar/browse/?CIK=0000038777,2026-09-10T06:52:16.226868+00:00,UNRESOLVED,0.0
,,James Hardie Industries Plc,,SEC EDGAR,https://www.sec.gov/edgar/browse/?CIK=0001159152,2026-09-10T06:52:16.228593+00:00,UNRESOLVED,0.0
,,Alliant Energy Corp,,SEC EDGAR,https://www.sec.gov/edgar/browse/?CIK=0000352541,2026-09-10T06:52:16.230338+00:00,UNRESOLVED,0.0
,,Iren Ltd,,SEC EDGAR,https://www.sec.gov/edgar/browse/?CIK=0001878848,2026-09-10T06:52:16.232111+00:00,UNRESOLVED,0.0
,,Mks Inc,,SEC EDGAR,https://www.sec.gov/edgar/browse/?CIK=0001049502,2026-09-10T06:52:16.233958+00:00,UNRESOLVED,0.0
,,Tourmaline Oil Corp/Adr,,SEC EDGAR,https://www.sec.gov/edgar/browse/?CIK=0002071881,2026-09-10T06:52:16.235698+00:00,UNRESOLVED,0.0
,,Flutter Entertainment Plc,,SEC EDGAR,https://www.sec.gov/edgar/browse/?CIK=0001635327,2026-09-10T06:52:16.237447+00:00,UNRESOLVED,0.0
,,Api Group Corp,,SEC EDGAR,https://www.sec.gov/edgar/browse/?CIK=0001796209,2026-09-10T06:52:16.239177+00:00,UNRESOLVED,0.0
,,Rollins Inc,,SEC EDGAR,https://www.sec.gov/edgar/browse/?CIK=0000084839,2026-09-10T06:52:16.240899+00:00,UNRESOLVED,0.0
,,"C. H. Robinson Worldwide, Inc.",,SEC EDGAR,https://www.sec.gov/edgar/browse/?CIK=0001043277,2026-09-10T06:52:16.242611+00:00,UNRESOLVED,0.0
,,Fortive Corp,,SEC EDGAR,https://www.sec.gov/edgar/browse/?CIK=0001659166,2026-09-10T06:52:16.244300+00:00,UNRESOLVED,0.0
,,Annaly Capital Management Inc,,SEC EDGAR,https://www.sec.gov/edgar/browse/?CIK=0001043219,2026-09-10T06:52:16.246005+00:00,UNRESOLVED,0.0
,,"Amer Sports, Inc.",,SEC EDGAR,https://www.sec.gov/edgar/browse/?CIK=0001988894,2026-09-10T06:52:16.247719+00:00,UNRESOLVED,0.0
,,Zebra Technologies Corp,,SEC EDGAR,https://www.sec.gov/edgar/browse/?CIK=0000877212,2026-09-10T06:52:16.249429+00:00,UNRESOLVED,0.0
,,Wesco International Inc,,SEC EDGAR,https://www.sec.gov/edgar/browse/?CIK=0000929008,2026-09-10T06:52:16.251146+00:00,UNRESOLVED,0.0
,,Jacobs Solutions Inc.,,SEC EDGAR,https://www.sec.gov/edgar/browse/?CIK=0000052988,2026-09-10T06:52:16.252921+00:00,UNRESOLVED,0.0
,,Futu Holdings Ltd,,SEC EDGAR,https://www.sec.gov/edgar/browse/?CIK=0001754581,2026-09-10T06:52:16.254723+00:00,UNRESOLVED,0.0
,,Nvr Inc,,SEC EDGAR,https://www.sec.gov/edgar/browse/?CIK=0000906163,2026-09-10T06:52:16.256495+00:00,UNRESOLVED,0.0
,,Invitation Homes Inc.,,SEC EDGAR,https://www.sec.gov/edgar/browse/?CIK=0001687229,2026-09-10T06:52:16.258269+00:00,UNRESOLVED,0.0
,,Didi Global Inc.,,SEC EDGAR,https://www.sec.gov/edgar/browse/?CIK=0001764757,2026-09-10T06:52:16.260088+00:00,UNRESOLVED,0.0
,,Daiwa Securities Group Inc.,,SEC EDGAR,https://www.sec.gov/edgar/browse/?CIK=0001481045,2026-09-10T06:52:16.261818+00:00,UNRESOLVED,0.0
,,Banco Santander Chile,,SEC EDGAR,https://www.sec.gov/edgar/browse/?CIK=0001027552,2026-09-10T06:52:16.263555+00:00,UNRESOLVED,0.0
,,Clean Harbors Inc,,SEC EDGAR,https://www.sec.gov/edgar/browse/?CIK=0000822818,2026-09-10T06:52:16.265357+00:00,UNRESOLVED,0.0
,,Carlyle Group Inc.,,SEC EDGAR,https://www.sec.gov/edgar/browse/?CIK=0001527166,2026-09-10T06:52:16.267094+00:00,UNRESOLVED,0.0
,,"Leidos Holdings, Inc.",,SEC EDGAR,https://www.sec.gov/edgar/browse/?CIK=0001336920,2026-09-10T06:52:16.268838+00:00,UNRESOLVED,0.0
,,Jones Lang Lasalle Inc,,SEC EDGAR,https://www.sec.gov/edgar/browse/?CIK=0001037976,2026-09-10T06:52:16.270552+00:00,UNRESOLVED,0.0
,,"Burlington Stores, Inc.",,SEC EDGAR,https://www.sec.gov/edgar/browse/?CIK=0001579298,2026-09-10T06:52:16.272319+00:00,UNRESOLVED,0.0
,,Weyerhaeuser Co,,SEC EDGAR,https://www.sec.gov/edgar/browse/?CIK=0000106535,2026-09-10T06:52:16.274171+00:00,UNRESOLVED,0.0
,,Ball Corp,,SEC EDGAR,https://www.sec.gov/edgar/browse/?CIK=0000009389,2026-09-10T06:52:16.276003+00:00,UNRESOLVED,0.0
,,Reinsurance Group Of America Inc,,SEC EDGAR,https://www.sec.gov/edgar/browse/?CIK=0000898174,2026-09-10T06:52:16.277840+00:00,UNRESOLVED,0.0
,,"Medpace Holdings, Inc.",,SEC EDGAR,https://www.sec.gov/edgar/browse/?CIK=0001668397,2026-09-10T06:52:16.279577+00:00,UNRESOLVED,0.0
,,Idex Corp /De/,,SEC EDGAR,https://www.sec.gov/edgar/browse/?CIK=0000832101,2026-09-10T06:52:16.281368+00:00,UNRESOLVED,0.0
,,Lattice Semiconductor Corp,,SEC EDGAR,https://www.sec.gov/edgar/browse/?CIK=0000855658,2026-09-10T06:52:16.283047+00:00,UNRESOLVED,0.0
,,Onto Innovation Inc.,,SEC EDGAR,https://www.sec.gov/edgar/browse/?CIK=0000704532,2026-09-10T06:52:16.284840+00:00,UNRESOLVED,0.0
,,News Corp,,SEC EDGAR,https://www.sec.gov/edgar/browse/?CIK=0001564708,2026-09-10T06:52:16.286694+00:00,UNRESOLVED,0.0
,,W. P. Carey Inc.,,SEC EDGAR,https://www.sec.gov/edgar/browse/?CIK=0001025378,2026-09-10T06:52:16.288454+00:00,UNRESOLVED,0.0
,,Jazz Pharmaceuticals Plc,,SEC EDGAR,https://www.sec.gov/edgar/browse/?CIK=0001232524,2026-09-10T06:52:16.290272+00:00,UNRESOLVED,0.0
,,"Ionq, Inc.",,SEC EDGAR,https://www.sec.gov/edgar/browse/?CIK=0001824920,2026-09-10T06:52:16.292129+00:00,UNRESOLVED,0.0
,,Sprott Physical Gold Trust,,SEC EDGAR,https://www.sec.gov/edgar/browse/?CIK=0001477049,2026-09-10T06:52:16.293977+00:00,UNRESOLVED,0.0
,,Cemex Sab De Cv,,SEC EDGAR,https://www.sec.gov/edgar/browse/?CIK=0001076378,2026-09-10T06:52:16.295783+00:00,UNRESOLVED,0.0
,,Millicom International Cellular Sa,,SEC EDGAR,https://www.sec.gov/edgar/browse/?CIK=0000912958,2026-09-10T06:52:16.297636+00:00,UNRESOLVED,0.0
,,Zto Express (Cayman) Inc.,,SEC EDGAR,https://www.sec.gov/edgar/browse/?CIK=0001677250,2026-09-10T06:52:16.299447+00:00,UNRESOLVED,0.0
,,Kimco Realty Corp,,SEC EDGAR,https://www.sec.gov/edgar/browse/?CIK=0000879101,2026-09-10T06:52:16.301215+00:00,UNRESOLVED,0.0
,,Neurocrine Biosciences Inc,,SEC EDGAR,https://www.sec.gov/edgar/browse/?CIK=0000914475,2026-09-10T06:52:16.303063+00:00,UNRESOLVED,0.0
,,Gfl Environmental Inc.,,SEC EDGAR,https://www.sec.gov/edgar/browse/?CIK=0001780232,2026-09-10T06:52:16.304851+00:00,UNRESOLVED,0.0
,,Bawag Group Ag/Adr,,SEC EDGAR,https://www.sec.gov/edgar/browse/?CIK=0001968385,2026-09-10T06:52:16.306635+00:00,UNRESOLVED,0.0
,,"Lens Technology Co., Ltd./Adr",,SEC EDGAR,https://www.sec.gov/edgar/browse/?CIK=0002098381,2026-09-10T06:52:16.308470+00:00,UNRESOLVED,0.0
,,Pershing Square Inc.,,SEC EDGAR,https://www.sec.gov/edgar/browse/?CIK=0002026053,2026-09-10T06:52:16.310280+00:00,UNRESOLVED,0.0
,,Hyatt Hotels Corp,,SEC EDGAR,https://www.sec.gov/edgar/browse/?CIK=0001468174,2026-09-10T06:52:16.312105+00:00,UNRESOLVED,0.0
,,Solventum Corp,,SEC EDGAR,https://www.sec.gov/edgar/browse/?CIK=0001964738,2026-09-10T06:52:16.314205+00:00,UNRESOLVED,0.0
,,Innio N.V.,,SEC EDGAR,https://www.sec.gov/edgar/browse/?CIK=0002109150,2026-09-10T06:52:16.316442+00:00,UNRESOLVED,0.0
,,Galaxy Digital Inc.,,SEC EDGAR,https://www.sec.gov/edgar/browse/?CIK=0001859392,2026-09-10T06:52:16.318522+00:00,UNRESOLVED,0.0
,,Performance Food Group Co,,SEC EDGAR,https://www.sec.gov/edgar/browse/?CIK=0001618673,2026-09-10T06:52:16.320321+00:00,UNRESOLVED,0.0
,,Alamos Gold Inc,,SEC EDGAR,https://www.sec.gov/edgar/browse/?CIK=0001178819,2026-09-10T06:52:16.322200+00:00,UNRESOLVED,0.0
,,Rb Global Inc.,,SEC EDGAR,https://www.sec.gov/edgar/browse/?CIK=0001046102,2026-09-10T06:52:16.324041+00:00,UNRESOLVED,0.0
,,Rbc Bearings Inc,,SEC EDGAR,https://www.sec.gov/edgar/browse/?CIK=0001324948,2026-09-10T06:52:16.325773+00:00,UNRESOLVED,0.0
,,Emera Inc,,SEC EDGAR,https://www.sec.gov/edgar/browse/?CIK=0001127248,2026-09-10T06:52:16.327597+00:00,UNRESOLVED,0.0
,,"Corebridge Financial, Inc.",,SEC EDGAR,https://www.sec.gov/edgar/browse/?CIK=0001889539,2026-09-10T06:52:16.329414+00:00,UNRESOLVED,0.0
,,Korea Electric Power Corp,,SEC EDGAR,https://www.sec.gov/edgar/browse/?CIK=0000887225,2026-09-10T06:52:16.331235+00:00,UNRESOLVED,0.0
,,"Host Hotels & Resorts, Inc.",,SEC EDGAR,https://www.sec.gov/edgar/browse/?CIK=0001070750,2026-09-10T06:52:16.333137+00:00,UNRESOLVED,0.0
,,Lamar Advertising Co/New,,SEC EDGAR,https://www.sec.gov/edgar/browse/?CIK=0001090425,2026-09-10T06:52:16.335002+00:00,UNRESOLVED,0.0
,,Transunion,,SEC EDGAR,https://www.sec.gov/edgar/browse/?CIK=0001552033,2026-09-10T06:52:16.336905+00:00,UNRESOLVED,0.0
,,Ptc Inc.,,SEC EDGAR,https://www.sec.gov/edgar/browse/?CIK=0000857005,2026-09-10T06:52:16.338770+00:00,UNRESOLVED,0.0
,,Brookfield Renewable Partners L.P.,,SEC EDGAR,https://www.sec.gov/edgar/browse/?CIK=0001533232,2026-09-10T06:52:16.340627+00:00,UNRESOLVED,0.0
,,Mid America Apartment Communities Inc.,,SEC EDGAR,https://www.sec.gov/edgar/browse/?CIK=0000912595,2026-09-10T06:52:16.342400+00:00,UNRESOLVED,0.0
,,"Pinnacle Financial Partners, Inc.",,SEC EDGAR,https://www.sec.gov/edgar/browse/?CIK=0002082866,2026-09-10T06:52:16.344269+00:00,UNRESOLVED,0.0
,,Cgi Inc,,SEC EDGAR,https://www.sec.gov/edgar/browse/?CIK=0001061574,2026-09-10T06:52:16.346090+00:00,UNRESOLVED,0.0
,,Telus Corp,,SEC EDGAR,https://www.sec.gov/edgar/browse/?CIK=0000868675,2026-09-10T06:52:16.347936+00:00,UNRESOLVED,0.0
,,Talen Energy Corp,,SEC EDGAR,https://www.sec.gov/edgar/browse/?CIK=0001622536,2026-09-10T06:52:16.349866+00:00,UNRESOLVED,0.0
,,Unum Group,,SEC EDGAR,https://www.sec.gov/edgar/browse/?CIK=0000005513,2026-09-10T06:52:16.351716+00:00,UNRESOLVED,0.0
,,Akamai Technologies Inc,,SEC EDGAR,https://www.sec.gov/edgar/browse/?CIK=0001086222,2026-09-10T06:52:16.353668+00:00,UNRESOLVED,0.0
,,Sun Communities Inc,,SEC EDGAR,https://www.sec.gov/edgar/browse/?CIK=0000912593,2026-09-10T06:52:16.355572+00:00,UNRESOLVED,0.0
,,Lincoln Electric Holdings Inc,,SEC EDGAR,https://www.sec.gov/edgar/browse/?CIK=0000059527,2026-09-10T06:52:16.357340+00:00,UNRESOLVED,0.0
,,"Dynatrace, Inc.",,SEC EDGAR,https://www.sec.gov/edgar/browse/?CIK=0001773383,2026-09-10T06:52:16.359177+00:00,UNRESOLVED,0.0
,,"Bitmine Immersion Technologies, Inc.",,SEC EDGAR,https://www.sec.gov/edgar/browse/?CIK=0001829311,2026-09-10T06:52:16.361015+00:00,UNRESOLVED,0.0
,,Warner Music Group Corp.,,SEC EDGAR,https://www.sec.gov/edgar/browse/?CIK=0001319161,2026-09-10T06:52:16.362836+00:00,UNRESOLVED,0.0
,,Apa Corp,,SEC EDGAR,https://www.sec.gov/edgar/browse/?CIK=0001841666,2026-09-10T06:52:16.364659+00:00,UNRESOLVED,0.0
,,Aramark,,SEC EDGAR,https://www.sec.gov/edgar/browse/?CIK=0001584509,2026-09-10T06:52:16.366559+00:00,UNRESOLVED,0.0
,,Equinox Gold Corp.,,SEC EDGAR,https://www.sec.gov/edgar/browse/?CIK=0001756607,2026-09-10T06:52:16.368324+00:00,UNRESOLVED,0.0
,,Tyler Technologies Inc,,SEC EDGAR,https://www.sec.gov/edgar/browse/?CIK=0000860731,2026-09-10T06:52:16.370109+00:00,UNRESOLVED,0.0
,,Ul Solutions Inc.,,SEC EDGAR,https://www.sec.gov/edgar/browse/?CIK=0001901440,2026-09-10T06:52:16.371902+00:00,UNRESOLVED,0.0
,,Albemarle Corp,,SEC EDGAR,https://www.sec.gov/edgar/browse/?CIK=0000915913,2026-09-10T06:52:16.373684+00:00,UNRESOLVED,0.0
,,"Sterling Infrastructure, Inc.",,SEC EDGAR,https://www.sec.gov/edgar/browse/?CIK=0000874238,2026-09-10T06:52:16.375517+00:00,UNRESOLVED,0.0
,,"Screen Holdings Co., Ltd./Adr",,SEC EDGAR,https://www.sec.gov/edgar/browse/?CIK=0001544379,2026-09-10T06:52:16.377272+00:00,UNRESOLVED,0.0
,,Sk Telecom Co Ltd,,SEC EDGAR,https://www.sec.gov/edgar/browse/?CIK=0001015650,2026-09-10T06:52:16.379070+00:00,UNRESOLVED,0.0
,,"Yum China Holdings, Inc.",,SEC EDGAR,https://www.sec.gov/edgar/browse/?CIK=0001673358,2026-09-10T06:52:16.380902+00:00,UNRESOLVED,0.0
,,Omega Healthcare Investors Inc,,SEC EDGAR,https://www.sec.gov/edgar/browse/?CIK=0000888491,2026-09-10T06:52:16.382766+00:00,UNRESOLVED,0.0
,,"Stanley Black & Decker, Inc.",,SEC EDGAR,https://www.sec.gov/edgar/browse/?CIK=0000093556,2026-09-10T06:52:16.384629+00:00,UNRESOLVED,0.0
,,Somnigroup International Inc.,,SEC EDGAR,https://www.sec.gov/edgar/browse/?CIK=0001206264,2026-09-10T06:52:16.386510+00:00,UNRESOLVED,0.0
,,"Healthpeak Properties, Inc.",,SEC EDGAR,https://www.sec.gov/edgar/browse/?CIK=0000765880,2026-09-10T06:52:16.388408+00:00,UNRESOLVED,0.0
,,Perusahaan Perseroan Persero Pt Telekomunikasi Indonesia Tbk,,SEC EDGAR,https://www.sec.gov/edgar/browse/?CIK=0001001807,2026-09-10T06:52:16.390230+00:00,UNRESOLVED,0.0
,,"Bridgebio Pharma, Inc.",,SEC EDGAR,https://www.sec.gov/edgar/browse/?CIK=0001743881,2026-09-10T06:52:16.392039+00:00,UNRESOLVED,0.0
,,"Exelixis, Inc.",,SEC EDGAR,https://www.sec.gov/edgar/browse/?CIK=0000939767,2026-09-10T06:52:16.393840+00:00,UNRESOLVED,0.0
,,Logitech International S.A.,,SEC EDGAR,https://www.sec.gov/edgar/browse/?CIK=0001032975,2026-09-10T06:52:16.395633+00:00,UNRESOLVED,0.0
,,"Everest Group, Ltd.",,SEC EDGAR,https://www.sec.gov/edgar/browse/?CIK=0001095073,2026-09-10T06:52:16.397501+00:00,UNRESOLVED,0.0
,,Invesco Ltd.,,SEC EDGAR,https://www.sec.gov/edgar/browse/?CIK=0000914208,2026-09-10T06:52:16.399381+00:00,UNRESOLVED,0.0
,,Fabrinet,,SEC EDGAR,https://www.sec.gov/edgar/browse/?CIK=0001408710,2026-09-10T06:52:16.401244+00:00,UNRESOLVED,0.0
,,"Revvity, Inc.",,SEC EDGAR,https://www.sec.gov/edgar/browse/?CIK=0000031791,2026-09-10T06:52:16.403092+00:00,UNRESOLVED,0.0
,,"Equitable Holdings, Inc.",,SEC EDGAR,https://www.sec.gov/edgar/browse/?CIK=0001333986,2026-09-10T06:52:16.405012+00:00,UNRESOLVED,0.0
,,"Bwx Technologies, Inc.",,SEC EDGAR,https://www.sec.gov/edgar/browse/?CIK=0001486957,2026-09-10T06:52:16.406865+00:00,UNRESOLVED,0.0
,,"Penske Automotive Group, Inc.",,SEC EDGAR,https://www.sec.gov/edgar/browse/?CIK=0001019849,2026-09-10T06:52:16.408862+00:00,UNRESOLVED,0.0
,,Ares Capital Corp,,SEC EDGAR,https://www.sec.gov/edgar/browse/?CIK=0001287750,2026-09-10T06:52:16.410777+00:00,UNRESOLVED,0.0
,,Masco Corp /De/,,SEC EDGAR,https://www.sec.gov/edgar/browse/?CIK=0000062996,2026-09-10T06:52:16.412642+00:00,UNRESOLVED,0.0
,,Sunoco Lp,,SEC EDGAR,https://www.sec.gov/edgar/browse/?CIK=0001552275,2026-09-10T06:52:16.419637+00:00,UNRESOLVED,0.0
,,Mueller Industries Inc,,SEC EDGAR,https://www.sec.gov/edgar/browse/?CIK=0000089439,2026-09-10T06:52:16.422057+00:00,UNRESOLVED,0.0
,,"Assurant, Inc.",,SEC EDGAR,https://www.sec.gov/edgar/browse/?CIK=0001267238,2026-09-10T06:52:16.424081+00:00,UNRESOLVED,0.0
,,H World Group Ltd,,SEC EDGAR,https://www.sec.gov/edgar/browse/?CIK=0001483994,2026-09-10T06:52:16.426226+00:00,UNRESOLVED,0.0
,,Regency Centers Corp,,SEC EDGAR,https://www.sec.gov/edgar/browse/?CIK=0000910606,2026-09-10T06:52:16.428085+00:00,UNRESOLVED,0.0
,,Summit Therapeutics Inc.,,SEC EDGAR,https://www.sec.gov/edgar/browse/?CIK=0001599298,2026-09-10T06:52:16.430340+00:00,UNRESOLVED,0.0
,,Mccormick & Co Inc,,SEC EDGAR,https://www.sec.gov/edgar/browse/?CIK=0000063754,2026-09-10T06:52:16.432798+00:00,UNRESOLVED,0.0
,,Check Point Software Technologies Ltd,,SEC EDGAR,https://www.sec.gov/edgar/browse/?CIK=0001015922,2026-09-10T06:52:16.435022+00:00,UNRESOLVED,0.0
,,Grab Holdings Ltd,,SEC EDGAR,https://www.sec.gov/edgar/browse/?CIK=0001855612,2026-09-10T06:52:16.436887+00:00,UNRESOLVED,0.0
,,Carlisle Companies Inc,,SEC EDGAR,https://www.sec.gov/edgar/browse/?CIK=0000790051,2026-09-10T06:52:16.438758+00:00,UNRESOLVED,0.0
,,Jbs N.V.,,SEC EDGAR,https://www.sec.gov/edgar/browse/?CIK=0001791942,2026-09-10T06:52:16.440572+00:00,UNRESOLVED,0.0
,,"Obic Co., Ltd./Adr",,SEC EDGAR,https://www.sec.gov/edgar/browse/?CIK=0002077146,2026-09-10T06:52:16.442397+00:00,UNRESOLVED,0.0
,,"Charles River Laboratories International, Inc.",,SEC EDGAR,https://www.sec.gov/edgar/browse/?CIK=0001100682,2026-09-10T06:52:16.444263+00:00,UNRESOLVED,0.0
,,Hecla Mining Co/De/,,SEC EDGAR,https://www.sec.gov/edgar/browse/?CIK=0000719413,2026-09-10T06:52:16.446102+00:00,UNRESOLVED,0.0
,,"Five Below, Inc",,SEC EDGAR,https://www.sec.gov/edgar/browse/?CIK=0001177609,2026-09-10T06:52:16.447936+00:00,UNRESOLVED,0.0
,,Trimble Inc.,,SEC EDGAR,https://www.sec.gov/edgar/browse/?CIK=0000864749,2026-09-10T06:52:16.449758+00:00,UNRESOLVED,0.0
,,"Qxo, Inc.",,SEC EDGAR,https://www.sec.gov/edgar/browse/?CIK=0001236275,2026-09-10T06:52:16.451539+00:00,UNRESOLVED,0.0
,,Semtech Corp,,SEC EDGAR,https://www.sec.gov/edgar/browse/?CIK=0000088941,2026-09-10T06:52:16.453339+00:00,UNRESOLVED,0.0
,,Caci International Inc /De/,,SEC EDGAR,https://www.sec.gov/edgar/browse/?CIK=0000016058,2026-09-10T06:52:16.455326+00:00,UNRESOLVED,0.0
,,Borgwarner Inc,,SEC EDGAR,https://www.sec.gov/edgar/browse/?CIK=0000908255,2026-09-10T06:52:16.457130+00:00,UNRESOLVED,0.0
,,Renaissancere Holdings Ltd,,SEC EDGAR,https://www.sec.gov/edgar/browse/?CIK=0000913144,2026-09-10T06:52:16.458967+00:00,UNRESOLVED,0.0
,,Sprott Physical Silver Trust,,SEC EDGAR,https://www.sec.gov/edgar/browse/?CIK=0001494728,2026-09-10T06:52:16.460796+00:00,UNRESOLVED,0.0
,,Wayfair Inc.,,SEC EDGAR,https://www.sec.gov/edgar/browse/?CIK=0001616707,2026-09-10T06:52:16.462635+00:00,UNRESOLVED,0.0
,,Textron Inc,,SEC EDGAR,https://www.sec.gov/edgar/browse/?CIK=0000217346,2026-09-10T06:52:16.464418+00:00,UNRESOLVED,0.0
,,"Cooper Companies, Inc.",,SEC EDGAR,https://www.sec.gov/edgar/browse/?CIK=0000711404,2026-09-10T06:52:16.466246+00:00,UNRESOLVED,0.0
,,Aegon Ltd.,,SEC EDGAR,https://www.sec.gov/edgar/browse/?CIK=0000769218,2026-09-10T06:52:16.468076+00:00,UNRESOLVED,0.0
,,"Daifuku Co., Ltd./Adr",,SEC EDGAR,https://www.sec.gov/edgar/browse/?CIK=0001762831,2026-09-10T06:52:16.469955+00:00,UNRESOLVED,0.0
,,"Guidewire Software, Inc.",,SEC EDGAR,https://www.sec.gov/edgar/browse/?CIK=0001528396,2026-09-10T06:52:16.472146+00:00,UNRESOLVED,0.0
,,Lennox International Inc,,SEC EDGAR,https://www.sec.gov/edgar/browse/?CIK=0001069202,2026-09-10T06:52:16.474097+00:00,UNRESOLVED,0.0
,,Rpm International Inc/De/,,SEC EDGAR,https://www.sec.gov/edgar/browse/?CIK=0000110621,2026-09-10T06:52:16.475908+00:00,UNRESOLVED,0.0
,,J M Smucker Co,,SEC EDGAR,https://www.sec.gov/edgar/browse/?CIK=0000091419,2026-09-10T06:52:16.477726+00:00,UNRESOLVED,0.0
,,Tencent Music Entertainment Group,,SEC EDGAR,https://www.sec.gov/edgar/browse/?CIK=0001744676,2026-09-10T06:52:16.479510+00:00,UNRESOLVED,0.0
,,Globe Life Inc.,,SEC EDGAR,https://www.sec.gov/edgar/browse/?CIK=0000320335,2026-09-10T06:52:16.481319+00:00,UNRESOLVED,0.0
,,"Udr, Inc.",,SEC EDGAR,https://www.sec.gov/edgar/browse/?CIK=0000074208,2026-09-10T06:52:16.483169+00:00,UNRESOLVED,0.0
,,Allegion Plc,,SEC EDGAR,https://www.sec.gov/edgar/browse/?CIK=0001579241,2026-09-10T06:52:16.485070+00:00,UNRESOLVED,0.0
,,Baxter International Inc,,SEC EDGAR,https://www.sec.gov/edgar/browse/?CIK=0000010456,2026-09-10T06:52:16.486991+00:00,UNRESOLVED,0.0
,,American Homes 4 Rent,,SEC EDGAR,https://www.sec.gov/edgar/browse/?CIK=0001562401,2026-09-10T06:52:16.488817+00:00,UNRESOLVED,0.0
,,Ally Financial Inc.,,SEC EDGAR,https://www.sec.gov/edgar/browse/?CIK=0000040729,2026-09-10T06:52:16.490652+00:00,UNRESOLVED,0.0
,,Avery Dennison Corp,,SEC EDGAR,https://www.sec.gov/edgar/browse/?CIK=0000008818,2026-09-10T06:52:16.492383+00:00,UNRESOLVED,0.0
,,Sei Investments Co,,SEC EDGAR,https://www.sec.gov/edgar/browse/?CIK=0000350894,2026-09-10T06:52:16.494268+00:00,UNRESOLVED,0.0
,,Ttm Technologies Inc,,SEC EDGAR,https://www.sec.gov/edgar/browse/?CIK=0001116942,2026-09-10T06:52:16.496145+00:00,UNRESOLVED,0.0
,,"Digitalocean Holdings, Inc.",,SEC EDGAR,https://www.sec.gov/edgar/browse/?CIK=0001582961,2026-09-10T06:52:16.497999+00:00,UNRESOLVED,0.0
,,Erie Indemnity Co,,SEC EDGAR,https://www.sec.gov/edgar/browse/?CIK=0000922621,2026-09-10T06:52:16.499884+00:00,UNRESOLVED,0.0
,,"Dt Midstream, Inc.",,SEC EDGAR,https://www.sec.gov/edgar/browse/?CIK=0001842022,2026-09-10T06:52:16.501631+00:00,UNRESOLVED,0.0
,,Alcoa Corp,,SEC EDGAR,https://www.sec.gov/edgar/browse/?CIK=0001675149,2026-09-10T06:52:16.503412+00:00,UNRESOLVED,0.0
,,Belimo Holding Ag/Adr,,SEC EDGAR,https://www.sec.gov/edgar/browse/?CIK=0002109234,2026-09-10T06:52:16.505216+00:00,UNRESOLVED,0.0
,,U-Haul Holding Co /Nv/,,SEC EDGAR,https://www.sec.gov/edgar/browse/?CIK=0000004457,2026-09-10T06:52:16.507033+00:00,UNRESOLVED,0.0
,,Embraer S.A.,,SEC EDGAR,https://www.sec.gov/edgar/browse/?CIK=0001355444,2026-09-10T06:52:16.508852+00:00,UNRESOLVED,0.0
,,Cna Financial Corp,,SEC EDGAR,https://www.sec.gov/edgar/browse/?CIK=0000021175,2026-09-10T06:52:16.510705+00:00,UNRESOLVED,0.0
,,Var Energi Asa/Adr,,SEC EDGAR,https://www.sec.gov/edgar/browse/?CIK=0001919275,2026-09-10T06:52:16.512624+00:00,UNRESOLVED,0.0
,,Quantinuum Inc.,,SEC EDGAR,https://www.sec.gov/edgar/browse/?CIK=0002110105,2026-09-10T06:52:16.514508+00:00,UNRESOLVED,0.0
,,"Docusign, Inc.",,SEC EDGAR,https://www.sec.gov/edgar/browse/?CIK=0001261333,2026-09-10T06:52:16.516362+00:00,UNRESOLVED,0.0
,,"Toll Brothers, Inc.",,SEC EDGAR,https://www.sec.gov/edgar/browse/?CIK=0000794170,2026-09-10T06:52:16.518219+00:00,UNRESOLVED,0.0
,,"Hasbro, Inc.",,SEC EDGAR,https://www.sec.gov/edgar/browse/?CIK=0000046080,2026-09-10T06:52:16.519999+00:00,UNRESOLVED,0.0
,,Watsco Inc,,SEC EDGAR,https://www.sec.gov/edgar/browse/?CIK=0000105016,2026-09-10T06:52:16.521759+00:00,UNRESOLVED,0.0
,,Madison Air Solutions Corp,,SEC EDGAR,https://www.sec.gov/edgar/browse/?CIK=0002098430,2026-09-10T06:52:16.523576+00:00,UNRESOLVED,0.0
,,Nextpower Inc.,,SEC EDGAR,https://www.sec.gov/edgar/browse/?CIK=0001852131,2026-09-10T06:52:16.525361+00:00,UNRESOLVED,0.0
,,Biomarin Pharmaceutical Inc,,SEC EDGAR,https://www.sec.gov/edgar/browse/?CIK=0001048477,2026-09-10T06:52:16.527193+00:00,UNRESOLVED,0.0
,,"Figma, Inc.",,SEC EDGAR,https://www.sec.gov/edgar/browse/?CIK=0001579878,2026-09-10T06:52:16.529027+00:00,UNRESOLVED,0.0
,,"Ies Holdings, Inc.",,SEC EDGAR,https://www.sec.gov/edgar/browse/?CIK=0001048268,2026-09-10T06:52:16.530854+00:00,UNRESOLVED,0.0
,,Godaddy Inc.,,SEC EDGAR,https://www.sec.gov/edgar/browse/?CIK=0001609711,2026-09-10T06:52:16.532700+00:00,UNRESOLVED,0.0
,,"Chime Financial, Inc.",,SEC EDGAR,https://www.sec.gov/edgar/browse/?CIK=0001795586,2026-09-10T06:52:16.534536+00:00,UNRESOLVED,0.0
,,Icon Plc,,SEC EDGAR,https://www.sec.gov/edgar/browse/?CIK=0001060955,2026-09-10T06:52:16.536325+00:00,UNRESOLVED,0.0
,,"Aurora Innovation, Inc.",,SEC EDGAR,https://www.sec.gov/edgar/browse/?CIK=0001828108,2026-09-10T06:52:16.538163+00:00,UNRESOLVED,0.0
,,Penumbra Inc,,SEC EDGAR,https://www.sec.gov/edgar/browse/?CIK=0001321732,2026-09-10T06:52:16.539990+00:00,UNRESOLVED,0.0
,,Hubspot Inc,,SEC EDGAR,https://www.sec.gov/edgar/browse/?CIK=0001404655,2026-09-10T06:52:16.541801+00:00,UNRESOLVED,0.0
,,Harmony Gold Mining Co Ltd,,SEC EDGAR,https://www.sec.gov/edgar/browse/?CIK=0001023514,2026-09-10T06:52:16.543665+00:00,UNRESOLVED,0.0
,,Agnc Investment Corp.,,SEC EDGAR,https://www.sec.gov/edgar/browse/?CIK=0001423689,2026-09-10T06:52:16.545527+00:00,UNRESOLVED,0.0
,,Graco Inc,,SEC EDGAR,https://www.sec.gov/edgar/browse/?CIK=0000042888,2026-09-10T06:52:16.547323+00:00,UNRESOLVED,0.0
,,"Coca-Cola Consolidated, Inc.",,SEC EDGAR,https://www.sec.gov/edgar/browse/?CIK=0000317540,2026-09-10T06:52:16.549326+00:00,UNRESOLVED,0.0
,,Wise Group Plc,,SEC EDGAR,https://www.sec.gov/edgar/browse/?CIK=0002099039,2026-09-10T06:52:16.551202+00:00,UNRESOLVED,0.0
,,"Gaming & Leisure Properties, Inc.",,SEC EDGAR,https://www.sec.gov/edgar/browse/?CIK=0001575965,2026-09-10T06:52:16.553043+00:00,UNRESOLVED,0.0
,,Yara International Asa,,SEC EDGAR,https://www.sec.gov/edgar/browse/?CIK=0001279956,2026-09-10T06:52:16.554846+00:00,UNRESOLVED,0.0
,,"Crown Holdings, Inc.",,SEC EDGAR,https://www.sec.gov/edgar/browse/?CIK=0001219601,2026-09-10T06:52:16.556703+00:00,UNRESOLVED,0.0
,,"Costar Group, Inc.",,SEC EDGAR,https://www.sec.gov/edgar/browse/?CIK=0001057352,2026-09-10T06:52:16.558590+00:00,UNRESOLVED,0.0
,,Equity Lifestyle Properties Inc,,SEC EDGAR,https://www.sec.gov/edgar/browse/?CIK=0000895417,2026-09-10T06:52:16.560482+00:00,UNRESOLVED,0.0
,,"Halozyme Therapeutics, Inc.",,SEC EDGAR,https://www.sec.gov/edgar/browse/?CIK=0001159036,2026-09-10T06:52:16.562292+00:00,UNRESOLVED,0.0
,,"Madrigal Pharmaceuticals, Inc.",,SEC EDGAR,https://www.sec.gov/edgar/browse/?CIK=0001157601,2026-09-10T06:52:16.564188+00:00,UNRESOLVED,0.0
,,Manhattan Associates Inc,,SEC EDGAR,https://www.sec.gov/edgar/browse/?CIK=0001056696,2026-09-10T06:52:16.565996+00:00,UNRESOLVED,0.0
,,"Texas Roadhouse, Inc.",,SEC EDGAR,https://www.sec.gov/edgar/browse/?CIK=0001289460,2026-09-10T06:52:16.567783+00:00,UNRESOLVED,0.0
,,Pacific Airport Group,,SEC EDGAR,https://www.sec.gov/edgar/browse/?CIK=0001347557,2026-09-10T06:52:16.569622+00:00,UNRESOLVED,0.0
,,"Dick'S Sporting Goods, Inc.",,SEC EDGAR,https://www.sec.gov/edgar/browse/?CIK=0001089063,2026-09-10T06:52:16.571448+00:00,UNRESOLVED,0.0
,,Stifel Financial Corp,,SEC EDGAR,https://www.sec.gov/edgar/browse/?CIK=0000720672,2026-09-10T06:52:16.573257+00:00,UNRESOLVED,0.0
,,"Fidelity National Financial, Inc.",,SEC EDGAR,https://www.sec.gov/edgar/browse/?CIK=0001331875,2026-09-10T06:52:16.575021+00:00,UNRESOLVED,0.0
,,Brown Forman Corp,,SEC EDGAR,https://www.sec.gov/edgar/browse/?CIK=0000014693,2026-09-10T06:52:16.576850+00:00,UNRESOLVED,0.0
,,"Bxp, Inc.",,SEC EDGAR,https://www.sec.gov/edgar/browse/?CIK=0001037540,2026-09-10T06:52:16.578710+00:00,UNRESOLVED,0.0
,,Elanco Animal Health Inc,,SEC EDGAR,https://www.sec.gov/edgar/browse/?CIK=0001739104,2026-09-10T06:52:16.580544+00:00,UNRESOLVED,0.0
,,Camden Property Trust,,SEC EDGAR,https://www.sec.gov/edgar/browse/?CIK=0000906345,2026-09-10T06:52:16.582446+00:00,UNRESOLVED,0.0
,,"Arrowhead Pharmaceuticals, Inc.",,SEC EDGAR,https://www.sec.gov/edgar/browse/?CIK=0000879407,2026-09-10T06:52:16.584303+00:00,UNRESOLVED,0.0
,,Paramount Skydance Corp,,SEC EDGAR,https://www.sec.gov/edgar/browse/?CIK=0002041610,2026-09-10T06:52:16.586144+00:00,UNRESOLVED,0.0
,,Hudbay Minerals Inc.,,SEC EDGAR,https://www.sec.gov/edgar/browse/?CIK=0001322422,2026-09-10T06:52:16.587949+00:00,UNRESOLVED,0.0
,,Watts Water Technologies Inc,,SEC EDGAR,https://www.sec.gov/edgar/browse/?CIK=0000795403,2026-09-10T06:52:16.589707+00:00,UNRESOLVED,0.0
,,Antero Resources Corp,,SEC EDGAR,https://www.sec.gov/edgar/browse/?CIK=0001433270,2026-09-10T06:52:16.591536+00:00,UNRESOLVED,0.0
,,Li Auto Inc.,,SEC EDGAR,https://www.sec.gov/edgar/browse/?CIK=0001791706,2026-09-10T06:52:16.593374+00:00,UNRESOLVED,0.0
,,Akzo Nobel Nv,,SEC EDGAR,https://www.sec.gov/edgar/browse/?CIK=0000003124,2026-09-10T06:52:16.595243+00:00,UNRESOLVED,0.0
,,Smith & Nephew Plc,,SEC EDGAR,https://www.sec.gov/edgar/browse/?CIK=0000845982,2026-09-10T06:52:16.597086+00:00,UNRESOLVED,0.0
,,Corcept Therapeutics Inc,,SEC EDGAR,https://www.sec.gov/edgar/browse/?CIK=0001088856,2026-09-10T06:52:16.598952+00:00,UNRESOLVED,0.0
,,Fresenius Medical Care Ag,,SEC EDGAR,https://www.sec.gov/edgar/browse/?CIK=0001333141,2026-09-10T06:52:16.600729+00:00,UNRESOLVED,0.0
,,"Brightspring Health Services, Inc.",,SEC EDGAR,https://www.sec.gov/edgar/browse/?CIK=0001865782,2026-09-10T06:52:16.602507+00:00,UNRESOLVED,0.0
,,Encompass Health Corp,,SEC EDGAR,https://www.sec.gov/edgar/browse/?CIK=0000785161,2026-09-10T06:52:16.604345+00:00,UNRESOLVED,0.0
,,Rentokil Initial Plc /Fi,,SEC EDGAR,https://www.sec.gov/edgar/browse/?CIK=0000930157,2026-09-10T06:52:16.606155+00:00,UNRESOLVED,0.0
,,Applied Industrial Technologies Inc,,SEC EDGAR,https://www.sec.gov/edgar/browse/?CIK=0000109563,2026-09-10T06:52:16.607992+00:00,UNRESOLVED,0.0
,,"American Healthcare Reit, Inc.",,SEC EDGAR,https://www.sec.gov/edgar/browse/?CIK=0001632970,2026-09-10T06:52:16.609835+00:00,UNRESOLVED,0.0
,,Draftkings Inc.,,SEC EDGAR,https://www.sec.gov/edgar/browse/?CIK=0001883685,2026-09-10T06:52:16.611705+00:00,UNRESOLVED,0.0
,,"Amkor Technology, Inc.",,SEC EDGAR,https://www.sec.gov/edgar/browse/?CIK=0001047127,2026-09-10T06:52:16.613514+00:00,UNRESOLVED,0.0
,,Hormel Foods Corp /De/,,SEC EDGAR,https://www.sec.gov/edgar/browse/?CIK=0000048465,2026-09-10T06:52:16.615430+00:00,UNRESOLVED,0.0
,,Nova Ltd.,,SEC EDGAR,https://www.sec.gov/edgar/browse/?CIK=0001109345,2026-09-10T06:52:16.617294+00:00,UNRESOLVED,0.0
,,American Financial Group Inc,,SEC EDGAR,https://www.sec.gov/edgar/browse/?CIK=0001042046,2026-09-10T06:52:16.619124+00:00,UNRESOLVED,0.0
,,Crane Co,,SEC EDGAR,https://www.sec.gov/edgar/browse/?CIK=0001944013,2026-09-10T06:52:16.620913+00:00,UNRESOLVED,0.0
,,"Essential Utilities, Inc.",,SEC EDGAR,https://www.sec.gov/edgar/browse/?CIK=0000078128,2026-09-10T06:52:16.622660+00:00,UNRESOLVED,0.0
,,Maplebear Inc.,,SEC EDGAR,https://www.sec.gov/edgar/browse/?CIK=0001579091,2026-09-10T06:52:16.624484+00:00,UNRESOLVED,0.0
,,Pinnacle West Capital Corp,,SEC EDGAR,https://www.sec.gov/edgar/browse/?CIK=0000764622,2026-09-10T06:52:16.626295+00:00,UNRESOLVED,0.0
,,First Horizon Corp,,SEC EDGAR,https://www.sec.gov/edgar/browse/?CIK=0000036966,2026-09-10T06:52:16.628142+00:00,UNRESOLVED,0.0
,,Gartner Inc,,SEC EDGAR,https://www.sec.gov/edgar/browse/?CIK=0000749251,2026-09-10T06:52:16.629999+00:00,UNRESOLVED,0.0
,,Moog Inc.,,SEC EDGAR,https://www.sec.gov/edgar/browse/?CIK=0000067887,2026-09-10T06:52:16.631821+00:00,UNRESOLVED,0.0
,,"Bj'S Wholesale Club Holdings, Inc.",,SEC EDGAR,https://www.sec.gov/edgar/browse/?CIK=0001531152,2026-09-10T06:52:16.633652+00:00,UNRESOLVED,0.0
,,Magnum Ice Cream Co N.V.,,SEC EDGAR,https://www.sec.gov/edgar/browse/?CIK=0002071668,2026-09-10T06:52:16.635439+00:00,UNRESOLVED,0.0
,,"Nitori Holdings Co., Ltd.",,SEC EDGAR,https://www.sec.gov/edgar/browse/?CIK=0001801729,2026-09-10T06:52:16.637256+00:00,UNRESOLVED,0.0
,,Davita Inc.,,SEC EDGAR,https://www.sec.gov/edgar/browse/?CIK=0000927066,2026-09-10T06:52:16.639017+00:00,UNRESOLVED,0.0
,,Knight-Swift Transportation Holdings Inc.,,SEC EDGAR,https://www.sec.gov/edgar/browse/?CIK=0001492691,2026-09-10T06:52:16.640835+00:00,UNRESOLVED,0.0
,,"Compass Sub North, Inc.",,SEC EDGAR,https://www.sec.gov/edgar/browse/?CIK=0002103884,2026-09-10T06:52:16.642659+00:00,UNRESOLVED,0.0
,,Iamgold Corp,,SEC EDGAR,https://www.sec.gov/edgar/browse/?CIK=0001203464,2026-09-10T06:52:16.644526+00:00,UNRESOLVED,0.0
,,Deckers Outdoor Corp,,SEC EDGAR,https://www.sec.gov/edgar/browse/?CIK=0000910521,2026-09-10T06:52:16.646366+00:00,UNRESOLVED,0.0
,,Toromont Industries Ltd./Adr,,SEC EDGAR,https://www.sec.gov/edgar/browse/?CIK=0002072098,2026-09-10T06:52:16.648223+00:00,UNRESOLVED,0.0
,,"Tempus Ai, Inc.",,SEC EDGAR,https://www.sec.gov/edgar/browse/?CIK=0001717115,2026-09-10T06:52:16.649990+00:00,UNRESOLVED,0.0
,,Jack Henry & Associates Inc,,SEC EDGAR,https://www.sec.gov/edgar/browse/?CIK=0000779152,2026-09-10T06:52:16.651764+00:00,UNRESOLVED,0.0
,,Bunzl Plc,,SEC EDGAR,https://www.sec.gov/edgar/browse/?CIK=0001072397,2026-09-10T06:52:16.653576+00:00,UNRESOLVED,0.0
,,"Pinterest, Inc.",,SEC EDGAR,https://www.sec.gov/edgar/browse/?CIK=0001506293,2026-09-10T06:52:16.655434+00:00,UNRESOLVED,0.0
,,Paypay Corp,,SEC EDGAR,https://www.sec.gov/edgar/browse/?CIK=0002080845,2026-09-10T06:52:16.657259+00:00,UNRESOLVED,0.0
,,Hut 8 Corp.,,SEC EDGAR,https://www.sec.gov/edgar/browse/?CIK=0001964789,2026-09-10T06:52:16.659082+00:00,UNRESOLVED,0.0
,,Evercore Inc.,,SEC EDGAR,https://www.sec.gov/edgar/browse/?CIK=0001360901,2026-09-10T06:52:16.660897+00:00,UNRESOLVED,0.0
,,Bio-Techne Corp,,SEC EDGAR,https://www.sec.gov/edgar/browse/?CIK=0000842023,2026-09-10T06:52:16.662764+00:00,UNRESOLVED,0.0
,,Suzano S.A.,,SEC EDGAR,https://www.sec.gov/edgar/browse/?CIK=0000909327,2026-09-10T06:52:16.664560+00:00,UNRESOLVED,0.0
,,Dominos Pizza Inc,,SEC EDGAR,https://www.sec.gov/edgar/browse/?CIK=0001286681,2026-09-10T06:52:16.666357+00:00,UNRESOLVED,0.0
,,Tfi International Inc.,,SEC EDGAR,https://www.sec.gov/edgar/browse/?CIK=0001588823,2026-09-10T06:52:16.668163+00:00,UNRESOLVED,0.0
,,Align Technology Inc,,SEC EDGAR,https://www.sec.gov/edgar/browse/?CIK=0001097149,2026-09-10T06:52:16.670026+00:00,UNRESOLVED,0.0
,,"Huntington Ingalls Industries, Inc.",,SEC EDGAR,https://www.sec.gov/edgar/browse/?CIK=0001501585,2026-09-10T06:52:16.671820+00:00,UNRESOLVED,0.0
,,Clorox Co /De/,,SEC EDGAR,https://www.sec.gov/edgar/browse/?CIK=0000021076,2026-09-10T06:52:16.673638+00:00,UNRESOLVED,0.0
,,Advanced Energy Industries Inc,,SEC EDGAR,https://www.sec.gov/edgar/browse/?CIK=0000927003,2026-09-10T06:52:16.675491+00:00,UNRESOLVED,0.0
,,Jefferies Financial Group Inc.,,SEC EDGAR,https://www.sec.gov/edgar/browse/?CIK=0000096223,2026-09-10T06:52:16.677334+00:00,UNRESOLVED,0.0
,,Eldorado Gold Corp /Fi,,SEC EDGAR,https://www.sec.gov/edgar/browse/?CIK=0000918608,2026-09-10T06:52:16.679181+00:00,UNRESOLVED,0.0
,,Service Corp International,,SEC EDGAR,https://www.sec.gov/edgar/browse/?CIK=0000089089,2026-09-10T06:52:16.681032+00:00,UNRESOLVED,0.0
,,Lululemon Athletica Inc.,,SEC EDGAR,https://www.sec.gov/edgar/browse/?CIK=0001397187,2026-09-10T06:52:16.682926+00:00,UNRESOLVED,0.0
,,"Skyworks Solutions, Inc.",,SEC EDGAR,https://www.sec.gov/edgar/browse/?CIK=0000004127,2026-09-10T06:52:16.690087+00:00,UNRESOLVED,0.0
,,Generac Holdings Inc.,,SEC EDGAR,https://www.sec.gov/edgar/browse/?CIK=0001474735,2026-09-10T06:52:16.692502+00:00,UNRESOLVED,0.0
,,Brookfield Wealth Solutions Ltd.,,SEC EDGAR,https://www.sec.gov/edgar/browse/?CIK=0001837429,2026-09-10T06:52:16.694510+00:00,UNRESOLVED,0.0
,,Enlight Renewable Energy Ltd.,,SEC EDGAR,https://www.sec.gov/edgar/browse/?CIK=0001922641,2026-09-10T06:52:16.696436+00:00,UNRESOLVED,0.0
,,"Arrow Electronics, Inc.",,SEC EDGAR,https://www.sec.gov/edgar/browse/?CIK=0000007536,2026-09-10T06:52:16.698433+00:00,UNRESOLVED,0.0
,,Deutsche Lufthansa A G /Fi,,SEC EDGAR,https://www.sec.gov/edgar/browse/?CIK=0001049724,2026-09-10T06:52:16.700427+00:00,UNRESOLVED,0.0
,,Owens Corning,,SEC EDGAR,https://www.sec.gov/edgar/browse/?CIK=0001370946,2026-09-10T06:52:16.702307+00:00,UNRESOLVED,0.0
,,"Popular, Inc.",,SEC EDGAR,https://www.sec.gov/edgar/browse/?CIK=0000763901,2026-09-10T06:52:16.704107+00:00,UNRESOLVED,0.0
,,Umb Financial Corp,,SEC EDGAR,https://www.sec.gov/edgar/browse/?CIK=0000101382,2026-09-10T06:52:16.705994+00:00,UNRESOLVED,0.0
,,New York Times Co,,SEC EDGAR,https://www.sec.gov/edgar/browse/?CIK=0000071691,2026-09-10T06:52:16.707803+00:00,UNRESOLVED,0.0
,,Regal Rexnord Corp,,SEC EDGAR,https://www.sec.gov/edgar/browse/?CIK=0000082811,2026-09-10T06:52:16.709645+00:00,UNRESOLVED,0.0
,,Allison Transmission Holdings Inc,,SEC EDGAR,https://www.sec.gov/edgar/browse/?CIK=0001411207,2026-09-10T06:52:16.711521+00:00,UNRESOLVED,0.0
,,"Axsome Therapeutics, Inc.",,SEC EDGAR,https://www.sec.gov/edgar/browse/?CIK=0001579428,2026-09-10T06:52:16.713389+00:00,UNRESOLVED,0.0
,,Jfrog Ltd,,SEC EDGAR,https://www.sec.gov/edgar/browse/?CIK=0001800667,2026-09-10T06:52:16.715182+00:00,UNRESOLVED,0.0
,,"Ryan Specialty Holdings, Inc.",,SEC EDGAR,https://www.sec.gov/edgar/browse/?CIK=0001849253,2026-09-10T06:52:16.717009+00:00,UNRESOLVED,0.0
,,Factset Research Systems Inc,,SEC EDGAR,https://www.sec.gov/edgar/browse/?CIK=0001013237,2026-09-10T06:52:16.718826+00:00,UNRESOLVED,0.0
,,Antero Midstream Corp,,SEC EDGAR,https://www.sec.gov/edgar/browse/?CIK=0001623925,2026-09-10T06:52:16.720658+00:00,UNRESOLVED,0.0
,,Eastgroup Properties Inc,,SEC EDGAR,https://www.sec.gov/edgar/browse/?CIK=0000049600,2026-09-10T06:52:16.722486+00:00,UNRESOLVED,0.0
,,"Sailpoint, Inc.",,SEC EDGAR,https://www.sec.gov/edgar/browse/?CIK=0002030781,2026-09-10T06:52:16.724296+00:00,UNRESOLVED,0.0
,,"Globalstar, Inc.",,SEC EDGAR,https://www.sec.gov/edgar/browse/?CIK=0001366868,2026-09-10T06:52:16.726124+00:00,UNRESOLVED,0.0
,,Littelfuse Inc /De,,SEC EDGAR,https://www.sec.gov/edgar/browse/?CIK=0000889331,2026-09-10T06:52:16.727949+00:00,UNRESOLVED,0.0
,,Sanmina Corp,,SEC EDGAR,https://www.sec.gov/edgar/browse/?CIK=0000897723,2026-09-10T06:52:16.729793+00:00,UNRESOLVED,0.0
,,"Krystal Biotech, Inc.",,SEC EDGAR,https://www.sec.gov/edgar/browse/?CIK=0001711279,2026-09-10T06:52:16.731560+00:00,UNRESOLVED,0.0
,,Aes Corp,,SEC EDGAR,https://www.sec.gov/edgar/browse/?CIK=0000874761,2026-09-10T06:52:16.733374+00:00,UNRESOLVED,0.0
,,Mgm Resorts International,,SEC EDGAR,https://www.sec.gov/edgar/browse/?CIK=0000789570,2026-09-10T06:52:16.735240+00:00,UNRESOLVED,0.0
,,Globus Medical Inc,,SEC EDGAR,https://www.sec.gov/edgar/browse/?CIK=0001237831,2026-09-10T06:52:16.737064+00:00,UNRESOLVED,0.0
,,Freedom Holding Corp.,,SEC EDGAR,https://www.sec.gov/edgar/browse/?CIK=0000924805,2026-09-10T06:52:16.738888+00:00,UNRESOLVED,0.0
,,"Molina Healthcare, Inc.",,SEC EDGAR,https://www.sec.gov/edgar/browse/?CIK=0001179929,2026-09-10T06:52:16.740717+00:00,UNRESOLVED,0.0
,,Xpeng Inc.,,SEC EDGAR,https://www.sec.gov/edgar/browse/?CIK=0001810997,2026-09-10T06:52:16.742499+00:00,UNRESOLVED,0.0
,,Cognex Corp,,SEC EDGAR,https://www.sec.gov/edgar/browse/?CIK=0000851205,2026-09-10T06:52:16.744350+00:00,UNRESOLVED,0.0
,,Southstate Bank Corp,,SEC EDGAR,https://www.sec.gov/edgar/browse/?CIK=0000764038,2026-09-10T06:52:16.746204+00:00,UNRESOLVED,0.0
,,Glaukos Corp,,SEC EDGAR,https://www.sec.gov/edgar/browse/?CIK=0001192448,2026-09-10T06:52:16.747996+00:00,UNRESOLVED,0.0
,,"Paycom Software, Inc.",,SEC EDGAR,https://www.sec.gov/edgar/browse/?CIK=0001590955,2026-09-10T06:52:16.749920+00:00,UNRESOLVED,0.0
,,Wintrust Financial Corp,,SEC EDGAR,https://www.sec.gov/edgar/browse/?CIK=0001015328,2026-09-10T06:52:16.751802+00:00,UNRESOLVED,0.0
,,Viasat Inc,,SEC EDGAR,https://www.sec.gov/edgar/browse/?CIK=0000797721,2026-09-10T06:52:16.753662+00:00,UNRESOLVED,0.0
,,Modine Manufacturing Co,,SEC EDGAR,https://www.sec.gov/edgar/browse/?CIK=0000067347,2026-09-10T06:52:16.755529+00:00,UNRESOLVED,0.0
,,First Majestic Silver Corp,,SEC EDGAR,https://www.sec.gov/edgar/browse/?CIK=0001308648,2026-09-10T06:52:16.757341+00:00,UNRESOLVED,0.0
,,"Bio-Rad Laboratories, Inc.",,SEC EDGAR,https://www.sec.gov/edgar/browse/?CIK=0000012208,2026-09-10T06:52:16.759133+00:00,UNRESOLVED,0.0
,,Darling Ingredients Inc.,,SEC EDGAR,https://www.sec.gov/edgar/browse/?CIK=0000916540,2026-09-10T06:52:16.760917+00:00,UNRESOLVED,0.0
,,Frontline Plc,,SEC EDGAR,https://www.sec.gov/edgar/browse/?CIK=0000913290,2026-09-10T06:52:16.762710+00:00,UNRESOLVED,0.0
,,"Advanced Drainage Systems, Inc.",,SEC EDGAR,https://www.sec.gov/edgar/browse/?CIK=0001604028,2026-09-10T06:52:16.764541+00:00,UNRESOLVED,0.0
,,Federal Realty Investment Trust,,SEC EDGAR,https://www.sec.gov/edgar/browse/?CIK=0000034903,2026-09-10T06:52:16.766242+00:00,UNRESOLVED,0.0
,,Insulet Corp,,SEC EDGAR,https://www.sec.gov/edgar/browse/?CIK=0001145197,2026-09-10T06:52:16.768043+00:00,UNRESOLVED,0.0
,,Bentley Systems Inc,,SEC EDGAR,https://www.sec.gov/edgar/browse/?CIK=0001031308,2026-09-10T06:52:16.769851+00:00,UNRESOLVED,0.0
,,"Avantor, Inc.",,SEC EDGAR,https://www.sec.gov/edgar/browse/?CIK=0001722482,2026-09-10T06:52:16.771684+00:00,UNRESOLVED,0.0
,,"Zions Bancorporation, National Association /Ut/",,SEC EDGAR,https://www.sec.gov/edgar/browse/?CIK=0000109380,2026-09-10T06:52:16.773517+00:00,UNRESOLVED,0.0
,,Solstice Advanced Materials Inc.,,SEC EDGAR,https://www.sec.gov/edgar/browse/?CIK=0002064953,2026-09-10T06:52:16.775388+00:00,UNRESOLVED,0.0
,,Cytokinetics Inc,,SEC EDGAR,https://www.sec.gov/edgar/browse/?CIK=0001061983,2026-09-10T06:52:16.777138+00:00,UNRESOLVED,0.0
,,"Cullen/Frost Bankers, Inc.",,SEC EDGAR,https://www.sec.gov/edgar/browse/?CIK=0000039263,2026-09-10T06:52:16.778953+00:00,UNRESOLVED,0.0
,,Xp Inc.,,SEC EDGAR,https://www.sec.gov/edgar/browse/?CIK=0001787425,2026-09-10T06:52:16.780823+00:00,UNRESOLVED,0.0
,,Abivax S.A.,,SEC EDGAR,https://www.sec.gov/edgar/browse/?CIK=0001956827,2026-09-10T06:52:16.782638+00:00,UNRESOLVED,0.0
,,Henry Schein Inc,,SEC EDGAR,https://www.sec.gov/edgar/browse/?CIK=0001000228,2026-09-10T06:52:16.784416+00:00,UNRESOLVED,0.0
,,Old Republic International Corp,,SEC EDGAR,https://www.sec.gov/edgar/browse/?CIK=0000074260,2026-09-10T06:52:16.786252+00:00,UNRESOLVED,0.0
,,"Sanrio Company, Ltd./Adr",,SEC EDGAR,https://www.sec.gov/edgar/browse/?CIK=0001584273,2026-09-10T06:52:16.788053+00:00,UNRESOLVED,0.0
,,Acuity Inc. (De),,SEC EDGAR,https://www.sec.gov/edgar/browse/?CIK=0001144215,2026-09-10T06:52:16.789840+00:00,UNRESOLVED,0.0
,,Universal Health Services Inc,,SEC EDGAR,https://www.sec.gov/edgar/browse/?CIK=0000352915,2026-09-10T06:52:16.791809+00:00,UNRESOLVED,0.0
,,Dr Reddys Laboratories Ltd,,SEC EDGAR,https://www.sec.gov/edgar/browse/?CIK=0001135951,2026-09-10T06:52:16.793649+00:00,UNRESOLVED,0.0
,,Luckin Coffee Inc.,,SEC EDGAR,https://www.sec.gov/edgar/browse/?CIK=0001767582,2026-09-10T06:52:16.795494+00:00,UNRESOLVED,0.0
,,Old National Bancorp /In/,,SEC EDGAR,https://www.sec.gov/edgar/browse/?CIK=0000707179,2026-09-10T06:52:16.797325+00:00,UNRESOLVED,0.0
,,Aptiv Plc,,SEC EDGAR,https://www.sec.gov/edgar/browse/?CIK=0001521332,2026-09-10T06:52:16.799113+00:00,UNRESOLVED,0.0
,,"Ensign Group, Inc",,SEC EDGAR,https://www.sec.gov/edgar/browse/?CIK=0001125376,2026-09-10T06:52:16.800865+00:00,UNRESOLVED,0.0
,,"Oscar Health, Inc.",,SEC EDGAR,https://www.sec.gov/edgar/browse/?CIK=0001568651,2026-09-10T06:52:16.802662+00:00,UNRESOLVED,0.0
,,Gildan Activewear Inc.,,SEC EDGAR,https://www.sec.gov/edgar/browse/?CIK=0001061894,2026-09-10T06:52:16.804511+00:00,UNRESOLVED,0.0
,,Pandora A/S / Adr,,SEC EDGAR,https://www.sec.gov/edgar/browse/?CIK=0001505880,2026-09-10T06:52:16.806346+00:00,UNRESOLVED,0.0
,,"Spx Technologies, Inc.",,SEC EDGAR,https://www.sec.gov/edgar/browse/?CIK=0000088205,2026-09-10T06:52:16.808265+00:00,UNRESOLVED,0.0
,,"Praxis Precision Medicines, Inc.",,SEC EDGAR,https://www.sec.gov/edgar/browse/?CIK=0001689548,2026-09-10T06:52:16.810105+00:00,UNRESOLVED,0.0
,,Range Resources Corp,,SEC EDGAR,https://www.sec.gov/edgar/browse/?CIK=0000315852,2026-09-10T06:52:16.811910+00:00,UNRESOLVED,0.0
,,"Firstcash Holdings, Inc.",,SEC EDGAR,https://www.sec.gov/edgar/browse/?CIK=0000840489,2026-09-10T06:52:16.813713+00:00,UNRESOLVED,0.0
,,Sirius Xm Holdings Inc.,,SEC EDGAR,https://www.sec.gov/edgar/browse/?CIK=0000908937,2026-09-10T06:52:16.815599+00:00,UNRESOLVED,0.0
,,"Leonardo Drs, Inc.",,SEC EDGAR,https://www.sec.gov/edgar/browse/?CIK=0001833756,2026-09-10T06:52:16.817467+00:00,UNRESOLVED,0.0
,,"Match Group, Inc.",,SEC EDGAR,https://www.sec.gov/edgar/browse/?CIK=0000891103,2026-09-10T06:52:16.819363+00:00,UNRESOLVED,0.0
,,Gerdau S.A.,,SEC EDGAR,https://www.sec.gov/edgar/browse/?CIK=0001073404,2026-09-10T06:52:16.821274+00:00,UNRESOLVED,0.0
,,Flowserve Corp,,SEC EDGAR,https://www.sec.gov/edgar/browse/?CIK=0000030625,2026-09-10T06:52:16.823088+00:00,UNRESOLVED,0.0
,,Mp Materials Corp. / De,,SEC EDGAR,https://www.sec.gov/edgar/browse/?CIK=0001801368,2026-09-10T06:52:16.824868+00:00,UNRESOLVED,0.0
,,Weir Group Plc/Adr,,SEC EDGAR,https://www.sec.gov/edgar/browse/?CIK=0001540042,2026-09-10T06:52:16.826656+00:00,UNRESOLVED,0.0
,,Oshkosh Corp,,SEC EDGAR,https://www.sec.gov/edgar/browse/?CIK=0000775158,2026-09-10T06:52:16.828478+00:00,UNRESOLVED,0.0
,,Oge Energy Corp.,,SEC EDGAR,https://www.sec.gov/edgar/browse/?CIK=0001021635,2026-09-10T06:52:16.830383+00:00,UNRESOLVED,0.0
,,"Chewy, Inc.",,SEC EDGAR,https://www.sec.gov/edgar/browse/?CIK=0001766502,2026-09-10T06:52:16.832210+00:00,UNRESOLVED,0.0
,,"Life Time Group Holdings, Inc.",,SEC EDGAR,https://www.sec.gov/edgar/browse/?CIK=0001869198,2026-09-10T06:52:16.834061+00:00,UNRESOLVED,0.0
,,"Kymera Therapeutics, Inc.",,SEC EDGAR,https://www.sec.gov/edgar/browse/?CIK=0001815442,2026-09-10T06:52:16.835888+00:00,UNRESOLVED,0.0
,,Ionis Pharmaceuticals Inc,,SEC EDGAR,https://www.sec.gov/edgar/browse/?CIK=0000874015,2026-09-10T06:52:16.837715+00:00,UNRESOLVED,0.0
,,Elastic N.V.,,SEC EDGAR,https://www.sec.gov/edgar/browse/?CIK=0001707753,2026-09-10T06:52:16.839518+00:00,UNRESOLVED,0.0
,,"Brinker International, Inc",,SEC EDGAR,https://www.sec.gov/edgar/browse/?CIK=0000703351,2026-09-10T06:52:16.841334+00:00,UNRESOLVED,0.0
,,Pentair Plc,,SEC EDGAR,https://www.sec.gov/edgar/browse/?CIK=0000077360,2026-09-10T06:52:16.843148+00:00,UNRESOLVED,0.0
,,Pearson Plc,,SEC EDGAR,https://www.sec.gov/edgar/browse/?CIK=0000938323,2026-09-10T06:52:16.844965+00:00,UNRESOLVED,0.0
,,"Houlihan Lokey, Inc.",,SEC EDGAR,https://www.sec.gov/edgar/browse/?CIK=0001302215,2026-09-10T06:52:16.846761+00:00,UNRESOLVED,0.0
,,"Affiliated Managers Group, Inc.",,SEC EDGAR,https://www.sec.gov/edgar/browse/?CIK=0001004434,2026-09-10T06:52:16.848566+00:00,UNRESOLVED,0.0
,,"Lineage, Inc.",,SEC EDGAR,https://www.sec.gov/edgar/browse/?CIK=0001868159,2026-09-10T06:52:16.850394+00:00,UNRESOLVED,0.0
,,Westlake Corp,,SEC EDGAR,https://www.sec.gov/edgar/browse/?CIK=0001262823,2026-09-10T06:52:16.852331+00:00,UNRESOLVED,0.0
,,"Janus Living, Inc.",,SEC EDGAR,https://www.sec.gov/edgar/browse/?CIK=0002100805,2026-09-10T06:52:16.854176+00:00,UNRESOLVED,0.0
,,"Forgent Power Solutions, Inc.",,SEC EDGAR,https://www.sec.gov/edgar/browse/?CIK=0002080126,2026-09-10T06:52:16.856026+00:00,UNRESOLVED,0.0
,,Ryder System Inc,,SEC EDGAR,https://www.sec.gov/edgar/browse/?CIK=0000085961,2026-09-10T06:52:16.857846+00:00,UNRESOLVED,0.0
,,Jackson Financial Inc.,,SEC EDGAR,https://www.sec.gov/edgar/browse/?CIK=0001822993,2026-09-10T06:52:16.859693+00:00,UNRESOLVED,0.0
,,Saia Inc,,SEC EDGAR,https://www.sec.gov/edgar/browse/?CIK=0001177702,2026-09-10T06:52:16.861507+00:00,UNRESOLVED,0.0
,,Nio Inc.,,SEC EDGAR,https://www.sec.gov/edgar/browse/?CIK=0001736541,2026-09-10T06:52:16.863349+00:00,UNRESOLVED,0.0
,,Repligen Corp,,SEC EDGAR,https://www.sec.gov/edgar/browse/?CIK=0000730272,2026-09-10T06:52:16.865180+00:00,UNRESOLVED,0.0
,,"Voya Financial, Inc.",,SEC EDGAR,https://www.sec.gov/edgar/browse/?CIK=0001535929,2026-09-10T06:52:16.866978+00:00,UNRESOLVED,0.0
,,"Protagonist Therapeutics, Inc",,SEC EDGAR,https://www.sec.gov/edgar/browse/?CIK=0001377121,2026-09-10T06:52:16.868834+00:00,UNRESOLVED,0.0
,,Wynn Resorts Ltd,,SEC EDGAR,https://www.sec.gov/edgar/browse/?CIK=0001174922,2026-09-10T06:52:16.870657+00:00,UNRESOLVED,0.0
,,Kt Corp,,SEC EDGAR,https://www.sec.gov/edgar/browse/?CIK=0000892450,2026-09-10T06:52:16.872496+00:00,UNRESOLVED,0.0
,,Madison Square Garden Sports Corp.,,SEC EDGAR,https://www.sec.gov/edgar/browse/?CIK=0001636519,2026-09-10T06:52:16.874463+00:00,UNRESOLVED,0.0
,,Murphy Usa Inc.,,SEC EDGAR,https://www.sec.gov/edgar/browse/?CIK=0001573516,2026-09-10T06:52:16.876241+00:00,UNRESOLVED,0.0
,,On Holding Ag,,SEC EDGAR,https://www.sec.gov/edgar/browse/?CIK=0001858985,2026-09-10T06:52:16.878083+00:00,UNRESOLVED,0.0
,,Agco Corp /De,,SEC EDGAR,https://www.sec.gov/edgar/browse/?CIK=0000880266,2026-09-10T06:52:16.879930+00:00,UNRESOLVED,0.0
,,Valmont Industries Inc,,SEC EDGAR,https://www.sec.gov/edgar/browse/?CIK=0000102729,2026-09-10T06:52:16.881719+00:00,UNRESOLVED,0.0
,,Rambus Inc,,SEC EDGAR,https://www.sec.gov/edgar/browse/?CIK=0000917273,2026-09-10T06:52:16.883521+00:00,UNRESOLVED,0.0
,,Sibanye Stillwater Ltd,,SEC EDGAR,https://www.sec.gov/edgar/browse/?CIK=0001786909,2026-09-10T06:52:16.885379+00:00,UNRESOLVED,0.0
,,Snap Inc,,SEC EDGAR,https://www.sec.gov/edgar/browse/?CIK=0001564408,2026-09-10T06:52:16.887213+00:00,UNRESOLVED,0.0
,,Azbil Corporation/Adr,,SEC EDGAR,https://www.sec.gov/edgar/browse/?CIK=0002108185,2026-09-10T06:52:16.889020+00:00,UNRESOLVED,0.0
,,"Caretrust Reit, Inc.",,SEC EDGAR,https://www.sec.gov/edgar/browse/?CIK=0001590717,2026-09-10T06:52:16.890901+00:00,UNRESOLVED,0.0
,,Kinetik Holdings Inc.,,SEC EDGAR,https://www.sec.gov/edgar/browse/?CIK=0001692787,2026-09-10T06:52:16.892807+00:00,UNRESOLVED,0.0
,,Tetra Tech Inc,,SEC EDGAR,https://www.sec.gov/edgar/browse/?CIK=0000831641,2026-09-10T06:52:16.894836+00:00,UNRESOLVED,0.0
,,Autoliv Inc,,SEC EDGAR,https://www.sec.gov/edgar/browse/?CIK=0001034670,2026-09-10T06:52:16.896930+00:00,UNRESOLVED,0.0
,,Energy Co Of Parana,,SEC EDGAR,https://www.sec.gov/edgar/browse/?CIK=0001041792,2026-09-10T06:52:16.898903+00:00,UNRESOLVED,0.0
,,"Vaxcyte, Inc.",,SEC EDGAR,https://www.sec.gov/edgar/browse/?CIK=0001649094,2026-09-10T06:52:16.900848+00:00,UNRESOLVED,0.0
,,"Primerica, Inc.",,SEC EDGAR,https://www.sec.gov/edgar/browse/?CIK=0001475922,2026-09-10T06:52:16.902604+00:00,UNRESOLVED,0.0
,,"Qorvo, Inc.",,SEC EDGAR,https://www.sec.gov/edgar/browse/?CIK=0001604778,2026-09-10T06:52:16.904466+00:00,UNRESOLVED,0.0
,,"Alexandria Real Estate Equities, Inc.",,SEC EDGAR,https://www.sec.gov/edgar/browse/?CIK=0001035443,2026-09-10T06:52:16.906203+00:00,UNRESOLVED,0.0
,,Aeroméxico,,Wikidata,https://aeromexico.com/en-us,2026-09-10T06:52:19.429566+00:00,UNRESOLVED,0.0
,,Aeroméxico,,Wikidata,https://aeromexico.com/es-mx/,2026-09-10T06:52:19.437409+00:00,UNRESOLVED,0.0
,,Aerowatch,,Wikidata,http://www.aerowatch.com/,2026-09-10T06:52:19.443572+00:00,UNRESOLVED,0.0
,,Aerzener Maschinenfabrik,,Wikidata,http://www.aerzen.com/,2026-09-10T06:52:19.448692+00:00,UNRESOLVED,0.0
,,ATM,9588,Wikidata,https://www.atm.it/,2026-09-10T06:52:19.452673+00:00,UNRESOLVED,0.0
,,Manor,,Wikidata,https://www.manor.ch/,2026-09-10T06:52:19.456616+00:00,UNRESOLVED,0.0
,,Thrustmaster,,Wikidata,http://www.thrustmaster.com,2026-09-10T06:52:19.459294+00:00,UNRESOLVED,0.0
,,Afghan Wireless,5500,Wikidata,https://afghan-wireless.com/,2026-09-10T06:52:19.461804+00:00,UNRESOLVED,0.0
,,Afilias,,Wikidata,https://afilias.info,2026-09-10T06:52:19.464252+00:00,UNRESOLVED,0.0
,,Afilias,,Wikidata,https://afilias.info/china,2026-09-10T06:52:19.466527+00:00,UNRESOLVED,0.0
,,Iraqi Oil Tankers Company,,Wikidata,http://www.iotc-basra.com,2026-09-10T06:52:19.468602+00:00,UNRESOLVED,0.0
,,Dekra SE,,Wikidata,https://www.dekra.com/,2026-09-10T06:52:19.471121+00:00,UNRESOLVED,0.0
,,The Gores Group,,Wikidata,http://www.gores.com,2026-09-10T06:52:19.474193+00:00,UNRESOLVED,0.0
,,Falck Group,,Wikidata,http://www.falck.it/,2026-09-10T06:52:19.476564+00:00,UNRESOLVED,0.0
,,KTF,,Wikidata,http://www.kt.com,2026-09-10T06:52:19.491615+00:00,UNRESOLVED,0.0
,,Bourse Regionale Des Valeurs Mobilieres,,Wikidata,https://www.brvm.org,2026-09-10T06:52:19.493101+00:00,UNRESOLVED,0.0
,,Shinhan Financial Group,,Wikidata,http://www.shinhangroup.com,2026-09-10T06:52:19.494918+00:00,UNRESOLVED,0.0
,,XM Satellite Radio,,Wikidata,http://www.xmradio.com/,2026-09-10T06:52:19.496742+00:00,UNRESOLVED,0.0
,,Bene GmbH,,Wikidata,https://bene.com/,2026-09-10T06:52:19.498595+00:00,UNRESOLVED,0.0
,,Uganda Securities Exchange,,Wikidata,https://www.use.or.ug,2026-09-10T06:52:19.500363+00:00,UNRESOLVED,0.0
,,POSCO International,,Wikidata,http://www.daewoo.com/,2026-09-10T06:52:19.502136+00:00,UNRESOLVED,0.0
,,Rush & Cash,,Wikidata,http://www.okfngroup.com,2026-09-10T06:52:19.503908+00:00,UNRESOLVED,0.0
,,Weathernews,,Wikidata,https://global.weathernews.com/,2026-09-10T06:52:19.505617+00:00,UNRESOLVED,0.0
,,Weathernews,,Wikidata,https://jp.weathernews.com/,2026-09-10T06:52:19.507405+00:00,UNRESOLVED,0.0
,,Shilla Hotel,,Wikidata,https://www.shillahotels.com,2026-09-10T06:52:19.509100+00:00,UNRESOLVED,0.0
,,Doosan Enerbility,,Wikidata,https://www.doosanenerbility.com/,2026-09-10T06:52:19.510951+00:00,UNRESOLVED,0.0
,,HCT Co.,,Wikidata,http://www.hct.co.kr/jpn/,2026-09-10T06:52:19.512876+00:00,UNRESOLVED,0.0
,,Dole plc,35371,Wikidata,http://www.dole.com/,2026-09-10T06:52:19.514655+00:00,UNRESOLVED,0.0
,,KTDS,,Wikidata,https://www.ktds.com/,2026-09-10T06:52:19.516366+00:00,UNRESOLVED,0.0
,,Salling Group,60000,Wikidata,https://sallinggroup.com/,2026-09-10T06:52:19.518064+00:00,UNRESOLVED,0.0
,,Sonokong,,Wikidata,http://www.sonokong.co.kr/,2026-09-10T06:52:19.519744+00:00,UNRESOLVED,0.0
,,Hankook Tire & Technology,21000,Wikidata,http://www.hankooktire.com,2026-09-10T06:52:19.527442+00:00,UNRESOLVED,0.0
,,Hankook Tire & Technology,21000,Wikidata,http://www.hankooktire.com/global,2026-09-10T06:52:19.529975+00:00,UNRESOLVED,0.0
,,Kumho Tire,,Wikidata,http://www.kumhotire.com/,2026-09-10T06:52:19.531944+00:00,UNRESOLVED,0.0
,,SK Telecom,20955,Wikidata,https://www.sktelecom.com/,2026-09-10T06:52:19.533739+00:00,UNRESOLVED,0.0
,,Pandora Technogies,,Wikidata,http://www.pantech.co.kr,2026-09-10T06:52:19.535744+00:00,UNRESOLVED,0.0
,,VK Mobile,,Wikidata,http://www.vkmobile.com,2026-09-10T06:52:19.537653+00:00,UNRESOLVED,0.0
,,East African Breweries,,Wikidata,https://www.eabl.com/,2026-09-10T06:52:19.539465+00:00,UNRESOLVED,0.0
,,Kyungbang,,Wikidata,http://www.kyungbang.co.kr,2026-09-10T06:52:19.541360+00:00,UNRESOLVED,0.0
,,NHN Japan,,Wikidata,https://www.nhn-japan.com/,2026-09-10T06:52:19.543101+00:00,UNRESOLVED,0.0
,,deCODE genetics,,Wikidata,https://www.decode.com/,2026-09-10T06:52:19.544937+00:00,UNRESOLVED,0.0
,,Síminn,,Wikidata,https://www.siminn.is/,2026-09-10T06:52:19.546667+00:00,UNRESOLVED,0.0
,,United Press International,,Wikidata,https://www.upi.com/,2026-09-10T06:52:19.548511+00:00,UNRESOLVED,0.0
,,SSE plc,,Wikidata,https://www.sse.com/,2026-09-10T06:52:19.550407+00:00,UNRESOLVED,0.0
,,Hyundai WIA,,Wikidata,https://cn.hyundai-wia.com/main/main.asp,2026-09-10T06:52:19.552246+00:00,UNRESOLVED,0.0
,,Hyundai WIA,,Wikidata,https://en.hyundai-wia.com/main/main.asp,2026-09-10T06:52:19.553986+00:00,UNRESOLVED,0.0
,,Hyundai WIA,,Wikidata,https://www.hyundai-wia.com/main/main.asp,2026-09-10T06:52:19.555677+00:00,UNRESOLVED,0.0
,,SK Inc.,,Wikidata,https://www.sk-inc.com/en/,2026-09-10T06:52:19.557394+00:00,UNRESOLVED,0.0
,,Saint-Louis Glasshouse,,Wikidata,http://www.saint-louis.com/en/,2026-09-10T06:52:19.559101+00:00,UNRESOLVED,0.0
,,Saint-Louis Glasshouse,,Wikidata,http://www.saint-louis.com/fr/,2026-09-10T06:52:19.560838+00:00,UNRESOLVED,0.0
,,Renault Korea Motors,3638,Wikidata,https://www.renaultkoream.com/,2026-09-10T06:52:19.562657+00:00,UNRESOLVED,0.0
,,Lombardini Srl,,Wikidata,http://www.kohlerengines.com/eu,2026-09-10T06:52:19.564478+00:00,UNRESOLVED,0.0
,,BHF Kleinwort Benson Group,,Wikidata,https://www.oddo-bhf.com,2026-09-10T06:52:19.566247+00:00,UNRESOLVED,0.0
,,HiteJinro,,Wikidata,http://www.hitejinro.com/,2026-09-10T06:52:19.567959+00:00,UNRESOLVED,0.0
,,"Telia Lietuva, AB",1885,Wikidata,https://www.telia.lt/,2026-09-10T06:52:19.569667+00:00,UNRESOLVED,0.0
,,Polaroid Corporation,,Wikidata,https://www.polaroid.com,2026-09-10T06:52:19.571426+00:00,UNRESOLVED,0.0
,,Seoul Semiconductor,,Wikidata,http://www.seoulsemicon.com/,2026-09-10T06:52:19.573199+00:00,UNRESOLVED,0.0
,,Hanjin Shipping,2338,Wikidata,http://www.hanjin.com/,2026-09-10T06:52:19.574947+00:00,UNRESOLVED,0.0
,,Virgin Group,69000,Wikidata,http://www.virgin.com,2026-09-10T06:52:19.576669+00:00,UNRESOLVED,0.0
,,Terra Natura,,Wikidata,http://www.terranatura.com/Eng/Inicio/Index.aspx,2026-09-10T06:52:19.578442+00:00,UNRESOLVED,0.0
,,ArenaNet,270,Wikidata,http://www.arena.net/,2026-09-10T06:52:19.580255+00:00,UNRESOLVED,0.0
,,Gamevil,,Wikidata,http://www.gamevil.com,2026-09-10T06:52:19.582006+00:00,UNRESOLVED,0.0
,,Mammut,,Wikidata,http://www.mammut.ch,2026-09-10T06:52:19.583696+00:00,UNRESOLVED,0.0
,,Mammut,,Wikidata,https://www.mammut.com/us/en/,2026-09-10T06:52:19.585394+00:00,UNRESOLVED,0.0
,,Vion Food Group,,Wikidata,https://www.vionfoodgroup.com/,2026-09-10T06:52:19.587108+00:00,UNRESOLVED,0.0
,,Korean Stock Exchange,,Wikidata,http://eng.krx.co.kr,2026-09-10T06:52:19.588757+00:00,UNRESOLVED,0.0
,,Korean Stock Exchange,,Wikidata,http://www.krx.co.kr/,2026-09-10T06:52:19.590505+00:00,UNRESOLVED,0.0
,,Alliance Healthcare Deutschland,,Wikidata,http://www.alliance-healthcare.de,2026-09-10T06:52:19.592218+00:00,UNRESOLVED,0.0
,,Kurzweil Music Systems,,Wikidata,http://www.kurzweil.com,2026-09-10T06:52:19.593975+00:00,UNRESOLVED,0.0
,,Knauf,23000,Wikidata,http://www.knauf.com,2026-09-10T06:52:19.595686+00:00,UNRESOLVED,0.0
,,HDC Young Chang,,Wikidata,http://www.ycpiano.co.kr/,2026-09-10T06:52:19.597383+00:00,UNRESOLVED,0.0
,,British Energy,,Wikidata,http://www.british-energy.com/,2026-09-10T06:52:19.599074+00:00,UNRESOLVED,0.0
,,Korea Trade-Investment Promotion Agency,,Wikidata,http://www.kotra.or.kr,2026-09-10T06:52:19.600858+00:00,UNRESOLVED,0.0
,,Far East Broadcasting Company,,Wikidata,https://www.febc.org/,2026-09-10T06:52:19.602596+00:00,UNRESOLVED,0.0
,,Dongkuk Steel,,Wikidata,http://www.dongkuk.co.kr/,2026-09-10T06:52:19.604369+00:00,UNRESOLVED,0.0
,,Deere & Company,67000,Wikidata,https://www.deere.com/,2026-09-10T06:52:19.606065+00:00,UNRESOLVED,0.0
,,Winia Electronics,,Wikidata,https://www.winia-elec.com/english/index.asp,2026-09-10T06:52:19.607786+00:00,UNRESOLVED,0.0
,,Thermo Fisher Scientific Inc.,67816,Wikidata,https://www.thermofisher.com/,2026-09-10T06:52:20.362388+00:00,UNRESOLVED,0.0
,,Wilhelm Schimmel,,Wikidata,http://www.schimmel-piano.de/,2026-09-10T06:52:20.370795+00:00,UNRESOLVED,0.0
,,PLDT,18926,Wikidata,http://main.pldt.com/,2026-09-10T06:52:20.377182+00:00,UNRESOLVED,0.0
,,Home Retail Group,,Wikidata,http://www.homeretailgroup.com,2026-09-10T06:52:20.387891+00:00,UNRESOLVED,0.0
,,Altice USA,13656,Wikidata,https://www.alticeusa.com/,2026-09-10T06:52:20.395201+00:00,UNRESOLVED,0.0
,,FILM Ferrania,,Wikidata,http://www.filmferrania.it,2026-09-10T06:52:20.398927+00:00,UNRESOLVED,0.0
,,EnBW,27899,Wikidata,https://www.enbw.com,2026-09-10T06:52:20.401471+00:00,UNRESOLVED,0.0
,,GeIL,,Wikidata,http://www.geilusa.com,2026-09-10T06:52:20.403287+00:00,UNRESOLVED,0.0
,,Swisscom,21125,Wikidata,https://www.swisscom.ch/,2026-09-10T06:52:20.406411+00:00,UNRESOLVED,0.0
,,Lazard,2523,Wikidata,https://lazard.com/,2026-09-10T06:52:20.407904+00:00,UNRESOLVED,0.0
,,Brasil Kirin,,Wikidata,http://www.brasilkirin.com,2026-09-10T06:52:20.410886+00:00,UNRESOLVED,0.0
,,Visteon,,Wikidata,http://www.visteon.com,2026-09-10T06:52:20.412384+00:00,UNRESOLVED,0.0
,,Brasil Kirin,,Wikidata,http://www.schincariol.com.br/,2026-09-10T06:52:20.414758+00:00,UNRESOLVED,0.0
,,BeaverTails,,Wikidata,https://beavertails.com/,2026-09-10T06:52:20.416218+00:00,UNRESOLVED,0.0
,,Fratelli Alinari,,Wikidata,http://www.alinari.it,2026-09-10T06:52:20.418662+00:00,UNRESOLVED,0.0
,,Mercurial Communications,,Wikidata,http://mcomi.com/,2026-09-10T06:52:20.420052+00:00,UNRESOLVED,0.0
,,Barista,,Wikidata,https://www.barista.co.in/,2026-09-10T06:52:20.422613+00:00,UNRESOLVED,0.0
,,Gutmann,1300,Wikidata,http://www.gutmann.de/,2026-09-10T06:52:20.423835+00:00,UNRESOLVED,0.0
,,Reliant,,Wikidata,http://www.reliant-motors.co.uk/,2026-09-10T06:52:20.426031+00:00,UNRESOLVED,0.0
,,Lamy,353,Wikidata,https://lamy.com/de,2026-09-10T06:52:20.427273+00:00,UNRESOLVED,0.0
,,B. Braun,,Wikidata,http://www.bbraun.com/,2026-09-10T06:52:20.429474+00:00,UNRESOLVED,0.0
,,Lamy,353,Wikidata,https://lamy.com/en,2026-09-10T06:52:20.430658+00:00,UNRESOLVED,0.0
,,Pentaho,,Wikidata,https://www.hitachivantara.com/en-us/products/pentaho-platform/data-integration-analytics.html,2026-09-10T06:52:20.432820+00:00,UNRESOLVED,0.0
,,Lamy,353,Wikidata,https://www.lamy.com/,2026-09-10T06:52:20.434062+00:00,UNRESOLVED,0.0
,,Herpa,180,Wikidata,https://www.herpa.de/,2026-09-10T06:52:20.436296+00:00,UNRESOLVED,0.0
,,Moser,,Wikidata,http://www.moser-glass.com/,2026-09-10T06:52:20.437510+00:00,UNRESOLVED,0.0
,,Dean Foods,,Wikidata,https://www.deanfoods.com/,2026-09-10T06:52:20.439728+00:00,UNRESOLVED,0.0
,,Arcor,,Wikidata,https://www.arcor.de/,2026-09-10T06:52:20.440775+00:00,UNRESOLVED,0.0
,,Cyfrowy Polsat,6086,Wikidata,http://www.cyfrowypolsat.pl/,2026-09-10T06:52:20.443056+00:00,UNRESOLVED,0.0
,,Fushi Copperweld,,Wikidata,http://www.fushicopperweld.com,2026-09-10T06:52:20.444902+00:00,UNRESOLVED,0.0
,,SunPower,8309,Wikidata,https://us.sunpower.com/,2026-09-10T06:52:20.446527+00:00,UNRESOLVED,0.0
,,PBG SA,,Wikidata,http://pbgsa.pl,2026-09-10T06:52:20.447653+00:00,UNRESOLVED,0.0
,,Tangenziale di Napoli,,Wikidata,https://www.tangenzialedinapoli.it/,2026-09-10T06:52:20.449734+00:00,UNRESOLVED,0.0
,,Arctic Cat,,Wikidata,http://www.arcticcat.com,2026-09-10T06:52:20.450852+00:00,UNRESOLVED,0.0
,,Deutz-Fahr,,Wikidata,http://www.deutz-fahr.com/,2026-09-10T06:52:20.452907+00:00,UNRESOLVED,0.0
,,Royal Mail,,Wikidata,https://www.royalmail.com/,2026-09-10T06:52:20.454019+00:00,UNRESOLVED,0.0
,,ING Group,64298,Wikidata,https://ing.com,2026-09-10T06:52:20.456318+00:00,UNRESOLVED,0.0
,,ZiL,,Wikidata,https://amo-zil.ru/,2026-09-10T06:52:20.457313+00:00,UNRESOLVED,0.0
,,TAG Heuer,,Wikidata,https://www.tagheuer.com/,2026-09-10T06:52:20.459530+00:00,UNRESOLVED,0.0
,,Larsen & Toubro,,Wikidata,http://www.larsentoubro.com,2026-09-10T06:52:20.460545+00:00,UNRESOLVED,0.0
,,KNDS Deutschland,10000,Wikidata,https://knds.de/,2026-09-10T06:52:20.462801+00:00,UNRESOLVED,0.0
,,Mitsui Sumitomo Insurance Company,,Wikidata,http://www.ms-ins.com/,2026-09-10T06:52:20.463746+00:00,UNRESOLVED,0.0
,,G-Power,,Wikidata,http://www.g-power.de,2026-09-10T06:52:20.465987+00:00,UNRESOLVED,0.0
,,Ardagh Group,,Wikidata,https://www.ardaghgroup.com/,2026-09-10T06:52:20.466904+00:00,UNRESOLVED,0.0
,,Gruppo API,1500,Wikidata,https://www.gruppoapi.com/,2026-09-10T06:52:20.469082+00:00,UNRESOLVED,0.0
,,Celesc,,Wikidata,https://www.celesc.com.br,2026-09-10T06:52:20.469906+00:00,UNRESOLVED,0.0
,,American Public University System,,Wikidata,https://www.apus.edu,2026-09-10T06:52:20.472426+00:00,UNRESOLVED,0.0
,,MediaKind,900,Wikidata,https://tandbergtv.com,2026-09-10T06:52:20.474670+00:00,UNRESOLVED,0.0
,,Vitra,,Wikidata,https://www.vitra.com/,2026-09-10T06:52:20.476123+00:00,UNRESOLVED,0.0
,,Conad,,Wikidata,https://www.conad.it/,2026-09-10T06:52:20.478567+00:00,UNRESOLVED,0.0
,,Ingenious Media,,Wikidata,http://www.ingeniousmedia.co.uk/,2026-09-10T06:52:20.479883+00:00,UNRESOLVED,0.0
,,Uzbekfilm,,Wikidata,http://www.uzbekkino.uz/studios/1,2026-09-10T06:52:20.481998+00:00,UNRESOLVED,0.0
,,Banca Intesa,,Wikidata,http://www.bancaintesa.it/,2026-09-10T06:52:20.483123+00:00,UNRESOLVED,0.0
,,Arçelik,30000,Wikidata,https://www.arcelik.com.tr/,2026-09-10T06:52:20.485402+00:00,UNRESOLVED,0.0
,,Argillon,,Wikidata,http://www.argillon.de/,2026-09-10T06:52:20.486826+00:00,UNRESOLVED,0.0
,,Hartge,,Wikidata,http://www.hartge.de/,2026-09-10T06:52:20.489234+00:00,UNRESOLVED,0.0
,,Edmodo,,Wikidata,https://www.edmodo.com,2026-09-10T06:52:20.490404+00:00,UNRESOLVED,0.0
,,Rollerblade,,Wikidata,https://www.rollerblade.com/,2026-09-10T06:52:20.492497+00:00,UNRESOLVED,0.0
,,Arts Vision,,Wikidata,https://www.artsvision.co.jp/,2026-09-10T06:52:20.493646+00:00,UNRESOLVED,0.0
,,"COSCO SHIPPING Energy Transportation Co., Ltd.",,Wikidata,http://en.energy.coscoshipping.com,2026-09-10T06:52:20.495418+00:00,UNRESOLVED,0.0
,,Narus,150,Wikidata,http://www.narus.com,2026-09-10T06:52:20.496985+00:00,UNRESOLVED,0.0
,,"COSCO SHIPPING Energy Transportation Co., Ltd.",,Wikidata,https://energy.coscoshipping.com/,2026-09-10T06:52:20.499110+00:00,UNRESOLVED,0.0
,,Tata Motors Ltd,27948,Wikidata,https://www.tatamotors.com/,2026-09-10T06:52:20.500198+00:00,UNRESOLVED,0.0
,,Hudson's Bay,,Wikidata,https://www.thebay.com/,2026-09-10T06:52:20.502412+00:00,UNRESOLVED,0.0
,,Thai Airways,,Wikidata,http://www.thaiairways.com,2026-09-10T06:52:20.503461+00:00,UNRESOLVED,0.0
,,Arena,,Wikidata,https://www.arena-verlag.de/,2026-09-10T06:52:20.506254+00:00,UNRESOLVED,0.0
,,Delta Air Lines,,Wikidata,https://www.delta.com/,2026-09-10T06:52:20.508782+00:00,UNRESOLVED,0.0
,,Arena,,Wikidata,https://www.arenasport.com/,2026-09-10T06:52:20.513054+00:00,UNRESOLVED,0.0
,,Delta Air Lines,,Wikidata,https://de.delta.com/,2026-09-10T06:52:20.514512+00:00,UNRESOLVED,0.0
,,Lennox International,,Wikidata,https://www.lennox.com/,2026-09-10T06:52:20.509805+00:00,UNRESOLVED,0.0
,,Arena One,,Wikidata,http://www.arena-one.com,2026-09-10T06:52:20.518048+00:00,UNRESOLVED,0.0
,,Delta Air Lines,,Wikidata,https://es.delta.com/,2026-09-10T06:52:20.520135+00:00,UNRESOLVED,0.0
,,Celestica,42000,Wikidata,https://www.celestica.com/,2026-09-10T06:52:20.521472+00:00,UNRESOLVED,0.0
,,Arenberg-Meppen GmbH,,Wikidata,http://www.arenberg-meppen.de/,2026-09-10T06:52:20.524054+00:00,UNRESOLVED,0.0
,,Delta Air Lines,,Wikidata,https://fr.delta.com/,2026-09-10T06:52:20.526402+00:00,UNRESOLVED,0.0
,,iStock,,Wikidata,http://www.istockphoto.com,2026-09-10T06:52:20.528411+00:00,UNRESOLVED,0.0
,,John Lobb Bootmaker,,Wikidata,http://www.johnlobb.com,2026-09-10T06:52:20.530234+00:00,UNRESOLVED,0.0
,,Delta Air Lines,,Wikidata,https://it.delta.com/,2026-09-10T06:52:20.532265+00:00,UNRESOLVED,0.0
,,Key-Soft,,Wikidata,http://www.ks.hu/,2026-09-10T06:52:20.533933+00:00,UNRESOLVED,0.0
,,John Lobb Bootmaker,,Wikidata,http://www.johnlobbltd.co.uk/,2026-09-10T06:52:20.536724+00:00,UNRESOLVED,0.0
,,Delta Air Lines,,Wikidata,https://ja.delta.com/,2026-09-10T06:52:20.538447+00:00,UNRESOLVED,0.0
,,Zorlu Holding Company,,Wikidata,http://www.zorlu.com.tr/,2026-09-10T06:52:20.540139+00:00,UNRESOLVED,0.0
,,Maison Louis Latour,,Wikidata,http://www.louislatour.com/,2026-09-10T06:52:20.542853+00:00,UNRESOLVED,0.0
,,Delta Air Lines,,Wikidata,https://pt.delta.com/,2026-09-10T06:52:20.545430+00:00,UNRESOLVED,0.0
,,Zotac,,Wikidata,https://www.zotac.com/,2026-09-10T06:52:20.547155+00:00,UNRESOLVED,0.0
,,Tenaris,26980,Wikidata,https://www.tenaris.com/en,2026-09-10T06:52:20.548762+00:00,UNRESOLVED,0.0
,,Delta Air Lines,,Wikidata,https://zh.delta.com/,2026-09-10T06:52:20.551575+00:00,UNRESOLVED,0.0
,,Zotter,220,Wikidata,http://zotter.at,2026-09-10T06:52:20.553291+00:00,UNRESOLVED,0.0
,,Tenaris,26980,Wikidata,https://www.tenaris.com/es,2026-09-10T06:52:20.555035+00:00,UNRESOLVED,0.0
,,Zellstoff- und Papierfabrik Rosenthal,,Wikidata,http://www.zpr.de,2026-09-10T06:52:20.558053+00:00,UNRESOLVED,0.0
,,365,,Wikidata,http://www.365.is/,2026-09-10T06:52:20.559511+00:00,UNRESOLVED,0.0
,,Medtronic plc,86000,Wikidata,https://www.medtronic.com/,2026-09-10T06:52:20.561325+00:00,UNRESOLVED,0.0
,,Zeman International,,Wikidata,http://zeman-stahl.com,2026-09-10T06:52:20.564913+00:00,UNRESOLVED,0.0
,,Zuckerfabrik Anklam,,Wikidata,http://www.suikerunie.de/,2026-09-10T06:52:20.566615+00:00,UNRESOLVED,0.0
,,F. W. Woolworth Company,,Wikidata,http://www.woolworth.com.mx/,2026-09-10T06:52:20.568563+00:00,UNRESOLVED,0.0
,,Zuegg,,Wikidata,http://www.zuegg.com,2026-09-10T06:52:20.572509+00:00,UNRESOLVED,0.0
,,Perforce Zend,,Wikidata,https://www.zend.com/,2026-09-10T06:52:20.571135+00:00,UNRESOLVED,0.0
,,Zuger Kantonalbank,,Wikidata,https://www.zugerkb.ch,2026-09-10T06:52:20.577654+00:00,UNRESOLVED,0.0
,,The Cigna Group,73800,Wikidata,https://www.cigna.com/,2026-09-10T06:52:20.579045+00:00,UNRESOLVED,0.0
,,ZenithOptimedia,,Wikidata,http://www.zenithmedia.de/,2026-09-10T06:52:20.582742+00:00,UNRESOLVED,0.0
,,3A Composites,,Wikidata,http://www.3acomposites.com/,2026-09-10T06:52:20.583428+00:00,UNRESOLVED,0.0
,,Ciba Vision,6500,Wikidata,http://www.cibavision.de/,2026-09-10T06:52:20.586743+00:00,UNRESOLVED,0.0
,,Zenith,,Wikidata,https://www.zenith-watches.com,2026-09-10T06:52:20.588921+00:00,UNRESOLVED,0.0
,,Cimatron,,Wikidata,http://www.cimatron.com,2026-09-10T06:52:20.592204+00:00,UNRESOLVED,0.0
,,3Com,6000,Wikidata,https://web.archive.org/web/19961023021855/http://www.3com.com/,2026-09-10T06:52:20.591081+00:00,UNRESOLVED,0.0
,,Zenith Electronics,,Wikidata,https://zenith.com/,2026-09-10T06:52:20.596005+00:00,UNRESOLVED,0.0
,,SEAT Pagine Gialle,,Wikidata,http://www.paginegialle.it/,2026-09-10T06:52:20.597608+00:00,UNRESOLVED,0.0
,,3Dconnexion,,Wikidata,http://www.3dconnexion.com/,2026-09-10T06:52:20.600305+00:00,UNRESOLVED,0.0
,,Zenner International,1100,Wikidata,http://www.zenner.com,2026-09-10T06:52:20.602621+00:00,UNRESOLVED,0.0
,,Beriev,,Wikidata,http://www.beriev.com/,2026-09-10T06:52:20.603615+00:00,UNRESOLVED,0.0
,,3Dlabs,,Wikidata,http://ziilabs.com,2026-09-10T06:52:20.605559+00:00,UNRESOLVED,0.0
,,Zenoss,,Wikidata,https://www.zenoss.com/,2026-09-10T06:52:20.608713+00:00,UNRESOLVED,0.0
,,Barceló (rum),,Wikidata,http://www.ron-barcelo.com/,2026-09-10T06:52:20.610702+00:00,UNRESOLVED,0.0
,,3T Cycling,,Wikidata,https://www.3t.bike,2026-09-10T06:52:20.612486+00:00,UNRESOLVED,0.0
,,Zentek,130,Wikidata,http://www.zentek.de/,2026-09-10T06:52:20.614442+00:00,UNRESOLVED,0.0
,,Lebedyansky,,Wikidata,http://www.lebedyansky.com/,2026-09-10T06:52:20.617421+00:00,UNRESOLVED,0.0
,,Zum Schwarzen Kameel,,Wikidata,http://www.kameel.at/,2026-09-10T06:52:20.618450+00:00,UNRESOLVED,0.0
,,Zentis,,Wikidata,http://www.zentis.de,2026-09-10T06:52:20.621634+00:00,UNRESOLVED,0.0
,,Yamasa,,Wikidata,http://www.yamasa.com/,2026-09-10T06:52:20.623701+00:00,UNRESOLVED,0.0
,,Bilfinger Power Systems GmbH,,Wikidata,http://www.power.bilfinger.com/,2026-09-10T06:52:20.626255+00:00,UNRESOLVED,0.0
,,Zentiva,,Wikidata,http://www.zentiva.cz/,2026-09-10T06:52:20.628322+00:00,UNRESOLVED,0.0
,,Miles & More,,Wikidata,https://www.miles-and-more.com/,2026-09-10T06:52:20.629755+00:00,UNRESOLVED,0.0
,,Altri,710,Wikidata,http://en.altri.pt,2026-09-10T06:52:20.632607+00:00,UNRESOLVED,0.0
,,Norwegian Broadcasting Corporation,3400,Wikidata,https://www.nrk.no/,2026-09-10T06:52:20.634736+00:00,UNRESOLVED,0.0
,,Nizhniy Tagil Iron and Steel Works,15467,Wikidata,http://www.ntmk.ru,2026-09-10T06:52:20.637103+00:00,UNRESOLVED,0.0
,,Enstrom Helicopter Corporation,,Wikidata,https://www.enstromhelicopter.com,2026-09-10T06:52:20.638609+00:00,UNRESOLVED,0.0
,,Zentrale für Einkauf und Service,,Wikidata,http://www.zeus-online.de/,2026-09-10T06:52:20.641328+00:00,UNRESOLVED,0.0
,,AOC International,30000,Wikidata,https://aoc.com,2026-09-10T06:52:20.643070+00:00,UNRESOLVED,0.0
,,Altstoff Recycling Austria,,Wikidata,https://www.ara.at/,2026-09-10T06:52:20.645457+00:00,UNRESOLVED,0.0
,,HSBC,219697,Wikidata,https://hsbc.com/,2026-09-10T06:52:20.647725+00:00,UNRESOLVED,0.0
,,Uralsvyazinform,,Wikidata,https://usi.ru/,2026-09-10T06:52:20.649515+00:00,UNRESOLVED,0.0
,,KEBA,,Wikidata,https://www.keba.com,2026-09-10T06:52:20.651675+00:00,UNRESOLVED,0.0
,,Zentralkäserei Mecklenburg-Vorpommern,95,Wikidata,http://www.pommernmilch.de/portal/php/index.php?ID=2179,2026-09-10T06:52:20.654373+00:00,UNRESOLVED,0.0
,,VolgaTelecom,33000,Wikidata,http://www.vt.ru/,2026-09-10T06:52:20.656127+00:00,UNRESOLVED,0.0
,,eDarling,,Wikidata,https://www.edarling.de/,2026-09-10T06:52:20.658319+00:00,UNRESOLVED,0.0
,,Zentralstelle für Kreditinformation,,Wikidata,https://www.zek.ch,2026-09-10T06:52:20.660682+00:00,UNRESOLVED,0.0
,,Lumileds,,Wikidata,http://www.lumileds.com/,2026-09-10T06:52:20.662114+00:00,UNRESOLVED,0.0
,,Gios,,Wikidata,http://www.giostorino.it/,2026-09-10T06:52:20.664503+00:00,UNRESOLVED,0.0
,,Zentropa,,Wikidata,https://zentropa.dk,2026-09-10T06:52:20.666378+00:00,UNRESOLVED,0.0
,,Fraport,18057,Wikidata,http://www.fraport.com,2026-09-10T06:52:20.668102+00:00,UNRESOLVED,0.0
,,Semperit,,Wikidata,http://www.semperit.at,2026-09-10T06:52:20.671348+00:00,UNRESOLVED,0.0
,,Zeppelin Baumaschinen,,Wikidata,https://www.zeppelin-cat.de/,2026-09-10T06:52:20.673036+00:00,UNRESOLVED,0.0
,,Fraport,18057,Wikidata,http://www.fraport.de,2026-09-10T06:52:20.674567+00:00,UNRESOLVED,0.0
,,Semperit,,Wikidata,http://www.semperit.com,2026-09-10T06:52:20.678031+00:00,UNRESOLVED,0.0
,,Zeppelin Luftschiffttechnik,,Wikidata,http://zeppelin-nt.de/de/,2026-09-10T06:52:20.680042+00:00,UNRESOLVED,0.0
,,Aptiv,,Wikidata,https://www.aptiv.com/,2026-09-10T06:52:20.682106+00:00,UNRESOLVED,0.0
,,Maersk A/S,12135,Wikidata,https://www.maersk.com/,2026-09-10T06:52:20.684358+00:00,UNRESOLVED,0.0
,,WarnerMedia,25600,Wikidata,https://www.warnermedia.com/,2026-09-10T06:52:20.686509+00:00,UNRESOLVED,0.0
,,GEA Group,,Wikidata,https://www.gea.com/,2026-09-10T06:52:20.692303+00:00,UNRESOLVED,0.0
,,AIESEC,,Wikidata,https://aiesec.org,2026-09-10T06:52:20.694614+00:00,UNRESOLVED,0.0
,,Ameropa Holding,,Wikidata,http://www.ameropa.com/,2026-09-10T06:52:20.696082+00:00,UNRESOLVED,0.0
,,Alu Menziken,,Wikidata,http://www.alu-menziken.com/,2026-09-10T06:52:20.697249+00:00,UNRESOLVED,0.0
,,Zero,,Wikidata,https://www.zero.de/,2026-09-10T06:52:20.699792+00:00,UNRESOLVED,0.0
,,Amersham plc,,Wikidata,http://www.amersham.com/,2026-09-10T06:52:20.700692+00:00,UNRESOLVED,0.0
,,Alumina Limited,,Wikidata,http://www.aluminalimited.com/,2026-09-10T06:52:20.702375+00:00,UNRESOLVED,0.0
,,Zero Gravity Corporation,,Wikidata,http://www.gozerog.com/,2026-09-10T06:52:20.703903+00:00,UNRESOLVED,0.0
,,Interconnector,,Wikidata,http://www.interconnector.com,2026-09-10T06:52:20.705439+00:00,UNRESOLVED,0.0
,,Zero Halliburton,,Wikidata,http://www.zerohalliburton.com/,2026-09-10T06:52:20.708086+00:00,UNRESOLVED,0.0
,,JPMorgan Chase,271025,Wikidata,https://www.jpmorganchase.com/,2026-09-10T06:52:20.711773+00:00,UNRESOLVED,0.0
,,Czech Airlines,133,Wikidata,https://www.csa.cz/,2026-09-10T06:52:20.714546+00:00,UNRESOLVED,0.0
,,Goldman Sachs,34000,Wikidata,https://www.goldmansachs.com/,2026-09-10T06:52:20.716380+00:00,UNRESOLVED,0.0
,,Aluminerie Alouette,,Wikidata,http://www.alouette.qc.ca,2026-09-10T06:52:20.706783+00:00,UNRESOLVED,0.0
,,Texas Instruments,31000,Wikidata,https://www.ti.com/,2026-09-10T06:52:20.718258+00:00,UNRESOLVED,0.0
,,Aluminum Bahrain,,Wikidata,http://www.albasmelter.com/Pages/default.aspx,2026-09-10T06:52:20.720050+00:00,UNRESOLVED,0.0
,,Texas Instruments,31000,Wikidata,http://ti.com,2026-09-10T06:52:20.721736+00:00,UNRESOLVED,0.0
,,Aluminium-Laufen AG Liesberg,,Wikidata,http://www.alu-laufen.ch/,2026-09-10T06:52:20.722787+00:00,UNRESOLVED,0.0
,,AC Sparta Prague,82,Wikidata,https://sparta.cz/,2026-09-10T06:52:20.724956+00:00,UNRESOLVED,0.0
,,Aluminium Rheinfelden Group,,Wikidata,http://www.alurheinfelden.com/,2026-09-10T06:52:20.725971+00:00,UNRESOLVED,0.0
,,SpaceX,22000,Wikidata,https://spacex.com,2026-09-10T06:52:20.728091+00:00,UNRESOLVED,0.0
,,Aluminium Rheinfelden Group,,Wikidata,http://www.rheinfelden-carbon.com,2026-09-10T06:52:20.729168+00:00,UNRESOLVED,0.0
,,Guinness,,Wikidata,https://www.guinness.com/,2026-09-10T06:52:20.731343+00:00,UNRESOLVED,0.0
,,Aluminium Rheinfelden Group,,Wikidata,http://www.rheinfelden-semis.eu/,2026-09-10T06:52:20.732352+00:00,UNRESOLVED,0.0
,,American Express,64000,Wikidata,https://www.americanexpress.com/,2026-09-10T06:52:20.734479+00:00,UNRESOLVED,0.0
,,Aluminium Oxid Stade,,Wikidata,http://www.aos-stade.de,2026-09-10T06:52:20.735543+00:00,UNRESOLVED,0.0
,,SK Slavia Prague,230,Wikidata,https://www.slavia.cz/,2026-09-10T06:52:20.737789+00:00,UNRESOLVED,0.0
,,Aluminum Corporation of China,,Wikidata,http://www.chalco.com.cn/,2026-09-10T06:52:20.738749+00:00,UNRESOLVED,0.0
,,Banco de Valencia,,Wikidata,http://www.bancodevalencia.es,2026-09-10T06:52:20.740840+00:00,UNRESOLVED,0.0
,,VDO,,Wikidata,http://www.vdo.de/,2026-09-10T06:52:20.742652+00:00,UNRESOLVED,0.0
,,Digimind,,Wikidata,http://www.digimind.com,2026-09-10T06:52:20.744371+00:00,UNRESOLVED,0.0
,,Aluplast,,Wikidata,https://www.aluplast.net/,2026-09-10T06:52:20.745431+00:00,UNRESOLVED,0.0
,,MSG Systems,,Wikidata,https://www.msg.group/,2026-09-10T06:52:20.747666+00:00,UNRESOLVED,0.0
,,Center Parcs,,Wikidata,https://www.centerparcs.eu/,2026-09-10T06:52:20.748618+00:00,UNRESOLVED,0.0
,,BC Partners,,Wikidata,http://www.bcpartners.com,2026-09-10T06:52:20.750788+00:00,UNRESOLVED,0.0
,,Federal Home Loan Banks,,Wikidata,https://fhlbanks.com,2026-09-10T06:52:20.752575+00:00,UNRESOLVED,0.0
,,Beckhoff Group,,Wikidata,http://www.elektro-beckhoff.de/global/,2026-09-10T06:52:20.754224+00:00,UNRESOLVED,0.0
,,Alvarez and Marsal,,Wikidata,http://www.alvarezandmarsal.com,2026-09-10T06:52:20.755296+00:00,UNRESOLVED,0.0
,,RusRating,,Wikidata,http://www.rusrating.ru/en/index.php,2026-09-10T06:52:20.757425+00:00,UNRESOLVED,0.0
,,PostFinance,,Wikidata,https://www.postfinance.ch/de/,2026-09-10T06:52:20.758464+00:00,UNRESOLVED,0.0
,,New Kabul Bank,,Wikidata,http://newkabulbank.af/,2026-09-10T06:52:20.760623+00:00,UNRESOLVED,0.0
,,PostFinance,,Wikidata,https://www.postfinance.ch/en/,2026-09-10T06:52:20.761598+00:00,UNRESOLVED,0.0
,,NetEase,10004,Wikidata,https://www.163.com/,2026-09-10T06:52:20.763717+00:00,UNRESOLVED,0.0
,,PostFinance,,Wikidata,https://www.postfinance.ch/fr/,2026-09-10T06:52:20.765749+00:00,UNRESOLVED,0.0
,,Seoul Metropolitan Rapid Transit Corporation,,Wikidata,http://www.smrt.co.kr/,2026-09-10T06:52:20.766848+00:00,UNRESOLVED,0.0
,,PostFinance,,Wikidata,https://www.postfinance.ch/it/,2026-09-10T06:52:20.768966+00:00,UNRESOLVED,0.0
,,Zertus,,Wikidata,http://www.zertus.de/,2026-09-10T06:52:20.770094+00:00,UNRESOLVED,0.0
,,Hypothekenbank Frankfurt,291,Wikidata,https://www.commerzbank.de/konzern/portale/lsf-loan-solutions-frankfurt/index.html,2026-09-10T06:52:20.772147+00:00,UNRESOLVED,0.0
,,ZE PAK,5209,Wikidata,https://www.zepak.com.pl/,2026-09-10T06:52:20.773244+00:00,UNRESOLVED,0.0
,,DG Flugzeugbau,,Wikidata,http://www.dg-flugzeugbau.de/index.php?id=1329,2026-09-10T06:52:20.775386+00:00,UNRESOLVED,0.0
,,Zgonc,,Wikidata,http://www.zgonc.at/,2026-09-10T06:52:20.776584+00:00,UNRESOLVED,0.0
,,Vorwerk,,Wikidata,http://www.vorwerk.de/,2026-09-10T06:52:20.778725+00:00,UNRESOLVED,0.0
,,Userfarm,,Wikidata,http://www.userfarm.com,2026-09-10T06:52:20.779815+00:00,UNRESOLVED,0.0
,,Vorwerk,,Wikidata,https://www.folletto.vorwerk.it,2026-09-10T06:52:20.781970+00:00,UNRESOLVED,0.0
,,Central Bank of the Republic of China,,Wikidata,https://www.cbc.gov.tw/,2026-09-10T06:52:20.783007+00:00,UNRESOLVED,0.0
,,Vorwerk,,Wikidata,https://www.vorwerk.com/,2026-09-10T06:52:20.785220+00:00,UNRESOLVED,0.0
,,Ziegler,,Wikidata,https://www.ziegler.de/,2026-09-10T06:52:20.786149+00:00,UNRESOLVED,0.0
,,Neckermann,,Wikidata,http://www.neckermann.de/,2026-09-10T06:52:20.788511+00:00,UNRESOLVED,0.0
,,Ziehl-Abegg SE,,Wikidata,http://www.ziehl-abegg.com/,2026-09-10T06:52:20.789231+00:00,UNRESOLVED,0.0
,,Norma,14679,Wikidata,https://www.norma-online.de/,2026-09-10T06:52:20.791875+00:00,UNRESOLVED,0.0
,,Zielpunkt,2400,Wikidata,http://www.zielpunkt.at/,2026-09-10T06:52:20.793717+00:00,UNRESOLVED,0.0
,,Norma,14679,Wikidata,https://www.norma.fr/,2026-09-10T06:52:20.794503+00:00,UNRESOLVED,0.0
,,Ziemann (Unternehmen),,Wikidata,https://www.ziemann-holvrieka.com/,2026-09-10T06:52:20.796886+00:00,UNRESOLVED,0.0
,,Alyeska Pipeline Service Company,,Wikidata,https://www.alyeska-pipe.com/,2026-09-10T06:52:20.798698+00:00,UNRESOLVED,0.0
,,Ziemann Sicherheit,,Wikidata,http://ziemann-gruppe.de,2026-09-10T06:52:20.800315+00:00,UNRESOLVED,0.0
,,Jenoptik,,Wikidata,http://www.jenoptik.com,2026-09-10T06:52:20.801465+00:00,UNRESOLVED,0.0
,,Entel Chile,4505,Wikidata,https://www.entel.cl,2026-09-10T06:52:20.804608+00:00,UNRESOLVED,0.0
,,Alytaus tekstilė,,Wikidata,http://www.tekstile.lt/index.html,2026-09-10T06:52:20.807500+00:00,UNRESOLVED,0.0
,,AlzChem,1400,Wikidata,http://www.alzchem.de/,2026-09-10T06:52:20.809257+00:00,UNRESOLVED,0.0
,,Dockwise,,Wikidata,http://www.dockwise.com/,2026-09-10T06:52:20.811028+00:00,UNRESOLVED,0.0
,,Scotiabank,89000,Wikidata,https://www.scotiabank.com/,2026-09-10T06:52:20.812820+00:00,UNRESOLVED,0.0
,,EPCOS,17900,Wikidata,http://www.epcos.com/,2026-09-10T06:52:20.814690+00:00,UNRESOLVED,0.0
,,Selle Royal,,Wikidata,http://www.selleroyal.com/,2026-09-10T06:52:20.816516+00:00,UNRESOLVED,0.0
,,Amada Co,,Wikidata,http://www.amada.co.jp/english/index.html,2026-09-10T06:52:20.818398+00:00,UNRESOLVED,0.0
,,Amadeus Germany,,Wikidata,http://www.de.amadeus.com,2026-09-10T06:52:20.820202+00:00,UNRESOLVED,0.0
,,Takeuchi Manufacturing,,Wikidata,https://www.takeuchiglobal.com/,2026-09-10T06:52:20.822023+00:00,UNRESOLVED,0.0
,,Germanischer Lloyd SE,,Wikidata,http://www.dnv.de,2026-09-10T06:52:20.823826+00:00,UNRESOLVED,0.0
,,Hella,37448,Wikidata,https://www.hellaservicepartner.dk/,2026-09-10T06:52:20.825637+00:00,UNRESOLVED,0.0
,,Hella,37448,Wikidata,http://www.hella.com,2026-09-10T06:52:20.827474+00:00,UNRESOLVED,0.0
,,P&O Nedlloyd,,Wikidata,http://www.ponl.com,2026-09-10T06:52:20.829174+00:00,UNRESOLVED,0.0
,,Steingraeber & Söhne,,Wikidata,http://www.steingraeber.de,2026-09-10T06:52:20.831037+00:00,UNRESOLVED,0.0
,,Empacher,,Wikidata,https://www.empacher.com/,2026-09-10T06:52:20.832947+00:00,UNRESOLVED,0.0
,,Lao Brewery Company,,Wikidata,http://www.beerlao.la,2026-09-10T06:52:20.834760+00:00,UNRESOLVED,0.0
,,Constructa,,Wikidata,https://www.constructa.com/,2026-09-10T06:52:20.836581+00:00,UNRESOLVED,0.0
,,Faber-Castell,,Wikidata,https://www.faber-castell.de/,2026-09-10T06:52:20.838395+00:00,UNRESOLVED,0.0
,,Faber-Castell,,Wikidata,https://www.faber-castell.com/,2026-09-10T06:52:20.840253+00:00,UNRESOLVED,0.0
,,Amati Kraslice,100,Wikidata,http://www.amati.cz/,2026-09-10T06:52:20.842023+00:00,UNRESOLVED,0.0
,,Austrian Mint,,Wikidata,https://www.muenzeoesterreich.at/,2026-09-10T06:52:20.843930+00:00,UNRESOLVED,0.0
,,Austrian Mint,,Wikidata,https://www.muenzeoesterreich.at/eng,2026-09-10T06:52:20.845763+00:00,UNRESOLVED,0.0
,,Amazon Web Services,,Wikidata,https://aws.amazon.com/,2026-09-10T06:52:20.847592+00:00,UNRESOLVED,0.0
,,Direct Rail Services,,Wikidata,https://www.directrailservices.com/,2026-09-10T06:52:20.849394+00:00,UNRESOLVED,0.0
,,Dynaudio,200,Wikidata,https://www.dynaudio.com,2026-09-10T06:52:20.851292+00:00,UNRESOLVED,0.0
,,Völkl,,Wikidata,http://voelkl.com,2026-09-10T06:52:20.853032+00:00,UNRESOLVED,0.0
,,Münchner Verkehrsgesellschaft mbH (MVG),794,Wikidata,https://www.mvg.de/,2026-09-10T06:52:20.854920+00:00,UNRESOLVED,0.0
,,Rowenta,,Wikidata,https://www.rowenta.com/,2026-09-10T06:52:25.804003+00:00,UNRESOLVED,0.0
,,Rowenta,,Wikidata,https://www.rowenta.cz/,2026-09-10T06:52:25.810552+00:00,UNRESOLVED,0.0
,,Rowenta,,Wikidata,https://www.rowenta.de/,2026-09-10T06:52:25.816904+00:00,UNRESOLVED,0.0
,,Rowenta,,Wikidata,https://www.rowenta.fr/,2026-09-10T06:52:25.822573+00:00,UNRESOLVED,0.0
,,Rowenta,,Wikidata,https://www.rowenta.be,2026-09-10T06:52:25.828124+00:00,UNRESOLVED,0.0
,,Cedar Fair,,Wikidata,http://www.cedarfair.com,2026-09-10T06:52:25.844287+00:00,UNRESOLVED,0.0
,,Lucas Bols,,Wikidata,https://bols.com,2026-09-10T06:52:25.849008+00:00,UNRESOLVED,0.0
,,Berna Biotech,,Wikidata,http://www.bernabiotech.ch,2026-09-10T06:52:25.853266+00:00,UNRESOLVED,0.0
,,Nomura Group,,Wikidata,http://www.nomura.com,2026-09-10T06:52:25.856347+00:00,UNRESOLVED,0.0
,,K+S,14295,Wikidata,https://www.kpluss.com/,2026-09-10T06:52:25.859371+00:00,UNRESOLVED,0.0
,,Vilnius University,5358,Wikidata,https://www.vu.lt/,2026-09-10T06:52:25.862123+00:00,UNRESOLVED,0.0
,,UAZ,,Wikidata,https://www.uaz.ru/,2026-09-10T06:52:25.864474+00:00,UNRESOLVED,0.0
,,Sunseeker,,Wikidata,http://www.sunseeker.com,2026-09-10T06:52:25.866860+00:00,UNRESOLVED,0.0
,,Institut für Integrierte Produktion Hannover,,Wikidata,http://www.iph-hannover.de/node/70,2026-09-10T06:52:25.869268+00:00,UNRESOLVED,0.0
,,Piaget,,Wikidata,https://www.piaget.com/,2026-09-10T06:52:25.871526+00:00,UNRESOLVED,0.0
,,Starchaser Industries,,Wikidata,http://www.starchaser.co.uk,2026-09-10T06:52:25.873746+00:00,UNRESOLVED,0.0
,,Patek Philippe & Co.,2688,Wikidata,https://www.patek.com/,2026-09-10T06:52:25.876170+00:00,UNRESOLVED,0.0
,,Rollei,,Wikidata,http://www.rollei.com/,2026-09-10T06:52:26.218871+00:00,UNRESOLVED,0.0
,,Hypo Group Alpe Adria,6576,Wikidata,http://www.hypo-alpe-adria.com/,2026-09-10T06:52:26.225490+00:00,UNRESOLVED,0.0
,,Moët & Chandon,,Wikidata,https://www.moet.com,2026-09-10T06:52:26.230172+00:00,UNRESOLVED,0.0
,,Diamond Aircraft Industries,,Wikidata,https://www.diamondaircraft.com/,2026-09-10T06:52:26.234558+00:00,UNRESOLVED,0.0
,,Girolamo Luxardo S.p.A,,Wikidata,http://www.luxardo.it,2026-09-10T06:52:26.238096+00:00,UNRESOLVED,0.0
,,De La Rue,2311,Wikidata,https://www.delarue.com/,2026-09-10T06:52:26.241485+00:00,UNRESOLVED,0.0
,,MediaTek,17377,Wikidata,https://www.mediatek.com/,2026-09-10T06:52:26.244060+00:00,UNRESOLVED,0.0
,,Schiedel,,Wikidata,http://www.schiedel.com/,2026-09-10T06:52:26.246642+00:00,UNRESOLVED,0.0
,,Winbond,8900,Wikidata,http://www.winbond.com/,2026-09-10T06:52:26.249076+00:00,UNRESOLVED,0.0
,,Howaldtswerke-Deutsche Werft,2400,Wikidata,http://www.hdw.de/,2026-09-10T06:52:26.251332+00:00,UNRESOLVED,0.0
,,China Television,,Wikidata,http://www.ctv.com.tw/,2026-09-10T06:52:26.253411+00:00,UNRESOLVED,0.0
,,Josef Manner & Comp AG,734,Wikidata,https://www.manner.com/,2026-09-10T06:52:26.255645+00:00,UNRESOLVED,0.0
,,Biostar Microtech International,,Wikidata,https://www.biostar.com.tw/,2026-09-10T06:52:26.257697+00:00,UNRESOLVED,0.0
,,Liebig's Extract of Meat Company,,Wikidata,https://www.liebig.fr,2026-09-10T06:52:26.259750+00:00,UNRESOLVED,0.0
,,Viessmann,,Wikidata,http://www.viessmann.de/,2026-09-10T06:52:26.261862+00:00,UNRESOLVED,0.0
,,Trodat,,Wikidata,http://www.trodat.net/,2026-09-10T06:52:26.263809+00:00,UNRESOLVED,0.0
,,Pacific Sogo,,Wikidata,http://www.sogo.com.tw/,2026-09-10T06:52:26.265607+00:00,UNRESOLVED,0.0
,,Jan Becher – Karlovarská Becherovka,113,Wikidata,https://becherovka.com,2026-09-10T06:52:26.267494+00:00,UNRESOLVED,0.0
,,Meinl Percussion,,Wikidata,https://meinlpercussion.com/en/home,2026-09-10T06:52:26.269404+00:00,UNRESOLVED,0.0
,,Eurofighter Jagdflugzeug GmbH,416,Wikidata,http://www.eurofighter.com,2026-09-10T06:52:26.271385+00:00,UNRESOLVED,0.0
,,Trend Micro,,Wikidata,https://www.trendmicro.com/,2026-09-10T06:52:26.273358+00:00,UNRESOLVED,0.0
,,BDO International,,Wikidata,https://www.bdo.global,2026-09-10T06:52:26.275274+00:00,UNRESOLVED,0.0
,,GfK,8232,Wikidata,http://www.gfk.com/,2026-09-10T06:52:26.277280+00:00,UNRESOLVED,0.0
,,ING,,Wikidata,https://www.ing.es/,2026-09-10T06:52:26.279162+00:00,UNRESOLVED,0.0
,,ING,,Wikidata,https://www.ing.it,2026-09-10T06:52:26.281022+00:00,UNRESOLVED,0.0
,,Petrof,161,Wikidata,https://www.petrof.cz/,2026-09-10T06:52:26.282847+00:00,UNRESOLVED,0.0
,,Hypo Real Estate,,Wikidata,https://www.hyporealestate.com/,2026-09-10T06:52:26.284688+00:00,UNRESOLVED,0.0
,,C&A,27000,Wikidata,https://www.c-and-a.com/,2026-09-10T06:52:26.286540+00:00,UNRESOLVED,0.0
,,Schrack Technik,,Wikidata,http://www.schrack-technik.de/,2026-09-10T06:52:26.288388+00:00,UNRESOLVED,0.0
,,Technical Group Laboratory,,Wikidata,https://www.tgl.co.jp/,2026-09-10T06:52:26.290109+00:00,UNRESOLVED,0.0
,,Zippel Maschinenfabrik,,Wikidata,http://www.zippel.com/,2026-09-10T06:52:26.291879+00:00,UNRESOLVED,0.0
,,Oriental Brewery,,Wikidata,http://www.ob.co.kr/,2026-09-10T06:52:26.293693+00:00,UNRESOLVED,0.0
,,Micrografx,,Wikidata,http://www.igrafx.com,2026-09-10T06:52:26.295517+00:00,UNRESOLVED,0.0
,,Zirkus Probst,,Wikidata,http://www.zirkusprobst.com/,2026-09-10T06:52:26.297251+00:00,UNRESOLVED,0.0
,,Karl E. Brinkmann GmbH,,Wikidata,http://www.keb.de/,2026-09-10T06:52:26.299080+00:00,UNRESOLVED,0.0
,,OTE,21086,Wikidata,http://www.ote.gr,2026-09-10T06:52:26.300946+00:00,UNRESOLVED,0.0
,,Pfizer,88300,Wikidata,https://www.pfizer.com/,2026-09-10T06:52:26.302811+00:00,UNRESOLVED,0.0
,,ZLIN AERO,138,Wikidata,http://zlinaircraft.eu/,2026-09-10T06:52:26.304677+00:00,UNRESOLVED,0.0
,,Velcro,3500,Wikidata,http://velcro.com,2026-09-10T06:52:26.306485+00:00,UNRESOLVED,0.0
,,Pirelli,29915,Wikidata,https://www.pirelli.com/,2026-09-10T06:52:26.308308+00:00,UNRESOLVED,0.0
,,EL AL Israel Airlines Ltd.,,Wikidata,https://www.elal.co.il,2026-09-10T06:52:26.310130+00:00,UNRESOLVED,0.0
,,Bush Brothers and Company,,Wikidata,http://www.bushbeans.com/,2026-09-10T06:52:26.311945+00:00,UNRESOLVED,0.0
,,China Southern Power Grid,,Wikidata,http://www.csg.cn/,2026-09-10T06:52:26.313813+00:00,UNRESOLVED,0.0
,,State Grid Corporation of China,1581000,Wikidata,http://www.sgcc.com.cn/,2026-09-10T06:52:26.315700+00:00,UNRESOLVED,0.0
,,Alpa,,Wikidata,http://www.alpa.ch/,2026-09-10T06:52:26.317504+00:00,UNRESOLVED,0.0
,,Petrobras,52000,Wikidata,https://www.petrobras.com.br,2026-09-10T06:52:26.319391+00:00,UNRESOLVED,0.0
,,Gibson Brands,,Wikidata,https://www.gibson.com/,2026-09-10T06:52:26.321189+00:00,UNRESOLVED,0.0
,,Focus Media Holding,,Wikidata,http://www.focusmedia.cn/en/index.htm,2026-09-10T06:52:26.323127+00:00,UNRESOLVED,0.0
,,GASTAR,,Wikidata,http://www.gastar.co.jp/,2026-09-10T06:52:26.324947+00:00,UNRESOLVED,0.0
,,Computacenter,,Wikidata,http://www.computacenter.com,2026-09-10T06:52:26.326703+00:00,UNRESOLVED,0.0
,,Invensys,,Wikidata,http://www.invensys.com,2026-09-10T06:52:26.328474+00:00,UNRESOLVED,0.0
,,ASOS,,Wikidata,https://www.asos.com,2026-09-10T06:52:26.330447+00:00,UNRESOLVED,0.0
,,FANUC,8675,Wikidata,https://www.fanuc.co.jp/index.html,2026-09-10T06:52:26.332361+00:00,UNRESOLVED,0.0
,,FANUC,8675,Wikidata,https://www.fanucamerica.com/,2026-09-10T06:52:26.334192+00:00,UNRESOLVED,0.0
,,American International Group,26200,Wikidata,https://www.aig.com,2026-09-10T06:52:26.336411+00:00,UNRESOLVED,0.0
,,SkyTeam,,Wikidata,http://www.skyteam.com/,2026-09-10T06:52:26.338450+00:00,UNRESOLVED,0.0
,,Pro Wrestling Zero1,,Wikidata,http://www.z-1.co.jp/,2026-09-10T06:52:26.340276+00:00,UNRESOLVED,0.0
,,Procter & Gamble,105000,Wikidata,http://www.pg.com/,2026-09-10T06:52:26.342086+00:00,UNRESOLVED,0.0
,,Avaya,13000,Wikidata,http://www.avaya.com/,2026-09-10T06:52:26.343833+00:00,UNRESOLVED,0.0
,,Credo Reference,,Wikidata,http://corp.credoreference.com/,2026-09-10T06:52:26.345663+00:00,UNRESOLVED,0.0
,,Accor,19198,Wikidata,https://all.accor.com/,2026-09-10T06:52:26.347505+00:00,UNRESOLVED,0.0
,,Hoffmann-La Roche,,Wikidata,https://www.roche.com/,2026-09-10T06:52:26.349257+00:00,UNRESOLVED,0.0
,,Lehman Brothers,26200,Wikidata,http://www.lehman.com,2026-09-10T06:52:26.351027+00:00,UNRESOLVED,0.0
,,Pepephone,,Wikidata,https://www.pepephone.com/,2026-09-10T06:52:26.352933+00:00,UNRESOLVED,0.0
,,ATI Technologies,2700,Wikidata,http://ati.amd.com/,2026-09-10T06:52:26.354721+00:00,UNRESOLVED,0.0
,,Viacom,11200,Wikidata,http://www.viacom.com/,2026-09-10T06:52:26.357216+00:00,UNRESOLVED,0.0
,,ConocoPhillips,10800,Wikidata,https://www.conocophillips.com/,2026-09-10T06:52:26.359225+00:00,UNRESOLVED,0.0
,,Volvo Cars,28485,Wikidata,https://www.volvocars.com/,2026-09-10T06:52:26.361111+00:00,UNRESOLVED,0.0
,,Sveriges Television,,Wikidata,https://svt.se,2026-09-10T06:52:26.362975+00:00,UNRESOLVED,0.0
,,Opera,538,Wikidata,https://www.opera.com/,2026-09-10T06:52:26.364792+00:00,UNRESOLVED,0.0
,,JVC,,Wikidata,http://www.jvc.net/,2026-09-10T06:52:26.366613+00:00,UNRESOLVED,0.0
,,JVC,,Wikidata,https://www.jvc.com/jp/,2026-09-10T06:52:26.368438+00:00,UNRESOLVED,0.0
,,Rural Electrification Corporation Limited,,Wikidata,http://recindia.nic.in/,2026-09-10T06:52:26.370211+00:00,UNRESOLVED,0.0
,,24SevenOffice,150,Wikidata,https://24sevenoffice.com,2026-09-10T06:52:26.372011+00:00,UNRESOLVED,0.0
,,24SevenOffice,150,Wikidata,https://24sevenoffice.com/sv,2026-09-10T06:52:26.373760+00:00,UNRESOLVED,0.0
,,Berkshire Hathaway,360000,Wikidata,https://www.berkshirehathaway.com/,2026-09-10T06:52:26.375585+00:00,UNRESOLVED,0.0
,,Vespa,,Wikidata,https://www.vespa.com/,2026-09-10T06:52:26.377409+00:00,UNRESOLVED,0.0
,,RCA Corporation,,Wikidata,http://www.rca.com,2026-09-10T06:52:26.379332+00:00,UNRESOLVED,0.0
,,Chanel,,Wikidata,https://www.chanel.com,2026-09-10T06:52:26.381133+00:00,UNRESOLVED,0.0
,,Zodiac Marine & Pool,,Wikidata,https://www.zodiac.fr,2026-09-10T06:52:26.382986+00:00,UNRESOLVED,0.0
,,Zollern GmbH,,Wikidata,http://www.zollern.de/,2026-09-10T06:52:26.384760+00:00,UNRESOLVED,0.0
,,GE Transportation,10000,Wikidata,http://www.getransportation.com,2026-09-10T06:52:26.386559+00:00,UNRESOLVED,0.0
,,Blohm+Voss,689,Wikidata,https://nvl.de/en/shipyards-and-docks/blohmvoss,2026-09-10T06:52:26.388385+00:00,UNRESOLVED,0.0
,,Zollner,,Wikidata,http://www.zollner.de,2026-09-10T06:52:26.390265+00:00,UNRESOLVED,0.0
,,Christie's International Real Estate,,Wikidata,http://www.christiesrealestate.com,2026-09-10T06:52:26.391993+00:00,UNRESOLVED,0.0
,,NEC,,Wikidata,https://www.nec.com/,2026-09-10T06:52:26.393801+00:00,UNRESOLVED,0.0
,,Saab Group,22000,Wikidata,https://www.saab.com/,2026-09-10T06:52:26.395616+00:00,UNRESOLVED,0.0
,,Citigroup,219000,Wikidata,http://www.citigroup.com/,2026-09-10T06:52:26.397467+00:00,UNRESOLVED,0.0
,,BlackRock,19800,Wikidata,https://www.blackrock.com,2026-09-10T06:52:26.399303+00:00,UNRESOLVED,0.0
,,HypoVereinsbank,13405,Wikidata,https://www.hypovereinsbank.de,2026-09-10T06:52:26.401102+00:00,UNRESOLVED,0.0
,,Rockwell Collins,,Wikidata,https://www.rockwellcollins.com/,2026-09-10T06:52:26.478520+00:00,UNRESOLVED,0.0
,,Rosenthal,,Wikidata,http://www.rosenthal.de/,2026-09-10T06:52:26.482676+00:00,UNRESOLVED,0.0
,,Magna International,108000,Wikidata,https://www.magna.com/,2026-09-10T06:52:26.485829+00:00,UNRESOLVED,0.0
,,Giesecke+Devrient,11300,Wikidata,http://www.gi-de.com,2026-09-10T06:52:26.490634+00:00,UNRESOLVED,0.0
,,zoome,,Wikidata,http://www.zoome.jp,2026-09-10T06:52:26.493129+00:00,UNRESOLVED,0.0
,,Digium,,Wikidata,https://www.digium.com,2026-09-10T06:52:26.497851+00:00,UNRESOLVED,0.0
,,Sonor,,Wikidata,https://www.sonor.com/,2026-09-10T06:52:26.499898+00:00,UNRESOLVED,0.0
,,Canadian Broadcasting Corporation,,Wikidata,https://cbc.radio-canada.ca/,2026-09-10T06:52:26.503378+00:00,UNRESOLVED,0.0
,,Palfinger,12058,Wikidata,http://www.palfinger.com/,2026-09-10T06:52:26.505595+00:00,UNRESOLVED,0.0
,,ITT Corporation,10000,Wikidata,https://itt.com,2026-09-10T06:52:26.507276+00:00,UNRESOLVED,0.0
,,Bank Austria,35534,Wikidata,https://www.bankaustria.at,2026-09-10T06:52:26.509767+00:00,UNRESOLVED,0.0
,,ZMP INC.,,Wikidata,http://www.zmp.co.jp,2026-09-10T06:52:26.511165+00:00,UNRESOLVED,0.0
,,Gigabyte Technology,7100,Wikidata,http://tw.giga-byte.com/,2026-09-10T06:52:26.513873+00:00,UNRESOLVED,0.0
,,"ALPICO TAXI Co., Ltd.",,Wikidata,http://www.alpico.co.jp/taxi/,2026-09-10T06:52:26.515152+00:00,UNRESOLVED,0.0
,,Gigabyte Technology,7100,Wikidata,https://www.gigabyte.com/,2026-09-10T06:52:26.517172+00:00,UNRESOLVED,0.0
,,Süd-Chemie,,Wikidata,http://www.sud-chemie.com/,2026-09-10T06:52:26.518936+00:00,UNRESOLVED,0.0
,,MACO Door & Window,,Wikidata,http://www.maco.at/,2026-09-10T06:52:26.520718+00:00,UNRESOLVED,0.0
,,Playtech,7400,Wikidata,https://www.playtech.com/,2026-09-10T06:52:26.522298+00:00,UNRESOLVED,0.0
,,Aroma SA,,Wikidata,http://www.aroma.md/,2026-09-10T06:52:26.524470+00:00,UNRESOLVED,0.0
,,Snam,,Wikidata,http://www.snam.it,2026-09-10T06:52:26.525621+00:00,UNRESOLVED,0.0
,,Koh-i-Noor Hardtmuth,640,Wikidata,https://www.koh-i-noor.cz/,2026-09-10T06:52:26.527803+00:00,UNRESOLVED,0.0
,,Vale,,Wikidata,http://www.vale.com,2026-09-10T06:52:26.528959+00:00,UNRESOLVED,0.0
,,Maḥmīyat Umm al-Rayḥān,,Wikidata,https://www.magna.com/company/company-information/magna-groups/magna-steyr,2026-09-10T06:52:26.531161+00:00,UNRESOLVED,0.0
,,Ignitis,4688,Wikidata,https://ignitisgrupe.lt/,2026-09-10T06:52:26.532495+00:00,UNRESOLVED,0.0
,,Yue Yuen Industrial Holdings,,Wikidata,http://www.yueyuen.com/,2026-09-10T06:52:26.534256+00:00,UNRESOLVED,0.0
,,Fodera,,Wikidata,http://www.fodera.com/,2026-09-10T06:52:26.535749+00:00,UNRESOLVED,0.0
,,Sino Land,,Wikidata,http://www.sino-land.com/,2026-09-10T06:52:26.537299+00:00,UNRESOLVED,0.0
,,Daido Steel,,Wikidata,http://www.daido.co.jp/,2026-09-10T06:52:26.539335+00:00,UNRESOLVED,0.0
,,Metro Broadcast Corporation,,Wikidata,http://www.metroradio.com.hk/,2026-09-10T06:52:26.540439+00:00,UNRESOLVED,0.0
,,Safra National Bank of New York,,Wikidata,http://www.safra.com/,2026-09-10T06:52:26.542617+00:00,UNRESOLVED,0.0
,,Wiener Boerse AG,160,Wikidata,https://www.wienerboerse.at,2026-09-10T06:52:26.543732+00:00,UNRESOLVED,0.0
,,Baskin-Robbins,,Wikidata,https://www.baskinrobbins.com/,2026-09-10T06:52:26.545818+00:00,UNRESOLVED,0.0
,,Frey Wille,,Wikidata,http://www.freywille.com,2026-09-10T06:52:26.546923+00:00,UNRESOLVED,0.0
,,Boss Corporation,,Wikidata,https://www.boss.info/global/,2026-09-10T06:52:26.548967+00:00,UNRESOLVED,0.0
,,Karmann,,Wikidata,https://www.karmann-mobil.de,2026-09-10T06:52:26.550182+00:00,UNRESOLVED,0.0
,,Antofagasta plc,5637,Wikidata,https://www.antofagasta.co.uk/,2026-09-10T06:52:26.552241+00:00,UNRESOLVED,0.0
,,Red Bull GmbH,11886,Wikidata,http://www.redbull.com,2026-09-10T06:52:26.553355+00:00,UNRESOLVED,0.0
,,Ibiden,,Wikidata,http://www.ibiden.co.jp/,2026-09-10T06:52:26.555418+00:00,UNRESOLVED,0.0
,,Kneissl,21,Wikidata,http://www.kneissl.com,2026-09-10T06:52:26.556687+00:00,UNRESOLVED,0.0
,,Magyar Pénzverő Zrt.,,Wikidata,https://penzvero.hu/,2026-09-10T06:52:26.558797+00:00,UNRESOLVED,0.0
,,Broadcasting Corporation of China,,Wikidata,https://www.bcc.com.tw/,2026-09-10T06:52:26.560041+00:00,UNRESOLVED,0.0
,,Ningbo Bird,,Wikidata,http://www.nbbird.com/,2026-09-10T06:52:26.561707+00:00,UNRESOLVED,0.0
,,Japan Entertainment Television,,Wikidata,http://www.jettv.com.tw/,2026-09-10T06:52:26.563441+00:00,UNRESOLVED,0.0
,,NGK,,Wikidata,http://www.ngkntk.co.jp/english/index.html,2026-09-10T06:52:26.565570+00:00,UNRESOLVED,0.0
,,Fazioli,,Wikidata,http://www.fazioli.com,2026-09-10T06:52:26.569378+00:00,UNRESOLVED,0.0
,,CARE International,,Wikidata,https://www.care-international.org/,2026-09-10T06:52:26.570334+00:00,UNRESOLVED,0.0
,,Nielsen Media Research,,Wikidata,http://www.nielsen.com,2026-09-10T06:52:26.573170+00:00,UNRESOLVED,0.0
,,Great Eastern Life,,Wikidata,http://www.lifeisgreat.com.sg/,2026-09-10T06:52:26.574792+00:00,UNRESOLVED,0.0
,,Telemicro,,Wikidata,http://www.telemicro.com.do,2026-09-10T06:52:26.580950+00:00,UNRESOLVED,0.0
,,Sojitz,,Wikidata,https://www.sojitz.com/,2026-09-10T06:52:26.584083+00:00,UNRESOLVED,0.0
,,Nagra,,Wikidata,https://www.nagraaudio.com/,2026-09-10T06:52:26.585980+00:00,UNRESOLVED,0.0
,,Wienerberger,19078,Wikidata,https://www.wienerberger.com/,2026-09-10T06:52:26.587714+00:00,UNRESOLVED,0.0
,,Radvision,430,Wikidata,http://www.radvision.com,2026-09-10T06:52:26.589520+00:00,UNRESOLVED,0.0
,,Thomas Magnete,280,Wikidata,http://www.thomas-magnete.com,2026-09-10T06:52:26.591329+00:00,UNRESOLVED,0.0
,,SED Systems,315,Wikidata,http://www.sedsystems.ca/,2026-09-10T06:52:26.593147+00:00,UNRESOLVED,0.0
,,Games Workshop,,Wikidata,https://www.warhammer.com/,2026-09-10T06:52:26.594976+00:00,UNRESOLVED,0.0
,,Wirecard,5154,Wikidata,https://www.wirecard.com/,2026-09-10T06:52:26.596740+00:00,UNRESOLVED,0.0
,,Brisa – Auto-estradas de Portugal,,Wikidata,http://www.brisa.pt/,2026-09-10T06:52:26.598509+00:00,UNRESOLVED,0.0
,,Ring of Honor,,Wikidata,https://www.rohwrestling.com/,2026-09-10T06:52:26.600407+00:00,UNRESOLVED,0.0
,,FrieslandCampina Germany,,Wikidata,https://www.frieslandcampina.de/,2026-09-10T06:52:26.602177+00:00,UNRESOLVED,0.0
,,China National Petroleum Corporation,1589508,Wikidata,http://www.cnpc.com.cn:81/cnpc/index.shtml,2026-09-10T06:52:26.604057+00:00,UNRESOLVED,0.0
,,China National Petroleum Corporation,1589508,Wikidata,http://www.cnpc.com.cn/,2026-09-10T06:52:26.605933+00:00,UNRESOLVED,0.0
,,China National Petroleum Corporation,1589508,Wikidata,http://www.cnpc.com.cn/en/,2026-09-10T06:52:26.607788+00:00,UNRESOLVED,0.0
,,China National Petroleum Corporation,1589508,Wikidata,http://www.cnpc.com.cn/es/,2026-09-10T06:52:26.609617+00:00,UNRESOLVED,0.0
,,China National Petroleum Corporation,1589508,Wikidata,http://www.cnpc.com.cn/ru/,2026-09-10T06:52:26.611496+00:00,UNRESOLVED,0.0
,,Milkyway Image,,Wikidata,http://www.milkywayimage.com/,2026-09-10T06:52:26.613220+00:00,UNRESOLVED,0.0
,,The Bank of New York Mellon,,Wikidata,https://www.bnymellon.com/,2026-09-10T06:52:26.614979+00:00,UNRESOLVED,0.0
,,MyHeritage,430,Wikidata,https://www.myheritage.com/,2026-09-10T06:52:26.616923+00:00,UNRESOLVED,0.0
,,MyHeritage,430,Wikidata,https://www.myheritage.fr/,2026-09-10T06:52:26.618645+00:00,UNRESOLVED,0.0
,,Lotus Bakeries,,Wikidata,http://www.lotusbakeries.com/,2026-09-10T06:52:26.620400+00:00,UNRESOLVED,0.0
,,Anton Heldwein,,Wikidata,http://www.heldwein.at/,2026-09-10T06:52:26.622108+00:00,UNRESOLVED,0.0
,,Barclays Investment Bank,25000,Wikidata,https://www.ib.barclays,2026-09-10T06:52:26.623808+00:00,UNRESOLVED,0.0
,,PKP Intercity,8936,Wikidata,https://www.intercity.pl/,2026-09-10T06:52:26.625542+00:00,UNRESOLVED,0.0
,,Anton Häring KG,,Wikidata,http://www.anton-haering.de/,2026-09-10T06:52:26.627288+00:00,UNRESOLVED,0.0
,,Empresas ICA,,Wikidata,http://www.ica.com.mx,2026-09-10T06:52:26.629222+00:00,UNRESOLVED,0.0
,,Chery Automobile,48000,Wikidata,http://www.cheryinternational.com/,2026-09-10T06:52:26.630984+00:00,UNRESOLVED,0.0
,,Chery Automobile,48000,Wikidata,https://www.chery.cn/,2026-09-10T06:52:26.632741+00:00,UNRESOLVED,0.0
,,Barratt Developments,,Wikidata,http://www.barrattdevelopments.co.uk/,2026-09-10T06:52:26.634464+00:00,UNRESOLVED,0.0
,,Steyr Arms,150,Wikidata,https://www.steyr-arms.com/de/,2026-09-10T06:52:26.636396+00:00,UNRESOLVED,0.0
,,Steyr Arms,150,Wikidata,https://www.steyr-arms.com/en/,2026-09-10T06:52:26.638167+00:00,UNRESOLVED,0.0
,,Citibank Argentina,,Wikidata,https://www.argentina.citibank.com/ARGCB/JPS/portal/Index.do,2026-09-10T06:52:26.639893+00:00,UNRESOLVED,0.0
,,Minsk Tractor Works,15377,Wikidata,http://belarus-tractor.com,2026-09-10T06:52:26.641612+00:00,UNRESOLVED,0.0
,,Eizo,,Wikidata,https://www.eizo.co.jp/,2026-09-10T06:52:26.643420+00:00,UNRESOLVED,0.0
,,Zepter International,,Wikidata,http://zepter.com,2026-09-10T06:52:26.645467+00:00,UNRESOLVED,0.0
,,Pro Wrestling Guerrilla,,Wikidata,http://www.prowrestlingguerrilla.com/,2026-09-10T06:52:26.647515+00:00,UNRESOLVED,0.0
,,Anton Paar,,Wikidata,https://www.anton-paar.com/,2026-09-10T06:52:26.649400+00:00,UNRESOLVED,0.0
,,Ehemalige Likörfabrik Anton Riemerschmid,,Wikidata,http://www.riemerschmid.de,2026-09-10T06:52:26.651318+00:00,UNRESOLVED,0.0
,,Borsalino,,Wikidata,https://www.borsalino.com,2026-09-10T06:52:26.653455+00:00,UNRESOLVED,0.0
,,National Iranian Oil Company,,Wikidata,http://en.nioc.ir/Portal/Home/,2026-09-10T06:52:26.655227+00:00,UNRESOLVED,0.0
,,Datel,,Wikidata,http://www.datel.co.uk,2026-09-10T06:52:26.656949+00:00,UNRESOLVED,0.0
,,BT Group,104399,Wikidata,http://www.bt.com/about,2026-09-10T06:52:26.658753+00:00,UNRESOLVED,0.0
,,Hiroshima Telecasting,,Wikidata,https://www.htv.jp/,2026-09-10T06:52:26.660554+00:00,UNRESOLVED,0.0
,,New Brunswick Liquor Corporation,,Wikidata,http://www.nbliquor.com/,2026-09-10T06:52:26.662391+00:00,UNRESOLVED,0.0
,,Arisem,,Wikidata,http://www.arisem.com/en,2026-09-10T06:52:26.664118+00:00,UNRESOLVED,0.0
,,Global Crossing,,Wikidata,http://www.globalcrossing.com/,2026-09-10T06:52:26.671672+00:00,UNRESOLVED,0.0
,,Preem,,Wikidata,https://www.preem.com,2026-09-10T06:52:26.673148+00:00,UNRESOLVED,0.0
,,Start International Polska,,Wikidata,http://www.start.it.pl/,2026-09-10T06:52:26.674969+00:00,UNRESOLVED,0.0
,,Garnier,,Wikidata,https://www.garnierusa.com/,2026-09-10T06:52:26.676815+00:00,UNRESOLVED,0.0
,,Carmeuse,4000,Wikidata,http://www.carmeuse.com/,2026-09-10T06:52:26.678642+00:00,UNRESOLVED,0.0
,,MeMZ,,Wikidata,http://www.memz.com.ua,2026-09-10T06:52:26.680702+00:00,UNRESOLVED,0.0
,,Tsinghua Tongfang Company,14700,Wikidata,http://www.thtf.com.cn/,2026-09-10T06:52:26.682732+00:00,UNRESOLVED,0.0
,,The Hongkong and Shanghai Banking Corporation Limited,20000,Wikidata,http://www.hsbc.com.hk,2026-09-10T06:52:26.684585+00:00,UNRESOLVED,0.0
,,Chelyabinsk Tractor Plant,,Wikidata,http://www.chtz-uraltrac.ru,2026-09-10T06:52:26.686342+00:00,UNRESOLVED,0.0
,,Saras,,Wikidata,https://www.saras.it/,2026-09-10T06:52:26.688131+00:00,UNRESOLVED,0.0
,,Permasteelisa,,Wikidata,http://www.permasteelisagroup.com/,2026-09-10T06:52:26.689895+00:00,UNRESOLVED,0.0
,,"Nasdaq Vilnius, AB",,Wikidata,https://www.nasdaqbaltic.com,2026-09-10T06:52:26.691670+00:00,UNRESOLVED,0.0
,,Digi,16912,Wikidata,https://www.digi-communications.ro/,2026-09-10T06:52:34.301500+00:00,UNRESOLVED,0.0
,,Bavaria Petrol,,Wikidata,http://www.bavaria-petrol.de/,2026-09-10T06:52:34.308983+00:00,UNRESOLVED,0.0
,,Münchner Synchron,,Wikidata,http://www.bavaria-synchron.de,2026-09-10T06:52:34.313062+00:00,UNRESOLVED,0.0
,,Bavaria Studios & Production Services,,Wikidata,http://www.bavaria-studios.de/,2026-09-10T06:52:34.316890+00:00,UNRESOLVED,0.0
,,Bavaria Studios & Production Services,,Wikidata,https://www.bavaria-studios.de/,2026-09-10T06:52:34.319788+00:00,UNRESOLVED,0.0
,,Bavarian Nordic,1653,Wikidata,https://www.bavarian-nordic.com,2026-09-10T06:52:34.322448+00:00,UNRESOLVED,0.0
,,BayWa,,Wikidata,https://www.baywa.com/,2026-09-10T06:52:34.324877+00:00,UNRESOLVED,0.0
,,Bayer Business Services,,Wikidata,http://www.bayerbbs.de,2026-09-10T06:52:34.327412+00:00,UNRESOLVED,0.0
,,Bayer CropScience,,Wikidata,http://www.cropscience.bayer.com,2026-09-10T06:52:34.329941+00:00,UNRESOLVED,0.0
,,Bayer HealthCare,,Wikidata,http://www.bayerhealthcare.com/,2026-09-10T06:52:34.332049+00:00,UNRESOLVED,0.0
,,Bayer Technology Services,,Wikidata,http://www.bayertechnology.com,2026-09-10T06:52:34.334132+00:00,UNRESOLVED,0.0
,,Covestro,16501,Wikidata,https://www.covestro.com,2026-09-10T06:52:34.336299+00:00,UNRESOLVED,0.0
,,Bayerische Eisenbahngesellschaft,44,Wikidata,http://beg.bahnland-bayern.de/,2026-09-10T06:52:34.338487+00:00,UNRESOLVED,0.0
,,Bayerische Hausbau,,Wikidata,https://www.hausbau.de,2026-09-10T06:52:34.340448+00:00,UNRESOLVED,0.0
,,Bayerische Hypotheken- und Wechsel-Bank,15000,Wikidata,http://www.hypo.de/,2026-09-10T06:52:34.342339+00:00,UNRESOLVED,0.0
,,Bayerngas,252,Wikidata,https://www.bayerngas.de,2026-09-10T06:52:34.344288+00:00,UNRESOLVED,0.0
,,Bayernland,700,Wikidata,https://www.bayernland.de/,2026-09-10T06:52:34.346174+00:00,UNRESOLVED,0.0
,,Bayernoil,,Wikidata,http://www.bayernoil.de/,2026-09-10T06:52:34.348071+00:00,UNRESOLVED,0.0
,,Baygon,,Wikidata,http://www.baygon.com/,2026-09-10T06:52:34.349912+00:00,UNRESOLVED,0.0
,,Bbg Berliner Baugenossenschaft,,Wikidata,https://bbg-eg.de/,2026-09-10T06:52:34.351811+00:00,UNRESOLVED,0.0
,,Bbv-LandSiedlung,,Wikidata,http://www.bbv-ls.de/,2026-09-10T06:52:34.353756+00:00,UNRESOLVED,0.0
,,Bburago,,Wikidata,http://www.bburago.com/,2026-09-10T06:52:34.355557+00:00,UNRESOLVED,0.0
,,Beamish and Crawford,,Wikidata,https://beamish.ie/,2026-09-10T06:52:34.357407+00:00,UNRESOLVED,0.0
,,Beamtenversicherungsverein,,Wikidata,https://www.bvv.de/,2026-09-10T06:52:34.359221+00:00,UNRESOLVED,0.0
,,BearingPoint,3500,Wikidata,http://www.bearingpoint.com,2026-09-10T06:52:34.360996+00:00,UNRESOLVED,0.0
,,Beatport,,Wikidata,https://www.beatport.com,2026-09-10T06:52:34.362731+00:00,UNRESOLVED,0.0
,,Bechtel,44000,Wikidata,http://www.bechtel.com,2026-09-10T06:52:34.364729+00:00,UNRESOLVED,0.0
